Rule_ID,D_r,E_r,C_r,Obsolescence,Surprise,AdaptiveScore,AdaptiveWeight,Status
622,-0.35696145656293343,6.158094888685357,-0.165152669518842,1.4089951906508953,6.158094888685357,2.9485189128222347,0.0,ADAPT
621,-0.33411963507784875,3.9139254724584114,-0.4578913438434039,0.7804786233842896,3.9139254724584114,1.7589599914988925,0.0,ADAPT
247,-0.19217263474574614,3.0304405776905163,-0.10674168278341045,0.6828815650403399,3.0304405776905163,1.440491709462969,0.0,ADAPT
612,-0.18499091601711307,2.8887679147134273,-0.1111664615444724,0.6481526342879604,2.8887679147134273,1.3703446129663173,0.0,ADAPT
549,-0.2501489577838989,2.641867521634401,-0.39066987047998586,0.5002621733426291,2.641867521634401,1.1607290537512294,0.0,ADAPT
609,-0.2391138721209635,2.472355546452676,-0.39289691144581845,0.46008619072147344,2.472355546452676,1.0781750773346424,0.0,ADAPT
597,-0.26726933520873625,2.347854502563906,-0.15393932290140455,0.4816614611134413,2.347854502563906,1.0686250867544178,0.0,ADAPT
596,-0.24442751372365157,2.312868225125888,-0.45241165094063174,0.4040072651154012,2.312868225125888,0.9822243213968732,0.017775678603126788,ADAPT
492,-0.12367891539197876,2.0505653327548035,-0.0771747836449237,0.46242790842947523,2.0505653327548035,0.9750692416181761,0.024930758381823903,ADAPT
594,-0.19637275586551797,2.0350973600819406,-0.38542460294203834,0.3633250003185961,2.0350973600819406,0.8720993403390813,0.12790065966091868,ADAPT
616,-0.21407187090976576,1.9623360633024045,-0.410449510637051,0.33445367043889696,1.9623360633024045,0.8250376862644981,0.17496231373550186,ADAPT
372,-0.18572837914395673,1.7529505451882121,-0.06251343061985981,0.3761771838560989,1.7529505451882121,0.8144148201531519,0.18558517984684808,ADAPT
525,-0.21453827970853112,1.8303072844256232,-0.4144445095626013,0.3003311237886227,1.8303072844256232,0.7579079448950286,0.24209205510497145,ADAPT
122,-0.18259782375119657,1.6711806010268893,-0.1289144152063919,0.3399170905173252,1.6711806010268893,0.7577122407740475,0.24228775922595247,ADAPT
121,-0.15975600226611184,1.644900553796023,-0.23365371466526014,0.3128727092161628,1.644900553796023,0.7240978476651685,0.2759021523348315,ADAPT
571,-0.1726323038152728,1.6680393048681055,-0.2859794096387896,0.3023568978535108,1.6680393048681055,0.7193667240705371,0.28063327592946286,ADAPT
397,-0.09899343608978492,1.5237714372867663,-0.09473715055969056,0.33251021265932273,1.5237714372867663,0.7134530719810144,0.2865469280189856,ADAPT
605,-0.1974276700072281,1.6568781545011333,-0.392359686651429,0.26677269946061904,1.6568781545011333,0.6809922380859024,0.31900776191409763,ADAPT
373,-0.16865928226767474,1.572315564595508,-0.27733497431088705,0.2815803270042366,1.572315564595508,0.6746592181531136,0.3253407818468864,ADAPT
517,-0.09218044892457364,1.4376300769936472,-0.11094180390318231,0.30862695604147283,1.4376300769936472,0.6680344752898846,0.3319655247101154,ADAPT
97,-0.09290570239699938,1.3271812940632026,-0.14348785871964687,0.27269693323663907,1.3271812940632026,0.6044922567524398,0.3955077432475602,ADAPT
574,-0.2446253101252222,1.480114899449497,-0.3619136923948505,0.21839397423235607,1.480114899449497,0.5884226990947303,0.41157730090526967,ADAPT
224,-0.1516316982164137,1.379066059212064,-0.35212643341342864,0.21882698189555544,1.379066059212064,0.5635934966985714,0.4364065033014286,ADAPT
124,-0.23174900857606123,1.4099583541668852,-0.3427591865439841,0.20886253976171,1.4099583541668852,0.5613521283034313,0.4386478716965687,ADAPT
604,-0.24426878821621834,1.4073703691892157,-0.40689405927054634,0.18905188042561277,1.4073703691892157,0.5408944727229167,0.4591055272770833,ADAPT
614,-0.23414210084197776,1.361656298414084,-0.3692980913868214,0.18955402654632125,1.361656298414084,0.5299681011498423,0.4700318988501577,ADAPT
544,-0.13010119361581587,1.224455377125096,-0.2954150305729747,0.19973478823407634,1.224455377125096,0.5058486325153503,0.4941513674846497,ADAPT
470,-0.03629686065365606,0.9565475530022025,0.05180800562620874,0.2430146744936888,0.9565475530022025,0.4821515627442394,0.5178484372557606,ADAPT
600,-0.26957940182461076,1.3181204772745165,-0.5176112055324387,0.1327324674793668,1.3181204772745165,0.4622625867979959,0.5377374132020041,ADAPT
471,-0.13119273672077986,1.1182869640494393,-0.34693977221668715,0.16003861377799306,1.1182869640494393,0.4396103547903529,0.5603896452096471,ADAPT
117,-0.06255005958311355,0.9663148807403736,-0.12363007677430704,0.19503368609573826,0.9663148807403736,0.43661240628083164,0.5633875937191684,ADAPT
449,-0.1313905331223505,1.082067265588375,-0.344058293774053,0.15165460967299288,1.082067265588375,0.4221714260700866,0.5778285739299134,ADAPT
582,-0.10027056594190156,0.907363815157533,-0.11176229268006799,0.17383273913389086,0.907363815157533,0.4006736929232741,0.5993263070767259,ADAPT
454,-0.04134188985914944,0.8144808874010836,-0.00971888491668127,0.19085502815631322,0.8144808874010836,0.3944752500065841,0.6055247499934159,ADAPT
496,-0.22088485807497704,1.1125014874613595,-0.44364023520678275,0.11199409854489992,1.1125014874613595,0.39011947041023975,0.6098805295897602,ADAPT
546,-0.1781559514739495,0.9834385775680212,-0.28301978940788064,0.13056570917154778,0.9834385775680212,0.3764253535635531,0.6235746464364469,ADAPT
246,-0.1693308132606615,0.9397032346296095,-0.2786340815409561,0.12293458495699798,0.9397032346296095,0.35786039361440036,0.6421396063855996,ADAPT
523,-0.19515911621637458,0.9856380541811386,-0.35317157983160447,0.10932683953328988,0.9856380541811386,0.35573635307857454,0.6442636469214255,ADAPT
394,-0.028096856746566645,0.7154805728827771,-0.005264802985016304,0.17052972828779853,0.7154805728827771,0.34939987150849283,0.6506001284915072,ADAPT
482,-0.07672791029322709,0.7659243593241829,-0.07420539569048046,0.15374776333511883,0.7659243593241829,0.3452288531661646,0.6547711468338354,ADAPT
542,-0.08095000879095118,0.7687086499754874,-0.10879290472562464,0.1447414341147279,0.7687086499754874,0.33691859660859974,0.6630814033914003,ADAPT
547,-0.20099777295903415,0.8178704840393114,-0.1199867158959933,0.12422149879607097,0.8178704840393114,0.3286891198058988,0.6713108801941012,ADAPT
602,-0.19511760339135362,0.8054004727788606,-0.1059504971771279,0.12608309305259477,0.8054004727788606,0.32743321124730995,0.67256678875269,ADAPT
123,-0.16552872687491454,0.8741738687945011,-0.27515677196272637,0.10837209248921503,0.8741738687945011,0.3269155596878403,0.6730844403121596,ADAPT
250,-0.19448270136162066,0.9301486655794688,-0.3651272734376526,0.09263467269504891,0.9301486655794688,0.3251718390899161,0.6748281609100839,ADAPT
610,-0.19227275391197327,0.9121492095731272,-0.3717400222704097,0.08703410834768605,0.9121492095731272,0.31507141074096784,0.6849285892590322,ADAPT
607,-0.18996268729609875,0.7831569860458234,-0.12367891539197873,0.11737884583943647,0.7831569860458234,0.3131680923508923,0.6868319076491076,ADAPT
615,-0.18730098263298753,0.8781801233369815,-0.35185293715446675,0.08475655088738179,0.8781801233369815,0.30430158172162713,0.6956984182783729,ADAPT
199,-0.07983648830803494,0.7533623416345455,-0.21585692238566878,0.11441723273521046,0.7533623416345455,0.30275781814384684,0.6972421818561532,ADAPT
102,-0.020753970579616754,0.6062625951552276,-0.04694367930610088,0.1346412363173775,0.6062625951552276,0.2862068851061844,0.7137931148938156,STABLE
114,-0.059778468030240894,0.6444223062018734,-0.15548262321983242,0.10729030373795001,0.6444223062018734,0.2683958802884183,0.7316041197115817,STABLE
237,-0.020202094199925802,0.5629264932065619,-0.04250913282150459,0.12505381654628286,0.5629264932065619,0.26578543984792335,0.7342145601520766,STABLE
519,-0.14133163374943836,0.7635870876211723,-0.3277950340893552,0.0736151049455947,0.7635870876211723,0.2645118768508878,0.7354881231491122,STABLE
349,-0.14518744261462424,0.7244977492790299,-0.3610248295532243,0.05457136927779534,0.7244977492790299,0.2356958065975528,0.7643041934024473,STABLE
583,-0.08320146906561957,0.643830235754274,-0.27262693156732887,0.0720004587803314,0.643830235754274,0.2329580177188999,0.7670419822811001,STABLE
516,-0.06933862743948893,0.6229474645722057,-0.254068256852058,0.0748851450701647,0.6229474645722057,0.23062201121321613,0.7693779887867839,STABLE
352,-0.02388452597237689,0.4624645270187099,-0.005645744202856129,0.10823356421086922,0.4624645270187099,0.22384969596554669,0.7761503040344533,STABLE
512,-0.04025767254683621,0.4970585988930274,-0.07190998065990739,0.09622273642157095,0.4970585988930274,0.2204873861448278,0.7795126138551722,STABLE
364,-0.06290902342300103,0.5644678673360739,-0.19970110765984872,0.07546443406330605,0.5644678673360739,0.21658140089732453,0.7834185991026754,STABLE
395,0.018744261462423584,0.3414848726080625,0.15653753736154258,0.12919166785800718,0.3414848726080625,0.2145628860100228,0.7854371139899772,STABLE
297,-0.02976469554005745,0.46021411403187307,-0.03288792514016681,0.0993903733379122,0.46021411403187307,0.21444390184588047,0.7855560981541195,STABLE
475,-0.15634462482173905,0.6955080238190525,-0.3840571216472289,0.03877656933752115,0.6955080238190525,0.2126535752922843,0.7873464247077158,STABLE
107,-0.015599054484361885,0.44671672231624115,-0.06467209752095182,0.09161139257773186,0.44671672231624115,0.20329057315679216,0.7967094268432078,STABLE
557,-0.02847535603352286,0.4251065538454013,-0.06164410322530234,0.08374677364664403,0.4251065538454013,0.19002341210799434,0.8099765878920057,STABLE
94,-0.022009123053781082,0.3908445597141027,-0.006827638750512732,0.09050194947745221,0.3908445597141027,0.1882130894059779,0.8117869105940221,STABLE
577,-0.10542548203715643,0.4738446753057267,-0.09180683349938468,0.06915308994229641,0.4738446753057267,0.1876142587687281,0.8123857412312719,STABLE
369,-0.11483179980073846,0.5755348495605999,-0.30132450331125826,0.03984463661215079,0.5755348495605999,0.18372834900230076,0.8162716509976993,STABLE
479,-0.13103401121334662,0.6074224530366878,-0.3529469221903143,0.030860379908256727,0.6074224530366878,0.1827159931674287,0.8172840068325713,STABLE
96,-0.07006388091191465,0.5380510464076289,-0.28053878763015483,0.046862094466389864,0.5380510464076289,0.1813748560682971,0.8186251439317029,STABLE
464,-0.03121520248490886,0.3874494677432341,-0.023784406806149683,0.08311246461304389,0.3874494677432341,0.1799748315488524,0.8200251684511476,STABLE
244,-0.12127605540252787,0.5779125499502652,-0.3433550176795796,0.02832036921703944,0.5779125499502652,0.17279850670460573,0.8272014932953943,STABLE
554,-0.08278145695364239,0.4796313720494963,-0.20258258610248303,0.04856683224834271,0.4796313720494963,0.1684746752607168,0.8315253247392832,STABLE
344,-0.025139678446541247,0.36225510048797904,-0.027457070855066545,0.07741458779659281,0.36225510048797904,0.1679783629185876,0.8320216370814124,STABLE
495,-0.12598898200785325,0.5571931637185092,-0.3310574537498291,0.025036681990206727,0.5571931637185092,0.16433497291983404,0.835665027080166,STABLE
559,-0.07762654085838755,0.4628425792704587,-0.1922971732208092,0.048229716297815486,0.4628425792704587,0.16394036111543014,0.8360596388845698,STABLE
308,0.15982681826173592,-0.6550631189036787,0.48644239973431797,-0.0021984752269062074,0.6550631189036787,0.16156730449901346,0.8384326955009865,STABLE
61,0.1737018695422845,-0.4367306506678661,0.4717810467092539,0.05218806639591808,0.4367306506678661,0.1613707290628846,0.8386292709371154,STABLE
51,0.16357518216804393,-0.11579179354232397,0.4806696751255153,0.1321132659378088,0.11579179354232397,0.1610612143233898,0.8389387856766102,STABLE
398,-0.0819243392135029,0.5221587179852569,-0.32196370313934636,0.02956766890810192,0.5221587179852569,0.16010734840441615,0.8398926515955838,STABLE
313,0.16479858954072163,-0.09984670422660535,0.47392017816327725,0.1347180158693484,0.09984670422660535,0.15967969192599973,0.8403203080740003,STABLE
56,0.16873009826329877,-0.7625949516766344,0.46516829787649694,-0.03217413888420967,0.7625949516766344,0.15847459903494893,0.841525400965051,STABLE
149,-0.09659057610033403,0.5046007390859191,-0.27925921584715463,0.032187736784607596,0.5046007390859191,0.15833792155608736,0.8416620784439126,STABLE
11,0.15694778174998536,-0.09984670422660535,0.4755220848229112,0.1331557905865728,0.09984670422660535,0.15811746664322412,0.8418825333567759,STABLE
36,0.16817822188360781,-0.3732681128155295,0.46297056008126747,0.06447016728733644,0.3732681128155295,0.15778719549121883,0.8422128045087811,STABLE
311,0.1705713141495243,-0.17220029468168677,0.46000117212682406,0.1145930478986654,0.17220029468168677,0.15764312156908708,0.8423568784309129,STABLE
286,0.16504766649084762,-0.05751996288624235,0.46369337162280966,0.14280526880685374,0.05751996288624235,0.15718525952841433,0.8428147404715857,STABLE
306,0.16559954287053857,-0.36418815663563253,0.46147609838051146,0.06572187115385437,0.36418815663563253,0.15676891031276252,0.8432310896872375,STABLE
63,0.1679291449334818,-0.19382581451976139,0.45764715075504503,0.10793762029219137,0.19382581451976139,0.15639407392213173,0.8436059260778683,STABLE
586,-0.07245697317783117,0.49320817178143617,-0.29387173025454694,0.031719867087264514,0.49320817178143617,0.15502191003262356,0.8449780899673764,STABLE
301,0.16044462677528373,-0.35404752068716383,0.4585457813202055,0.06623572185208135,0.35404752068716383,0.1547476020238723,0.8452523979761277,STABLE
181,0.15915528726874917,-0.040086794884879026,0.4585555490437399,0.1444060103569025,0.040086794884879026,0.15442770907812226,0.8455722909218777,STABLE
26,0.15805153450936726,-0.28111584242719945,0.4592881283088164,0.08405595509774605,0.28111584242719945,0.1543349157045459,0.8456650842954541,STABLE
161,0.15860341088905822,-0.04997545719656575,0.4578327375021977,0.14161517279867256,0.04997545719656575,0.15410903709781398,0.845890962902186,STABLE
156,0.15363163961007248,-0.5754294440599249,0.46225751626325967,0.01011492795335181,0.5754294440599249,0.15397228896833304,0.846027711031667,STABLE
183,0.1533825626599465,-0.318951129648707,0.46138818886870225,0.07395490546998544,0.318951129648707,0.15369268788216217,0.8463073121178378,STABLE
288,0.15927494188204497,-0.7596512714421483,0.45476567231241083,-0.03640266431192313,0.7596512714421483,0.15351015354861394,0.846489846451386,STABLE
31,0.1632064506046221,-0.6857777617823659,0.4467561390142413,-0.01895379304087562,0.6857777617823659,0.15249064740471585,0.8475093525952841,STABLE
38,0.16240549727480513,-0.42173578029902875,0.44735197014983685,0.04700542178140331,0.42173578029902875,0.1524393668561605,0.8475606331438394,STABLE
348,-0.0789671609134775,0.5008447518485402,-0.31316298423489425,0.027178651675042104,0.5008447518485402,0.15238983963717714,0.8476101603628229,STABLE
58,0.16295737365449608,-0.40228561121546025,0.4451444646310731,0.051454056767527234,0.40228561121546025,0.1520254595713923,0.8479745404286076,STABLE
6,0.15197601047099962,-0.07456506155278436,0.4526558440289907,0.13251669823680148,0.07456506155278436,0.15115796362499756,0.8488420363750024,STABLE
303,0.15467190216648108,-0.36094497777389817,0.44963761745687547,0.060841135462364596,0.36094497777389817,0.15107737990583914,0.8489226200941609,STABLE
186,0.16412705854773488,-0.09984670422660535,0.44010431928734695,0.12609616840211912,0.09984670422660535,0.15105784445877046,0.8489421555412295,STABLE
283,0.15430317060305926,-0.6770562202829266,0.4488659672976616,-0.01847177059555144,0.6770562202829266,0.1507922844751802,0.8492077155248198,STABLE
188,0.1583543339389322,-0.09984670422660535,0.4444314208130653,0.12573476263134803,0.09984670422660535,0.15069643868799937,0.8493035613120006,STABLE
281,0.1600758952118619,-0.13207298991614047,0.4393619722987361,0.11684121939861439,0.13207298991614047,0.1498594668776495,0.8501405331223505,STABLE
13,0.15117505714118268,-0.584275767134901,0.4466877649495009,0.003396763738945638,0.584275767134901,0.1494657055226709,0.8505342944773291,STABLE
447,-0.0822393482974858,0.38044872050866974,-0.0808083767997031,0.05435024885287021,0.38044872050866974,0.14946242898003764,0.8505375710199623,STABLE
234,-0.0743250503037762,0.4344722825357871,-0.197464298970482,0.040670733315382235,0.4344722825357871,0.14928880394932903,0.850711196050671,STABLE
176,0.1540003711734943,-0.04030720998990707,0.4430541717947215,0.13918683324457717,0.04030720998990707,0.14926363574205395,0.8507363642579461,STABLE
33,0.15743372599581942,-0.3811405146102663,0.4377893688097052,0.053520645048814576,0.3811405146102663,0.14880577370138115,0.8511942262986189,STABLE
1,0.14682109437574478,-0.02218400961245323,0.4452909804840884,0.14248201631184498,0.02218400961245323,0.1480280187149583,0.8519719812850417,STABLE
74,-0.07026167731348534,0.42497927615041514,-0.1878626267362128,0.041713743025179245,0.42497927615041514,0.14795856206278302,0.852041437937217,STABLE
28,0.15227880990056458,-0.3652088395713682,0.4392740627869268,0.056586008279030806,0.3652088395713682,0.14788821817187287,0.8521117818281272,STABLE
499,-0.29287786438492647,0.7005587660271518,-0.5174353865088203,-0.027438621216648723,0.7005587660271518,0.14770107029013924,0.8522989297098608,STABLE
163,0.15283068628025553,-0.09984670422660535,0.4378577428744457,0.12271043123202396,0.09984670422660535,0.1476721072886753,0.8523278927113247,STABLE
315,0.14541942604856511,-0.32454941375043656,0.44512492918400437,0.06649873537053323,0.32454941375043656,0.14763608880814238,0.8523639111918576,STABLE
136,0.1473729707554357,-0.0841724775786431,0.4430541717947215,0.12656366624287851,0.0841724775786431,0.1476067856375393,0.8523932143624607,STABLE
310,0.1404476547695794,-0.26158117730623853,0.449539940221532,0.08210160442121822,0.26158117730623853,0.14749689874777785,0.8525031012522222,STABLE
53,0.15780245755924124,-0.38793630738912716,0.42899841762878743,0.04971614194972538,0.38793630738912716,0.14670021879700718,0.8532997812029928,STABLE
65,0.14854998144132528,-0.3698369105109507,0.43622653304420866,0.053734900993645814,0.3698369105109507,0.14619412862138348,0.8538058713786165,STABLE
276,0.15492097911660707,-0.09984670422660535,0.42901795307585616,0.12102305699146447,0.09984670422660535,0.14598473304811582,0.8540152669518841,STABLE
151,0.1484767235148176,-0.09376982427752356,0.43492742581413973,0.12240858126285845,0.09376982427752356,0.14585103733223934,0.8541489626677606,STABLE
263,0.1480445017484225,-0.09984670422660535,0.43269061712477286,0.12022210366164751,0.09984670422660535,0.14518377971829885,0.8548162202817011,STABLE
8,0.14620328586219694,-0.584198444393894,0.4341362402078572,-0.0009647295809599721,0.584198444393894,0.14508488151751353,0.8549151184824865,STABLE
261,0.15381722635722517,-0.3437291081302325,0.42609740373908456,0.05904638049151931,0.3437291081302325,0.14497865752407743,0.8550213424759225,STABLE
458,0.030033307937252146,0.1968314631030731,0.15514075289613005,0.09550138098411382,0.1968314631030731,0.1447092467598821,0.8552907532401179,STABLE
158,0.1478589150012698,-0.12388380311905867,0.42901795307585616,0.11324826623951682,0.12388380311905867,0.14421921701928148,0.8557807829807185,STABLE
480,-0.0841928930043564,0.4932996479227215,-0.32879134188985915,0.020078853257126494,0.4932996479227215,0.14340376523780687,0.8565962347621932,STABLE
452,0.007809294965715308,0.2524917462268002,0.060657563148332705,0.08023965108521205,0.2524917462268002,0.14336258764191212,0.8566374123580879,STABLE
138,0.14160024614663308,-0.09984670422660535,0.4297212291703296,0.11786869277258934,0.09984670422660535,0.14283036882924066,0.8571696311707593,STABLE
392,0.0210543280782981,0.23422388496874108,0.08055441598780988,0.08395815725871227,0.23422388496874108,0.14251412850089754,0.8574858714991025,STABLE
249,-0.2413238195706109,0.6050785226909605,-0.3994998925550411,-0.008936297358672865,0.6050785226909605,0.14233333331406728,0.8576666666859327,STABLE
305,0.13529273867432456,-0.256385451397036,0.4333743577721776,0.07807041126236654,0.256385451397036,0.14216677411162554,0.8578332258883745,STABLE
178,0.14822764656469162,-0.05827134897037063,0.42011955693606046,0.12751896363259535,0.05827134897037063,0.14208680087518802,0.857913199124812,STABLE
278,0.14914825450780442,-0.372249479715267,0.41790228369376226,0.04870026462157492,0.372249479715267,0.14176263455039168,0.8582373654496083,STABLE
131,0.14240119947645,-0.09984670422660535,0.42463224520893167,0.11679668511469407,0.09984670422660535,0.1417583611713454,0.8582416388286546,STABLE
485,-0.07903797690910157,0.47685092486200775,-0.30817167750883984,0.022410317611016584,0.47685092486200775,0.14162304882651852,0.8583769511734815,STABLE
425,-0.09007306257203697,0.5020350171001313,-0.35161851178964226,0.015085860684613026,0.5020350171001313,0.14059461495964587,0.8594053850403541,STABLE
40,0.14302633378264862,-0.09984670422660535,0.4178339096290219,0.11525338479626629,0.09984670422660535,0.14021506085291763,0.8597849391470824,STABLE
290,0.13989577838988845,-0.1410429494836219,0.42007071831838877,0.10473088680616383,0.1410429494836219,0.13999162417706928,0.8600083758229307,STABLE
55,0.1384232940670847,-0.537573458036503,0.42010978921252606,0.0052399063107769345,0.537573458036503,0.13963327081990268,0.8603667291800974,STABLE
60,0.14357821016233957,-0.6219664660021769,0.4148840571216472,-0.01587604967954752,0.6219664660021769,0.13961556682099668,0.8603844331790034,STABLE
185,0.13400339916778997,-0.09715734176236193,0.4237629178143742,0.11515224380495057,0.09715734176236193,0.13944157924554104,0.860558420754459,STABLE
444,-0.01134276895426753,0.285639566293998,-0.008302565004200124,0.06649855808388258,0.285639566293998,0.13790844965738208,0.8620915503426179,STABLE
3,0.14104836976694213,-0.27715817557789857,0.41055695559592886,0.0686117874462431,0.27715817557789857,0.13790133134071775,0.8620986686592822,STABLE
15,0.13179589364902616,-0.09984670422660535,0.41937720994744965,0.11283159984246761,0.09984670422660535,0.13779327589911894,0.8622067241008811,STABLE
190,0.13897517044677565,-0.6090406037641054,0.41048858153118833,-0.014894212946535354,0.6090406037641054,0.13736593799449098,0.8626340620055091,STABLE
374,-0.23487956396882143,0.587138557005018,-0.3929066791693528,-0.010161921533289042,0.587138557005018,0.13662271771796547,0.8633772822820345,STABLE
30,0.13289964640840807,-0.051547019075875486,0.413438434038563,0.1236977653427739,0.051547019075875486,0.13658452011174277,0.8634154798882572,STABLE
258,0.1430727304694368,-0.6288132595124035,0.40318232432749224,-0.02063955117886862,0.6288132595124035,0.13656376369923226,0.8634362363007677,STABLE
285,0.13492400711090274,-0.05680526037701575,0.4082615405653558,0.12159507182481069,0.05680526037701575,0.13579638691906462,0.8642036130809354,STABLE
126,0.1372462833811952,-0.21616713828993872,0.4024790482330188,0.08088954833106882,0.21616713828993872,0.1349313329035535,0.8650686670964465,STABLE
466,-0.011144972552696863,0.2298592294710215,0.09109378968137682,0.07745201164992536,0.2298592294710215,0.13491681901768074,0.8650831809823193,STABLE
133,0.13662847486764734,-0.24547959691149823,0.40243997733888137,0.07339721382375762,0.24547959691149823,0.1347671130516322,0.8652328869483679,STABLE
165,0.13345152278809902,-0.09984670422660535,0.4046572505811795,0.1095655172856683,0.09984670422660535,0.13452719334231963,0.8654728066576803,STABLE
153,0.14270399890601498,-0.057674564829746214,0.3950458106233761,0.12001881117491123,0.057674564829746214,0.13443745238234778,0.8655625476176523,STABLE
35,0.13805456250366288,-0.09984670422660535,0.3964718982593917,0.10866993913411231,0.09984670422660535,0.13363161519076366,0.8663683848092363,STABLE
160,0.12847975150911328,-0.23713533043738316,0.4046474828576452,0.07399797598234382,0.23713533043738316,0.13328180859168962,0.8667181914083104,STABLE
256,0.14884545507823943,-0.3280891551063002,0.3840668893707633,0.051205797335675624,0.3280891551063002,0.13322808611225068,0.8667719138877493,STABLE
180,0.1288484830725351,-0.051738466933831564,0.4023911387212097,0.11987528871497831,0.051738466933831564,0.1328099054484362,0.8671900945515638,STABLE
10,0.12682412237004043,-0.44818491034803287,0.3965012014299947,0.018785103363000558,0.44818491034803287,0.13083133095000876,0.8691686690499912,STABLE
265,0.12866533825626597,-0.5164172619253407,0.3891461056086269,0.00034854548488805204,0.5164172619253407,0.12945286096622322,0.8705471390337768,STABLE
280,0.12976909101564787,-0.5350063564639717,0.3876223407372678,-0.004403731177763992,0.5350063564639717,0.12934785793822892,0.8706521420617711,STABLE
140,0.12222108265447654,-0.4131839929223238,0.39429369591123087,0.0258326964108459,0.4131839929223238,0.12912869464142684,0.8708713053585732,STABLE
5,0.1216692062747856,-0.0378532376048452,0.3861864853777178,0.11750061351191456,0.0378532376048452,0.12696392291312586,0.8730360770868741,STABLE
251,0.14369053898298464,-0.6689828481771818,0.3626658071069957,-0.040656625521800355,0.6689828481771818,0.1265890865224951,0.8734109134775049,STABLE
253,0.13791781437418194,-0.09984670422660535,0.36555705327316423,0.1009070408551852,0.09984670422660535,0.12586871691183654,0.8741312830881635,STABLE
393,0.03812342495458007,0.13744927673096685,0.18607513332942627,0.0904119587537433,0.13744927673096685,0.12477427793648502,0.875225722063515,STABLE
155,0.12332483541385844,-0.09984670422660535,0.3743675399011507,0.09946141777210094,0.09984670422660535,0.12442309382875227,0.8755769061712477,STABLE
128,0.1314735587723925,-0.09984670422660535,0.36259743304225517,0.09855607189701057,0.09984670422660535,0.12351774795366191,0.8764822520463381,STABLE
135,0.11724931137549081,-0.17905082128186695,0.36701244407978273,0.07630273354335165,0.17905082128186695,0.12106543886381839,0.8789345611361816,STABLE
21,-0.015022758795835034,0.29947550192159456,-0.10234620719295162,0.045526633983201975,0.29947550192159456,0.12039550946360061,0.8796044905363993,STABLE
260,0.12369356697728026,-0.25610765195342866,0.3552032663267499,0.05569729533765038,0.25610765195342866,0.11972420832600755,0.8802757916739925,STABLE
130,0.112094395280236,-0.07010858385407259,0.3404344683428081,0.09560506994224288,0.07010858385407259,0.11313221590576103,0.8868677840942389,STABLE
354,-0.07303571079724158,0.3774129418242983,-0.23436675848326788,0.01750261813594721,0.3774129418242983,0.11185585359202178,0.8881441464079782,STABLE
255,0.11853865088202543,-0.25681285202441745,0.3264275527945457,0.04703833791303842,0.25681285202441745,0.11124155091914278,0.8887584490808572,STABLE
417,0.032284768211920556,0.17040881807075253,0.06498466467405106,0.06691956273918104,0.17040881807075253,0.10952176725686917,0.8904782327431309,STABLE
25,-0.04017464689679423,0.3294552153988999,-0.18139639375647115,0.026971043686408624,0.3294552153988999,0.1093348475361336,0.8906651524638665,STABLE
204,0.01021215495516617,0.19588365877458414,0.03450936724686948,0.06015129524415495,0.19588365877458414,0.10912220993780097,0.890877790062199,STABLE
462,0.017935982339955858,0.18313893841121198,0.049502822872101504,0.06264443590581734,0.18313893841121198,0.10842917050862033,0.8915708294913797,STABLE
291,0.11312489011311022,-0.18109784038012888,0.3120983023696497,0.06103133802565776,0.18109784038012888,0.10630579812068998,0.89369420187931,STABLE
357,-0.018729609877122022,0.22648070469132986,-0.009367246869444679,0.04959596198619079,0.22648070469132986,0.10621613815902325,0.8937838618409768,STABLE
41,0.11625544550587039,-0.17737578430702639,0.3062181328019692,0.0612744485002033,0.17737578430702639,0.1056183945769599,0.8943816054230401,STABLE
16,0.10502500537224793,-0.01028098138950466,0.30624743597257226,0.10024786498882889,0.01028098138950466,0.10281811033620505,0.897181889663795,STABLE
22,-0.03786458028091971,0.26454987177372047,-0.08743089335599452,0.03481359953420156,0.26454987177372047,0.10095106747763168,0.8990489325223683,STABLE
507,-0.04522944382582195,0.2714018923694463,-0.0954990329953701,0.03266835388706356,0.2714018923694463,0.10051882697942513,0.8994811730205748,STABLE
293,0.10735216550430755,-0.04557634236094124,0.29137119302975245,0.0882867540432797,0.04557634236094124,0.09968083963351501,0.900319160366485,STABLE
316,0.11864853777178691,-0.03825264924530067,0.2774521869932993,0.0894620188799464,0.03825264924530067,0.09902518119127157,0.9009748188087284,STABLE
598,-0.25020023833245425,0.5472376232416103,-0.4496962237980816,-0.03816470972223139,0.5472376232416103,0.09864469608817118,0.9013553039118288,STABLE
66,0.12177909316454705,-0.09984670422660535,0.27080036726640494,0.07318318905108666,0.09984670422660535,0.098144865107738,0.901855134892262,STABLE
209,0.015367071050420983,0.16506231017300643,0.04630877727636806,0.05668453962494887,0.16506231017300643,0.09795011716820048,0.9020498828317995,STABLE
318,0.11287581316298423,-0.09984670422660535,0.2780675535759636,0.07277416562808561,0.09984670422660535,0.09773584168473695,0.9022641583152631,STABLE
566,-0.052584539647189815,0.3547901641291422,-0.26958916954814516,0.008154113733451818,0.3547901641291422,0.09685165476573737,0.9031483452342626,STABLE
197,-0.030685303483170223,0.234464462638106,-0.05355642813885797,0.03755568275401945,0.234464462638106,0.09617179841354595,0.903828201586454,STABLE
43,0.11048272089706775,-0.09984670422660535,0.27290042782629076,0.07088411112418828,0.09984670422660535,0.09584578718083962,0.9041542128191604,STABLE
166,0.10668063451132079,-0.09984670422660535,0.27376975522084823,0.07015092137639092,0.09984670422660535,0.09511259743304226,0.9048874025669578,STABLE
362,-0.013757838598136285,0.2011778263992221,-0.009357479145910341,0.04451562716379387,0.2011778263992221,0.0948100837635994,0.9051899162364005,STABLE
416,0.055126589697005235,0.05406753139547876,0.21337592060794314,0.08064251042510678,0.05406753139547876,0.09415939327397647,0.9058406067260235,STABLE
456,0.03580603254605483,0.09982215453977072,0.13461876575045428,0.06756173820906997,0.09982215453977072,0.09251727684401265,0.9074827231559873,STABLE
18,0.09925228076344526,-0.1535285904108989,0.26854402312996933,0.05356692837062893,0.1535285904108989,0.09194907597335365,0.9080509240266463,STABLE
433,0.10182851784563088,-0.05243045704281926,0.26409970892183865,0.07837444243116257,0.05243045704281926,0.09148205669186737,0.9085179433081326,STABLE
431,0.10760124245443356,-0.2591859712158936,0.2501904706089199,0.02465143546186497,0.2591859712158936,0.08944792826583836,0.9105520717341616,STABLE
191,0.11220428216999745,-0.03837336459920762,0.24499404168864408,0.07970623981485847,0.03837336459920762,0.08929958096466037,0.9107004190353396,STABLE
68,0.11600636855574438,-0.09984670422660535,0.23894782082087945,0.06377687128750462,0.09984670422660535,0.08873854734415595,0.911261452655844,STABLE
295,0.08797300201215105,-0.26264869277024727,0.26625837582293066,0.02289567126620861,0.26264869277024727,0.08855784445877043,0.9114421555412295,STABLE
64,0.10170886323233508,-0.09984670422660535,0.2517044677567446,0.06339165669061858,0.09984670422660535,0.08835333274726992,0.9116466672527301,STABLE
438,0.1068002891246166,-0.09984670422660535,0.24561917599484262,0.06314319022321346,0.09984670422660535,0.0881048662798648,0.9118951337201352,STABLE
266,0.1018944499794878,-0.09984670422660535,0.2501904706089199,0.06305955409045058,0.09984670422660535,0.08802123014710192,0.911978769852898,STABLE
320,0.09349664967082773,-0.04692696622165403,0.25591435660005074,0.07562101001230612,0.04692696622165403,0.08735275156771963,0.9126472484322804,STABLE
436,0.11257301373341927,-0.13309781017067845,0.23466955791283278,0.0535361903688934,0.13309781017067845,0.08681064291156301,0.913189357088437,STABLE
411,0.10704936607474261,-0.11016128930195962,0.23764871359081052,0.05863419759089838,0.11016128930195962,0.08617451991638828,0.9138254800836118,STABLE
141,0.09545019437769833,-0.01495974520646709,0.24794389419601864,0.08210858584181246,0.01495974520646709,0.08584852214342924,0.9141514778565708,STABLE
193,0.10643155756119478,-0.12917532084674188,0.23600773603703923,0.05331599318787303,0.12917532084674188,0.0856098233995585,0.9143901766004415,STABLE
268,0.09612172537068511,-0.09984670422660535,0.24570708550665177,0.06049552666268288,0.09984670422660535,0.08545720271933421,0.9145427972806658,STABLE
413,0.10127664146593994,-0.09984670422660535,0.23973900642716212,0.06029223591662418,0.09984670422660535,0.08525391197327552,0.9147460880267245,STABLE
386,0.09581892594112015,-0.03269654829448293,0.24430053331770502,0.07685572774108557,0.03269654829448293,0.0850298648147063,0.9149701351852937,STABLE
168,0.10090790990251812,-0.48564560592108386,0.23828361562054345,-0.03661352009950557,0.48564560592108386,0.0847978813807654,0.9152021186192346,STABLE
388,0.09004620133231749,-0.045035699484600886,0.24866670573756083,0.07341930189631936,0.045035699484600886,0.08467822676746958,0.9153217732325304,STABLE
406,0.1020775947957569,-0.47642230673994257,0.23617378733712324,-0.03454273115176561,0.47642230673994257,0.08456284553322004,0.91543715446678,STABLE
314,0.09857830783957491,-0.09984670422660535,0.2384594346441618,0.05929775956428284,0.09984670422660535,0.08425943562093419,0.9157405643790658,STABLE
45,0.0911035574049112,-0.06450105594727876,0.24558987282423955,0.068048093570468,0.06450105594727876,0.08417335755728769,0.9158266424427123,STABLE
426,0.10244632635917875,-0.08957086337991976,0.2332532380003517,0.06153217524490267,0.08957086337991976,0.0839248910898826,0.9160751089101173,STABLE
309,0.09360653656058918,-0.047314523047726376,0.23402488815956551,0.07007922541810707,0.047314523047726376,0.08190785618003867,0.9180921438199613,STABLE
54,0.09158217585809453,-0.10790256924759312,0.23555842075445893,0.054809506841240085,0.10790256924759312,0.08178514915313836,0.9182148508468616,STABLE
408,0.09630487018695424,-0.09984670422660535,0.22870147883334313,0.056289911198423005,0.09984670422660535,0.08125158725507434,0.9187484127449257,STABLE
105,-0.023064037195491216,0.2340115901726849,-0.12031881849616133,0.022657183620258092,0.2340115901726849,0.08116008116342932,0.9188399188365707,STABLE
39,0.09618521557365839,-0.03759314645276261,0.22739260387973975,0.07149616825015888,0.03759314645276261,0.08089445486334954,0.9191055451366504,STABLE
606,-0.1671208658110141,0.3948236698329538,-0.2992342104749068,-0.017882851613241768,0.3948236698329538,0.08082306584499668,0.9191769341550033,STABLE
59,0.09673709195334934,-0.3641089985509198,0.22518509836097594,-0.010546702059148635,0.3641089985509198,0.08048054757858132,0.9195194524214186,STABLE
371,-0.16288655765887203,0.38428152273445015,-0.28529566899138487,-0.015975175978951685,0.38428152273445015,0.08009520470466086,0.9199047952953392,STABLE
20,0.07987311727128876,-0.16977138143414638,0.2405008888628416,0.037650656174995994,0.16977138143414638,0.08009350153353259,0.9199064984664674,STABLE
76,0.09177997225966517,-0.09984670422660535,0.2282326281036941,0.05504147403418848,0.09984670422660535,0.08000315009083982,0.9199968499091602,STABLE
86,0.10190665963390572,-0.5019883853188969,0.2141671062142257,-0.04647865486769137,0.5019883853188969,0.07901844146203285,0.9209815585379671,STABLE
184,0.08716228095879974,-0.025815674846627737,0.22667956006173196,0.072006541543476,0.025815674846627737,0.07846046025513292,0.9215395397448671,STABLE
304,0.08845162046533434,-0.09984670422660535,0.22448182226650254,0.05327168462630788,0.09984670422660535,0.07823336068295922,0.9217666393170407,STABLE
101,0.0020878509054679806,0.18049166297758845,-0.05084100099630773,0.032934628221687176,0.18049166297758845,0.07805754396608429,0.9219424560339157,STABLE
401,0.09692267870050206,-0.21145017126493892,0.21478247279689,0.025063745058113283,0.21145017126493892,0.07792628787434802,0.9220737121256519,STABLE
312,0.1477294926644396,-0.037995049751860605,0.16299400261774988,0.06818211138258222,0.037995049751860605,0.07768087382054736,0.9223191261794527,STABLE
189,0.09213405223778548,-0.039441444415233354,0.2185821172517533,0.06781868126857636,0.039441444415233354,0.0776790423723847,0.9223209576276153,STABLE
70,0.09662720506358788,-0.05205972047011857,0.2131024243489813,0.06441747723561266,0.05205972047011857,0.0774324073531423,0.9225675926468577,STABLE
307,0.1427577213854539,-0.9537492919423207,0.16667643439020108,-0.16107878404166645,0.9537492919423207,0.07735853894391373,0.9226414610560862,STABLE
29,0.08605852819941784,-0.09984670422660535,0.22298736056574653,0.05229979613463975,0.09984670422660535,0.07726147219129109,0.9227385278087089,STABLE
81,0.09693488835492,-0.055904377160672425,0.21124655687745408,0.06306926701792542,0.055904377160672425,0.07704536130809353,0.9229546386919065,STABLE
14,0.08495477544003596,-0.18452459607010252,0.22229385219480746,0.030681007891185226,0.18452459607010252,0.07681215690871085,0.9231878430912892,STABLE
428,0.09667360175037606,-0.5186768280204247,0.21033815858875932,-0.05291626692032232,0.5186768280204247,0.07675294008478385,0.9232470599152162,STABLE
221,-0.0796386919064643,0.3491598156279024,-0.31222528277559636,-0.010676039763539563,0.3491598156279024,0.07661391414343603,0.923386085856564,STABLE
302,0.13760280529019908,-0.020338293619955844,0.1674578522729493,0.07118059098579813,0.020338293619955844,0.0762651643907871,0.9237348356092129,STABLE
88,0.09613393502510306,-0.09984670422660535,0.20811111762292683,0.051099587105356135,0.09984670422660535,0.07606126316200748,0.9239387368379925,STABLE
435,0.08244935435347438,-0.050693527261647595,0.22055519740569268,0.06307775612437987,0.050693527261647595,0.07575113793979177,0.9242488620602083,STABLE
420,0.02997470159604601,0.05450348006794545,0.16159721815233746,0.06151884995408223,0.05450348006794545,0.07514471997106859,0.9248552800289314,STABLE
206,0.08736007736037038,-0.12186477554685793,0.21054328078298068,0.04400964564912328,0.12186477554685793,0.07447583953583777,0.9255241604641622,STABLE
143,0.08967746976889567,-0.09984670422660535,0.2080427435581863,0.04946837727511916,0.09984670422660535,0.0744300533317705,0.9255699466682294,STABLE
381,0.09084715466213444,-0.14923199107787588,0.20595245072183482,0.03689190357652335,0.14923199107787588,0.07419990134599232,0.9258000986540077,STABLE
83,0.09116216374611734,-0.040802220454348184,0.20519056828615523,0.0638876278944811,0.040802220454348184,0.07408818300806815,0.9259118169919318,STABLE
338,0.09300337963234287,-0.09984670422660535,0.2029928304909258,0.04903737647416583,0.09984670422660535,0.07399905253081718,0.9260009474691828,STABLE
34,0.09121344429467268,-0.029589922743619018,0.20453613080935357,0.06653991309010181,0.029589922743619018,0.07393739377600655,0.9260626062239934,STABLE
440,0.0874211256324601,-0.06303728311636934,0.20796460176991155,0.05808711107150058,0.06303728311636934,0.07384643185059292,0.9261535681494071,STABLE
78,0.08600724765086248,-0.03723153786260541,0.20820879485827032,0.06424612616163185,0.03723153786260541,0.0735540106272832,0.9264459893727168,STABLE
164,0.08661040457910879,-0.1652875043286538,0.20756412510500305,0.03222175633886451,0.1652875043286538,0.07354363242102796,0.9264563675789721,STABLE
170,0.0815287464103616,-0.30389959028738134,0.21244798687217953,-0.0024807142512100477,0.30389959028738134,0.07349418332063529,0.9265058166793647,STABLE
208,0.0815873527515677,-0.11892735599994048,0.21189122663072152,0.043637805845587185,0.11892735599994048,0.0733696448455723,0.9266303551544277,STABLE
611,-0.16214909453202836,0.37097618234746477,-0.2867217566274004,-0.019473667202991,0.37097618234746477,0.07327037838387519,0.9267296216161248,STABLE
455,0.00549922834984079,0.09350097971396171,0.10056848150969933,0.049892172393375456,0.09350097971396171,0.07326741732186588,0.9267325826781341,STABLE
159,0.08163863330012308,-0.2638957658370219,0.21121725370685102,0.007240030292488049,0.2638957658370219,0.07321397175174352,0.9267860282482565,STABLE
195,0.08705239406903828,-0.4295358624063461,0.20574732852761335,-0.034184034952423614,0.4295358624063461,0.07319993064916291,0.9268000693508371,STABLE
289,0.09305466018089825,-0.08174343297262943,0.19938854050674948,0.052674941928754576,0.08174343297262943,0.07311080017191193,0.926889199828088,STABLE
270,0.0767425618785286,-0.08498687700803609,0.21249682548985133,0.05106312759008596,0.08498687700803609,0.07230984684209499,0.927690153157905,STABLE
403,0.09114995409169939,-0.2531927610950359,0.19700521596436732,0.008740602240257703,0.2531927610950359,0.07203879251401668,0.9279612074859833,STABLE
213,0.08655912403055344,-0.04987259220362723,0.2015472074078415,0.059558434808691926,0.04987259220362723,0.07202658285959873,0.9279734171404013,STABLE
333,0.08803160835335715,-0.09984670422660535,0.19930063099494033,0.046871383780423034,0.09984670422660535,0.07183305983707437,0.9281669401629257,STABLE
336,0.09877610424114555,-0.11514802174144956,0.1883510129129305,0.04299477385315662,0.11514802174144956,0.071781779288519,0.928218220711481,STABLE
220,0.01525718416065952,0.10650167063439286,0.058430522182500166,0.04504734424438814,0.10650167063439286,0.07167276190298635,0.9283272380970137,STABLE
179,0.0820073648635449,-0.09984670422660535,0.2045654339799567,0.04668152365422406,0.09984670422660535,0.0716431997108754,0.9283568002891246,STABLE
214,0.02033884232940672,0.1097586206872021,0.046299009552833614,0.04409911814236061,0.1097586206872021,0.07153877331416114,0.9284612266858389,STABLE
9,0.07998300416105023,-0.20956985825945162,0.20530778096856744,0.01893023171754151,0.20956985825945162,0.07132269628240442,0.9286773037175956,STABLE
211,0.09233184863935612,-0.07360435213474276,0.1928148625681299,0.05288558976818582,0.07360435213474276,0.0712866778018715,0.9287133221981285,STABLE
287,0.14220584500576294,-0.09984670422660535,0.14236457051319618,0.04618092782308844,0.09984670422660535,0.07114260387973978,0.9288573961202602,STABLE
415,0.08189747797378343,-0.4052024454533303,0.20209419992576527,-0.030302691888445393,0.4052024454533303,0.07099791947488718,0.9290020805251128,STABLE
383,0.08507443005333176,-0.09984670422660535,0.19853874855926074,0.045941618596496786,0.09984670422660535,0.07090329465314812,0.9290967053468518,STABLE
284,0.08808288890191251,-0.09984670422660535,0.19493445857508446,0.045792660812597905,0.09984670422660535,0.07075433686924924,0.9292456631307507,STABLE
72,-0.02111049248862057,0.18996398366904976,-0.0764519721033815,0.023100379769261922,0.18996398366904976,0.07059137568652436,0.9294086243134756,STABLE
201,0.08220516126511557,-0.09984670422660535,0.19799175604133695,0.04508755326996179,0.09984670422660535,0.07004922932661313,0.9299507706733868,STABLE
282,0.1372340737267772,-0.027916452752079893,0.1416222235245853,0.06273496112482066,0.027916452752079893,0.06971407431284063,0.9302859256871594,STABLE
62,0.1508600480571998,-0.6573060441033529,0.12754693391158256,-0.09472476553364265,0.6573060441033529,0.06960174549219558,0.9303982545078044,STABLE
390,0.07066703784016098,-0.10295608005108736,0.20658735275156775,0.043574577635160344,0.10295608005108736,0.06931359764793218,0.9306864023520678,STABLE
277,0.13207915763152242,-0.42404205006741846,0.14385903221395224,-0.03702596505548594,0.42404205006741846,0.06898454746136867,0.9310154525386314,STABLE
486,-0.04891431752915665,0.2890060826697556,-0.25344312254585943,-0.003337839351315125,0.2890060826697556,0.06891368131612377,0.9310863186838763,STABLE
144,0.023457188067748935,0.11009529946089991,0.02927386743245619,0.04070658874027626,0.11009529946089991,0.06823041360550124,0.9317695863944988,STABLE
4,0.07482808806579538,-0.09984670422660535,0.19719080271152006,0.04304304663767752,0.09984670422660535,0.06800472269432886,0.9319952773056711,STABLE
376,0.0856922385668796,-0.0253752646273655,0.1860458301588232,0.061590701024584325,0.0253752646273655,0.06793451718142571,0.9320654828185743,STABLE
430,0.07729443825821955,-0.07141626421613653,0.19332278419191623,0.04980023955849981,0.07141626421613653,0.06765430561253394,0.9323456943874661,STABLE
177,0.13115854968840965,-0.12250067354451977,0.1394342534528903,0.03702303239919504,0.12250067354451977,0.06764820078532499,0.932351799214675,STABLE
187,0.14128523706265017,-1.0997875084887265,0.12834788724139945,-0.20753859604616923,1.0997875084887265,0.0674082810760124,0.9325917189239876,STABLE
410,0.0769257066947977,-0.05074263383973231,0.18882963136611375,0.05375317605529478,0.05074263383973231,0.06643883451522786,0.9335611654847722,STABLE
139,0.07537996444548634,-0.023585601107198553,0.18910312762507575,0.06022437274084089,0.023585601107198553,0.06612077301764052,0.9338792269823595,STABLE
262,0.13097540487214052,-0.4206493705805463,0.13207915763152234,-0.039398702019220855,0.4206493705805463,0.06576364062591572,0.9342363593740843,STABLE
331,0.09380433296215984,-0.08024835507683992,0.16919650706206413,0.04568812123684601,0.08024835507683992,0.06575021000605599,0.934249789993944,STABLE
545,-0.08326007540682567,0.3212872309100918,-0.2963136611381351,-0.014571626408717245,0.3212872309100918,0.06575018131880571,0.9342498186811943,STABLE
203,0.07643243665631289,-0.03682742254537889,0.18535232178788413,0.05623933397470453,0.03682742254537889,0.06544618961104925,0.9345538103889508,STABLE
37,0.1453364003985231,-0.0465809622301319,0.11578659477622144,0.053635508236153165,0.0465809622301319,0.06528074879368614,0.9347192512063138,STABLE
182,0.13631346578366443,-0.09984670422660535,0.12466545546894836,0.04028305425650186,0.09984670422660535,0.0652447303131532,0.9347552696868469,STABLE
264,0.0818242200472758,-0.03314958363760266,0.17657113833050075,0.05631144368504347,0.03314958363760266,0.06459883959444414,0.9354011604055559,STABLE
588,-0.07822969778663386,0.30742518241249445,-0.27929828674129203,-0.012525700528857861,0.30742518241249445,0.06433059507426575,0.9356694049257342,STABLE
326,0.088649416866905,-0.4297821693849484,0.16847369552052194,-0.04316476424938037,0.4297821693849484,0.06428077809685673,0.9357192219031433,STABLE
125,-0.18490789036707106,0.3842709669928962,-0.32682802945945416,-0.031866238208407255,0.3842709669928962,0.0642015035398168,0.9357984964601832,STABLE
52,0.14073336068295922,-0.507770839881582,0.11510285412881671,-0.06298365626745152,0.507770839881582,0.06395905370294398,0.936040946297056,STABLE
378,0.07991951395807693,-0.37161976395627083,0.17566274004180588,-0.029009377489097002,0.37161976395627083,0.0638955634999707,0.9361044365000293,STABLE
57,0.14588827677821406,-0.2039890179217192,0.10915431049639568,0.012763392338222636,0.2039890179217192,0.06376064681865243,0.9362393531813475,STABLE
279,0.0829279728066577,-0.09984670422660535,0.1720877532282326,0.03879225545207124,0.09984670422660535,0.06375393150872258,0.9362460684912775,STABLE
328,0.08287669225810232,-0.1875358088253603,0.17206821778116393,0.016852275303476487,0.1875358088253603,0.06373622750981656,0.9362637724901834,STABLE
27,0.13520971302428253,-0.15916553222896707,0.11876575045419913,0.023702482812378647,0.15916553222896707,0.06349386586962041,0.9365061341303795,STABLE
145,0.07029830627673914,-0.1864425405524328,0.18367227333997538,0.016882009766070426,0.1864425405524328,0.06349264490417864,0.9365073550958214,STABLE
90,0.07675477153294652,-0.05020761653317282,0.17562366914766842,0.05054270603686053,0.05020761653317282,0.06309461017015373,0.9369053898298463,STABLE
391,0.04389614956338275,-0.09984670422660535,0.20824786575240772,0.03807432777229628,0.09984670422660535,0.06303600382894761,0.9369639961710524,STABLE
80,0.06662808415870598,-0.15305436996923039,0.18531325089374667,0.024721741270805567,0.15305436996923039,0.06298533376311316,0.9370146662368868,STABLE
257,0.12600363359315478,-0.015514452718467714,0.12543710562816224,0.058981571625712326,0.015514452718467714,0.06286018480532926,0.9371398151946707,STABLE
223,-0.08541141651526696,0.3263177708367783,-0.31829103909042955,-0.019346171192229547,0.3263177708367783,0.06223327151696503,0.937766728483035,STABLE
152,0.12563490202973296,-0.12278691537872538,0.1232198323858642,0.031516954759217945,0.12278691537872538,0.06221368360389929,0.9377863163961007,STABLE
252,0.12084871749789994,-0.09906989500435931,0.1269022641583153,0.03717027166296398,0.09906989500435931,0.06193774541405381,0.9380622545859462,STABLE
12,0.13410596026490065,-0.023298939144692207,0.11362792787512943,0.05610873724883447,0.023298939144692207,0.06193347203500753,0.9380665279649925,STABLE
162,0.13576158940397348,-1.0640728992270165,0.11071714626189222,-0.20439854089028772,1.0640728992270165,0.06161968391646641,0.9383803160835336,STABLE
154,0.07648371720486821,-0.24764239724699544,0.16990955088007192,-0.00031228229051382533,0.24764239724699544,0.061598317021235034,0.9384016829787649,STABLE
137,0.12453114927035108,-0.8301845849625795,0.12100255914356606,-0.14616271913716558,0.8301845849625795,0.0613834271034793,0.9386165728965207,STABLE
613,-0.16792181914083107,0.35081301017098354,-0.2883725019047061,-0.026370327718638405,0.35081301017098354,0.06133292482410748,0.9386670751758925,STABLE
23,-0.020795483404637716,0.20381500374652173,-0.14227666100138703,0.010185714835124246,0.20381500374652173,0.06113946577175468,0.9388605342282453,STABLE
157,0.13078981812498777,-0.4507494854210998,0.11144972552696875,-0.05212748544228582,0.4507494854210998,0.060559885912989136,0.9394401140870109,STABLE
32,0.1403646291195374,-0.037191942744551926,0.10033405614487478,0.050876685629965064,0.037191942744551926,0.060174671316103046,0.9398253286838969,STABLE
405,0.07177079059954287,-0.09984670422660535,0.16745785227294924,0.03484548466147169,0.09984670422660535,0.05980716071812303,0.940192839281877,STABLE
134,0.07040819316650063,-0.05423446569723378,0.16843462462638453,0.046152088023912845,0.05423446569723378,0.05971070444822129,0.9402892955517788,STABLE
467,-0.03398679403778154,0.11378646074700624,0.0450682763875051,0.03121698577418245,0.11378646074700624,0.05966360096093401,0.940336399039066,STABLE
99,-0.14205688722186405,0.34653284422880504,-0.31309461017015383,-0.02715466329080321,0.34653284422880504,0.05947854776639805,0.940521452233602,STABLE
418,0.04935386508820255,-0.024062398157753018,0.18745238234777006,0.0531859623195549,0.024062398157753018,0.059201561858993154,0.9407984381410068,STABLE
127,0.1144044618961105,-0.09984670422660535,0.12099279142003172,0.03388763727238422,0.09984670422660535,0.058849313329035556,0.9411506866709645,STABLE
175,-0.038519017757721374,0.23523792490703144,-0.19687823555842077,-3.9832102277675974e-05,0.23523792490703144,0.05876964912448018,0.9412303508755198,STABLE
441,0.06065023735568187,-0.09832320345456358,0.17282033249330914,0.03378684159860686,0.09832320345456358,0.05836764246224775,0.9416323575377522,STABLE
340,0.07362421614018637,-0.37505010205318745,0.15943855125124545,-0.035496833665438904,0.37505010205318745,0.05826569184785796,0.9417343081521421,STABLE
202,0.05936333978003089,0.05643325365737528,0.06066733087186704,0.0441159810773183,0.05643325365737528,0.058224294491662124,0.9417757055083379,STABLE
210,0.0622081892594112,-0.03459413946933368,0.16983140909179706,0.04936136472046865,0.03459413946933368,0.05800989958780207,0.9419901004121979,STABLE
85,0.0717830002539608,-0.049964316276597726,0.15944831897477968,0.04531675073803569,0.049964316276597726,0.05780782980718512,0.9421921701928149,STABLE
259,0.07685244876829006,-0.3501232539323771,0.1529234796538319,-0.03008683137756378,0.3501232539323771,0.05744398210553049,0.9425560178944695,STABLE
2,0.12397927289066013,-0.09907685185933418,0.10552071734161639,0.032605784593235584,0.09907685185933418,0.05737499755806913,0.9426250024419309,STABLE
7,0.12913418898591492,-0.13568377604963744,0.09740373908456901,0.02271353800521162,0.13568377604963744,0.05663448201762098,0.943365517982379,STABLE
215,0.06717996053839692,-0.04822479289970652,0.15801246361522986,0.044241907813480065,0.04822479289970652,0.056298106038406695,0.9437018939615933,STABLE
132,0.11955937799136535,-0.008624384505592775,0.10553048506515073,0.054116369637730824,0.008624384505592775,0.05627246576412902,0.943727534235871,STABLE
443,0.054877512746879215,-0.09984670422660535,0.16826857332630063,0.030824845461643623,0.09984670422660535,0.05578652151829496,0.944213478481705,STABLE
294,0.041131883803160824,0.04292998964026873,0.09488366641270585,0.04473638496403385,0.04292998964026873,0.05546888237410103,0.9445311176258989,STABLE
216,0.04040907226161869,0.033679204226833015,0.11318838031608353,0.04681916420113381,0.033679204226833015,0.05523896525784206,0.9447610347421579,STABLE
269,0.029901443669538397,0.06542911340382673,0.05954404266541646,0.0387186499346954,0.06542911340382673,0.05507592828565208,0.9449240717143479,STABLE
341,0.04685332786340815,0.017373669107914158,0.13750024419308837,0.05043181029110267,0.017373669107914158,0.05477522756808121,0.9452247724319188,STABLE
445,0.0354983492547227,0.022712517815335564,0.13798863036980602,0.04904987435996607,0.022712517815335564,0.05472800381379996,0.9452719961862001,STABLE
335,0.06865244486120065,-0.09984670422660535,0.14984664674051068,0.029663096843776493,0.09984670422660535,0.05462477290042783,0.9453752270995721,STABLE
385,0.06569526656117526,-0.09305222267270413,0.15129226982359495,0.03098382842801652,0.09305222267270413,0.05424688409619255,0.9457531159038075,STABLE
205,0.05705327316415636,-0.10766141375023741,0.15950692531598587,0.027224696182476204,0.10766141375023741,0.05414004962003556,0.9458599503799644,STABLE
317,0.0958067162867022,-0.0003683467230733706,0.11292465178065603,0.052090755336071215,0.0003683467230733706,0.05218284201683956,0.9478171579831605,STABLE
330,0.06349752876594582,-0.1045580675976514,0.14252085408974585,0.025365078814510066,0.1045580675976514,0.05150459571392292,0.948495404286077,STABLE
91,0.049983883256168316,-0.004548824350416036,0.15595147394948133,0.0503466332138084,0.004548824350416036,0.05148383930141241,0.9485161606985876,STABLE
84,0.02494188204497061,0.06935297749122726,0.04184492762116865,0.03403494678934163,0.06935297749122726,0.051373191162148446,0.9486268088378516,STABLE
380,0.060540350465920406,-0.08961468699968528,0.14168082986579145,0.028151623333006644,0.08961468699968528,0.05055529508292796,0.949444704917072,STABLE
465,0.01562591572408134,0.04700952883052706,0.09234405829377401,0.0387448757120956,0.04700952883052706,0.05049725791972737,0.9495027420802726,STABLE
129,0.06525327707124579,-0.0012415821411812522,0.13523413233311843,0.04981145681579574,0.0012415821411812522,0.050121852351091054,0.949878147648909,STABLE
146,-0.024597569790384632,0.1903777499493049,-0.15621520248490894,0.0023912444185028303,0.1903777499493049,0.049985681905829055,0.9500143180941709,STABLE
89,0.02991365332395632,0.04513431651143268,0.07719431909199248,0.03806057223184537,0.04513431651143268,0.04934415135970354,0.9506558486402965,STABLE
442,0.037808415870597245,0.03871895308385784,0.08117955029400847,0.03942672981211589,0.03871895308385784,0.04910646808308035,0.9508935319169196,STABLE
254,0.07169753267303522,-0.04310758662452169,0.12415753384516204,0.03818686997341889,0.04310758662452169,0.048963766629549314,0.9510362333704507,STABLE
382,0.06800533317704976,0.030528167807115092,0.0650432710152572,0.040894192999855514,0.030528167807115092,0.04852623495163429,0.9514737650483657,STABLE
292,0.09028306862802557,-0.15960340436006848,0.10042196565668404,0.007775407481160283,0.15960340436006848,0.0476762585711774,0.9523237414288226,STABLE
437,0.08973119224833462,-0.5765486026247204,0.09812655062611109,-0.09717271493756868,0.5765486026247204,0.04696443571861142,0.9530355642813886,STABLE
24,-0.08701576510578446,0.24221410830218384,-0.21213541971908023,-0.014234269130670212,0.24221410830218384,0.04631925794487575,0.9536807420551242,STABLE
231,-0.0023320439938268045,0.12854575357616427,-0.07000527457070849,0.014052108752907244,0.12854575357616427,0.04618854714694831,0.9538114528530517,STABLE
218,0.034636347652816035,0.025974407048364845,0.09755025493758424,0.03954025240969128,0.025974407048364845,0.04603385417178249,0.9539661458282175,STABLE
432,0.08475942096934891,-0.09984670422660535,0.09448318974779735,0.019848976622635225,0.09984670422660535,0.044810652679286564,0.9551893473207135,STABLE
343,0.0410806032546055,-0.022194475819409296,0.13736349606360748,0.03906240587470092,0.022194475819409296,0.044611024829553245,0.9553889751704467,STABLE
543,-0.06388091191466919,0.25157283727659246,-0.2616089394205786,-0.018479253514663833,0.25157283727659246,0.04441395580448428,0.9555860441955157,STABLE
457,0.012964211060970121,0.057967167873669456,0.04807673523608591,0.029752028542681372,0.057967167873669456,0.044243820511098736,0.9557561794889012,STABLE
342,0.0240115063783235,0.04947645684349172,0.05394713708023213,0.03185877507551184,0.04947645684349172,0.04422788928638477,0.9557721107136152,STABLE
93,0.04421115864736566,-0.021889049990122783,0.1299497939010334,0.03806797563956907,0.021889049990122783,0.043540238137099764,0.9564597618629003,STABLE
142,0.07260837289261365,0.01776964122050531,0.06575631483326494,0.039033582236595976,0.01776964122050531,0.043475992541722304,0.9565240074582777,STABLE
463,0.03500507921623788,-0.09984670422660535,0.1388579577643635,0.018504083188499006,0.09984670422660535,0.043465759245150344,0.9565342407548496,STABLE
427,0.07960450487409407,-0.12641100591090548,0.09305710211178186,0.011562650268742612,0.12641100591090548,0.04316540174646898,0.956834598253531,STABLE
387,0.07297710445603547,-0.09984670422660535,0.09747211314930937,0.017650628344684872,0.09984670422660535,0.04261230440133621,0.9573876955986638,STABLE
355,-0.02619459258825138,0.17609313560038664,-0.1586864365391002,-0.0021969733817412337,0.17609313560038664,0.041826310518355427,0.9581736894816446,STABLE
370,-0.06799068159174823,0.25358141374388543,-0.27203110043173334,-0.021610092069899035,0.25358141374388543,0.04178526136607232,0.9582147386339277,STABLE
412,0.08420754458965796,-0.09984670422660535,0.07972415948738987,0.016021249962610618,0.09984670422660535,0.040982926019261956,0.959017073980738,STABLE
192,0.08936246068491274,-0.09984670422660535,0.0738146867491063,0.01583261080185342,0.09984670422660535,0.04079428685850476,0.9592057131414953,STABLE
267,0.07905262849440312,-0.09984670422660535,0.08204887768856595,0.015313700489090927,0.09984670422660535,0.040275376545742265,0.9597246234542577,STABLE
329,0.016656410556955603,0.061367432878649264,0.02120572779308061,0.02480739280717137,0.061367432878649264,0.040149251026833685,0.9598507489731664,STABLE
366,-0.042838793490789034,0.21165397494077653,-0.224657641290121,-0.013960614960033375,0.21165397494077653,0.03895287877516076,0.9610471212248393,STABLE
379,0.013699232256930177,0.07988167796196255,-0.018656351950614436,0.018731139567069573,0.07988167796196255,0.03870155905756021,0.9612984409424398,STABLE
453,0.024878391841997305,-0.09984670422660535,0.12865068667096446,0.013420593571589104,0.09984670422660535,0.03838226962824044,0.9616177303717596,STABLE
461,0.04077780382504054,-0.0026292185415301983,0.11245580105100705,0.03765109658362935,0.0026292185415301983,0.0383084012190119,0.9616915987809881,STABLE
451,0.030651116450799987,-0.09984670422660535,0.12211607962648219,0.013230122962669205,0.09984670422660535,0.038191799019320544,0.9618082009806794,STABLE
402,0.07408085721541738,-0.12361701989587748,0.0782785364043056,0.007185593430961375,0.12361701989587748,0.038089848404930744,0.9619101515950692,STABLE
407,0.07923577331067225,-0.09984670422660535,0.0730918752075641,0.01312023607290775,0.09984670422660535,0.03808191212955909,0.9619180878704409,STABLE
110,-0.017909121100236375,0.15116188252543883,-0.13289964640840812,8.827875419858272e-05,0.15116188252543883,0.03787874938555829,0.9621212506144418,STABLE
44,0.04426243919592099,-0.009997895493756098,0.10372345621129542,0.03449699997836508,0.009997895493756098,0.0369964738518041,0.963003526148196,STABLE
167,0.08383881302623608,-0.09984670422660535,0.06355857703803558,0.011887671459416577,0.09984670422660535,0.036849347516067915,0.9631506524839321,STABLE
42,0.09341362402078571,-0.09984670422660535,0.05392760163316346,0.011873630356835953,0.09984670422660535,0.03683530641348729,0.9631646935865127,STABLE
77,0.06893815077458046,0.01858459441521343,0.04075094258532108,0.03206842194377874,0.01858459441521343,0.0367145705475821,0.9632854294524179,STABLE
319,0.04665553146183751,-0.09984670422660535,0.09929867745023346,0.011526876171366406,0.09984670422660535,0.036488552228017744,0.9635114477719823,STABLE
377,0.0628504170817949,-0.011501127044645676,0.0819902713473597,0.03333489034612723,0.011501127044645676,0.03621017210728865,0.9637898278927114,STABLE
67,0.09893727167946237,-0.09984670422660535,0.04577155248197862,0.011215529983708908,0.09984670422660535,0.036177206040360246,0.9638227939596398,STABLE
235,-0.027483932094785973,0.15060564271039917,-0.13358338705581274,-0.0026154191100498866,0.15060564271039917,0.035035991567549905,0.9649640084324501,STABLE
569,-0.12457754595713924,0.2864570339672894,-0.30945124929184,-0.03689294032042246,0.2864570339672894,0.03472131817139989,0.9652786818286001,STABLE
332,0.07096251147707516,0.0033466384495151047,0.059133798276973626,0.03336073705089097,0.0033466384495151047,0.03419739666326975,0.9658026033367303,STABLE
69,0.04978608685459765,-0.017971752833700644,0.08378753247768078,0.028900466624644447,0.017971752833700644,0.03339340483306961,0.9666065951669304,STABLE
511,-0.01741585106175156,0.14262886427365817,-0.13553693176268333,-0.0025809796376941793,0.14262886427365817,0.033076236430720364,0.9669237635692797,STABLE
19,0.033031999062298534,-0.09984670422660535,0.09862470452636318,0.00795249984051409,0.09984670422660535,0.03291417589716543,0.9670858241028346,STABLE
327,0.06580759538182032,-0.2200342108930624,0.06581492117447107,-0.022102923584192753,0.2200342108930624,0.03290562913907285,0.9670943708609272,STABLE
337,0.0759342827560609,-0.09984670422660535,0.055461134228056874,0.007887178189378105,0.09984670422660535,0.032848854246029444,0.9671511457539705,STABLE
17,0.08218318388716322,-0.09984670422660535,0.04808650295962025,0.00760574565504453,0.09984670422660535,0.03256742171169587,0.9674325782883041,STABLE
345,0.021701439762448954,-0.020180386882950346,0.10045126882728711,0.02549308042669643,0.020180386882950346,0.030538177147434016,0.969461822852566,STABLE
591,-0.12437974955556858,0.2903719389715229,-0.33445662153978395,-0.0421161080309574,0.2903719389715229,0.030476876711923326,0.9695231232880767,STABLE
95,0.02483199515520912,-0.09984670422660535,0.09378968137685828,0.004693743076365511,0.09984670422660535,0.02965541913301685,0.9703445808669832,STABLE
460,0.010654144445095604,-0.09984670422660535,0.10421184238801307,0.0037548206516258287,0.09984670422660535,0.028716496708277167,0.9712835032917229,STABLE
109,-0.06475023930922658,0.18384553872219989,-0.18938639160757187,-0.01757277304864964,0.18384553872219989,0.028388611631900332,0.9716113883680997,STABLE
115,-0.012937349821250665,0.11562772335473015,-0.10564769774756294,-0.0007393310535208641,0.11562772335473015,0.028167599785161673,0.9718324002148383,STABLE
434,0.03560823614448416,0.01204133621176312,0.052892222938521916,0.0251354488236923,0.01204133621176312,0.02814578287663308,0.971854217123367,STABLE
92,0.027142061771083636,0.041209484305941624,0.002295415030572956,0.017661740276899554,0.041209484305941624,0.02796411135338496,0.972035888646615,STABLE
506,-0.022387622340737268,0.15499418798269837,-0.17609251987731744,-0.010871488558839085,0.15499418798269837,0.02787705843683551,0.9721229415631645,STABLE
233,-0.008104768602629486,0.1024510568481008,-0.08708902303229216,0.0018143163032947884,0.1024510568481008,0.027427080515319988,0.97257291948468,STABLE
79,0.019786965949715768,0.005490593335679292,0.07874738713395457,0.026006236604837408,0.005490593335679292,0.02737888493875723,0.9726211150612427,STABLE
87,0.07906483814882104,-0.5962315186631473,0.02739846451386041,-0.12244205400011646,0.5962315186631473,0.026615825665670362,0.9733841743343297,STABLE
207,0.06451825587528567,-0.06322857078741995,0.04075094258532108,0.010510156918296702,0.06322857078741995,0.02631729961515169,0.9736827003848483,STABLE
551,-0.010788450643692993,0.12121036286679965,-0.12668737424055954,-0.00406636550436322,0.12121036286679965,0.026236225212336692,0.9737637747876633,STABLE
515,-0.042567739162710755,0.1705347359432035,-0.19539354158119915,-0.0168566362001766,0.1705347359432035,0.02577704778562428,0.9742229522143757,STABLE
212,0.06949002715427141,-0.09984670422660535,0.033376311316884566,0.0007549085611376558,0.09984670422660535,0.025716584617788994,0.974283415382211,STABLE
194,0.04021127586004805,-0.019319722925448674,0.06242552110805055,0.020829268510662483,0.019319722925448674,0.02565919924202465,0.9743408007579754,STABLE
491,-0.10083709390689408,0.23692148340941174,-0.2718552814081151,-0.03394272297639936,0.23692148340941174,0.025287647875953577,0.9747123521240464,STABLE
450,-0.0845494149133603,0.2604801477264016,-0.3383344077829221,-0.0406009187424702,0.2604801477264016,0.024519118189130197,0.9754808818108698,STABLE
169,0.03468762820137139,-0.09984670422660535,0.061732012737111486,-0.0008567658220306196,0.09984670422660535,0.02410491023462072,0.9758950897653793,STABLE
325,-0.02655111449725528,0.12748977148441587,-0.13426712770321747,-0.00833211767901422,0.12748977148441587,0.023540325192089748,0.9764596748079103,STABLE
82,0.0740930668698353,-0.09984670422660535,0.020062904139561244,-0.0014226833043022025,0.09984670422660535,0.023538992752349136,0.9764610072476508,STABLE
358,-0.0016605130008400248,0.08417122895973184,-0.0760710308855419,0.0016099212683374775,0.08417122895973184,0.022652728508270437,0.9773472714917295,STABLE
534,-0.08315018851706421,0.19962426718072143,-0.22548789779054101,-0.027253454781720948,0.19962426718072143,0.02265261201345941,0.9773473879865406,STABLE
509,-0.09438062865068664,0.22469077481793145,-0.2682216882533357,-0.03447788552152272,0.22469077481793145,0.021694808182960143,0.9783051918170399,STABLE
439,0.04058000742346987,-0.020289419163311728,0.04547852077594805,0.01644227725902655,0.020289419163311728,0.02151463204985448,0.9784853679501455,STABLE
414,0.03505635976479321,-0.03185792312271797,0.04917072027193348,0.013092289228502179,0.03185792312271797,0.021056770009181672,0.9789432299908183,STABLE
572,-0.19547412530035752,0.18641953542835138,-0.09569438746605718,-0.02618724433451583,0.18641953542835138,0.020417639522572015,0.979582360477428,STABLE
399,-0.1481446209146496,0.3085120081260388,-0.39193967453945183,-0.05789307183201566,0.3085120081260388,0.019234930199494037,0.9807650698005059,STABLE
429,0.03045332004922932,-0.09984670422660535,0.04331985387485593,-0.006518382575630026,0.09984670422660535,0.018443293481021313,0.9815567065189786,STABLE
468,-0.016917697161499545,-0.09984670422660535,0.09020492683975068,-0.006639868637088556,0.09984670422660535,0.018321807419562783,0.9816781925804372,STABLE
497,-0.2437266795600617,0.2215784409526721,-0.12664830334642208,-0.03719913548845292,0.2215784409526721,0.018195474749715106,0.9818045252502849,STABLE
404,0.02492967239055266,0.017359264069824076,0.012307331653284903,0.01364906702841541,0.017359264069824076,0.01798888304587143,0.9820111169541286,STABLE
239,-0.06935327902479049,0.1676546770341871,-0.19449491101603855,-0.024048378251660486,0.1676546770341871,0.01786529100688629,0.9821347089931137,STABLE
273,-0.02392603879739788,0.13712513344037391,-0.17987262888511202,-0.016668383560533996,0.13712513344037391,0.017612899799559482,0.9823871002004405,STABLE
75,-0.023420559104495114,0.13055107481439987,-0.16747738772001797,-0.015086718002528303,0.13055107481439987,0.017551050701071665,0.9824489492989283,STABLE
423,-0.07069389907988044,0.22351490625690767,-0.3073121178378167,-0.038622777665197366,0.22351490625690767,0.017255948899029552,0.9827440511009704,STABLE
227,-0.030328781574166297,0.062372712845180964,-0.02555236476586764,0.0016228916262867564,0.062372712845180964,0.017216069837581997,0.982783930162418,STABLE
504,-0.0995355447459415,0.22883466984181233,-0.29258239074801223,-0.04082081641303535,0.22883466984181233,0.01638785104741773,0.9836121489525823,STABLE
555,-0.03594033874465216,0.14110699325675202,-0.18212897302154762,-0.01924057962736194,0.14110699325675202,0.016036168686826065,0.9839638313131739,STABLE
245,-0.07443493719353766,0.23437732898439745,-0.3303053390376839,-0.042590736811706026,0.23437732898439745,0.016003595434393336,0.9839964045656067,STABLE
556,-0.005633534548438152,0.09442738830674013,-0.12006485768426811,-0.007817750981491532,0.09442738830674013,0.0157890960951935,0.9842109039048065,STABLE
531,-0.011157182207114813,0.1034919035238947,-0.13701185801637072,-0.011169284174897709,0.1034919035238947,0.014703691706075966,0.985296308293924,STABLE
409,0.030084588485807473,-0.022285758820868903,0.02852175272031099,0.00908014559631239,0.022285758820868903,0.014651585301529615,0.9853484146984703,STABLE
339,0.026783097931196154,-0.02609884492055392,0.03151067612182312,0.008048732283116339,0.02609884492055392,0.014573443513254819,0.9854265564867452,STABLE
565,-0.02581365137041161,0.12419303091355804,-0.16526011447771988,-0.01672018373364336,0.12419303091355804,0.01432807399474615,0.9856719260052539,STABLE
446,-0.059397526812401125,0.20528936132908293,-0.29463361269022637,-0.03718544454338614,0.20528936132908293,0.014136895788884593,0.9858631042111154,STABLE
472,-0.1540345582058645,0.1543214646799157,-0.10000195354470687,-0.02492876176766392,0.1543214646799157,0.013651604402315005,0.986348395597685,STABLE
389,0.023825919631170756,-0.09984670422660535,0.02932270605012799,-0.011674519636326652,0.09984670422660535,0.013287156420324686,0.9867128435796753,STABLE
360,-0.02103967649299654,0.10335013654214875,-0.13438434038562974,-0.013018470084119382,0.10335013654214875,0.012819064051417806,0.9871809359485821,STABLE
359,-0.06788079470198677,0.16430728078493417,-0.21374709410224857,-0.02933015200482529,0.16430728078493417,0.011746668191408252,0.9882533318085918,STABLE
503,-0.03331526304479479,0.15346219062854882,-0.22707026900310617,-0.026730835354838035,0.15346219062854882,0.01163471230229917,0.9883652876977008,STABLE
232,-0.025173865478911484,0.05844550834443431,-0.04619156459395579,-0.003229980432108242,0.05844550834443431,0.011381396654000335,0.9886186033459997,STABLE
334,0.021811326652210417,-0.09984670422660535,0.0219090038875539,-0.014031593421710259,0.09984670422660535,0.01093008263494108,0.9890699173650589,STABLE
272,-0.040995135673679906,0.06862896870439529,-0.0534880540741175,-0.006463555260850528,0.06862896870439529,0.010693686915248295,0.9893063130847517,STABLE
296,-0.006922874054972744,0.08175211662167015,-0.11419445584012189,-0.009841303318356122,0.08175211662167015,0.010596725837061415,0.9894032741629386,STABLE
477,-0.08188282638848188,0.09247110484479318,-0.06310926175545528,-0.013130245824785995,0.09247110484479318,0.0099875303864123,0.9900124696135877,STABLE
505,-0.05269442653695128,0.1780411351482713,-0.2669518841938698,-0.03540129389563744,0.1780411351482713,0.009108989891430386,0.9908910101085696,STABLE
217,0.017567250776534038,-0.09984670422660535,0.017806560003125638,-0.01611822336173642,0.09984670422660535,0.008843452694914919,0.9911565473050851,STABLE
226,-0.007486960089081618,0.06853283742013044,-0.0958506710426068,-0.008701198427889495,0.06853283742013044,0.008432010927143116,0.9915679890728569,STABLE
200,-0.03299537009904471,0.12075784871285494,-0.18145500009767723,-0.02342313037096675,0.12075784871285494,0.006766331807246985,0.993233668192753,STABLE
592,-0.14722157104065328,0.14965498315046363,-0.12806462325890322,-0.03140780278727322,0.14965498315046363,0.006005943000342691,0.9939940569996573,STABLE
493,-0.10660981851569673,0.2101357946766391,-0.28970091230537814,-0.046543734036108945,0.2101357946766391,0.005990214633050828,0.9940097853669492,STABLE
112,-0.010627283205376148,0.038688074571145925,-0.045537127117154075,-0.004369083937846074,0.038688074571145925,0.005302934704940407,0.9946970652950596,STABLE
535,-0.03630907030807398,0.1255408039691533,-0.19912481197132204,-0.02747326957756068,0.1255408039691533,0.0039119314147276416,0.9960880685852723,STABLE
541,-0.058108187305866504,0.1459150979941849,-0.22312410869522759,-0.0338292995017273,0.1459150979941849,0.002649474996818925,0.9973505250031811,STABLE
347,-0.09603625778975955,0.10031885103602722,-0.09553810388950745,-0.022813877660809945,0.10031885103602722,0.002265835098196861,0.9977341649018031,STABLE
172,-0.03620895114184686,0.056391959230256,-0.07266209537205259,-0.013119771820910862,0.056391959230256,0.0009782179866531376,0.9990217820133469,STABLE
384,0.018854148352185046,-0.09984670422660535,-0.015657660825567965,-0.024162554174997068,0.09984670422660535,0.0007991218816542703,0.9992008781183457,STABLE
419,-0.016866416612944163,-0.09984670422660535,0.018978686827248126,-0.024433608503075348,0.09984670422660535,0.0005280675535759907,0.999471932446424,STABLE
321,-0.0013992263962960827,0.05312390639362219,-0.1097599093555256,-0.014508807339549873,0.05312390639362219,-0.0012278307411443257,1.0012278307411444,STABLE
71,0.0017313289964640821,0.046126070356610205,-0.09944519330324875,-0.012896948487543615,0.046126070356610205,-0.0013654308983910637,1.001365430898391,STABLE
236,0.0026397272851589326,0.03429011184877434,-0.0773994412862139,-0.010117400538070156,0.03429011184877434,-0.0015448725758765713,1.0015448725758767,STABLE
567,-0.0754263611322745,0.08352250059036478,-0.09852702729101948,-0.022607721958232296,0.08352250059036478,-0.0017270968106411003,1.001727096810641,STABLE
47,-0.02663414014729726,0.04860466588650039,-0.07937252144015317,-0.014350498925237508,0.04860466588650039,-0.00219933245361241,1.0021993324536125,STABLE
356,0.004112211607962629,0.04479681131812885,-0.10396764929965419,-0.013764656593390677,0.04479681131812885,-0.002565453763858465,1.0025654537638584,STABLE
459,-0.03618697376389457,0.024497131378089454,-0.02520072671863094,-0.009222642276109014,0.024497131378089454,-0.0030983594315866503,1.0030983594315868,STABLE
422,-0.08776299595616249,0.08785905349011941,-0.10439742913516581,-0.026075342900302223,0.08785905349011941,-0.004110579527772371,1.0041105795277723,STABLE
222,-0.10248051339154896,0.10352770844189288,-0.12279005255035269,-0.03043571437500219,0.10352770844189288,-0.004553787264528972,1.004553787264529,STABLE
322,-0.02424104788138076,-0.09984670422660535,-0.005626208755787454,-0.03242849021594339,0.09984670422660535,-0.007466814159292054,1.007466814159292,STABLE
111,0.012214538279708531,-0.01977926336884689,-0.04718787239445976,-0.01368814937089953,0.01977926336884689,-0.008743333528687808,1.0087433335286877,STABLE
196,-0.007843481998085516,0.04598853766163474,-0.1333489616909883,-0.02380097650685977,0.04598853766163474,-0.012303842091451085,1.0123038420914512,STABLE
106,0.007242767000722822,-0.010940899297516113,-0.06339252573795151,-0.0167726645086862,0.010940899297516113,-0.014037439684307172,1.0140374396843073,STABLE
113,0.006441813670905877,0.0006096797542049226,-0.06873547051124262,-0.015420994271532956,0.0006096797542049226,-0.015268574332981726,1.0152685743329817,STABLE
198,-0.013616206606888198,0.046054590284184904,-0.14160268807751675,-0.02729107610005501,0.046054590284184904,-0.015777428529008784,1.0157774285290089,STABLE
363,0.0033112582781456845,-8.175562352649712e-05,-0.06721170563988355,-0.01599555074631609,8.175562352649712e-05,-0.015975111840434465,1.0159751118404345,STABLE
361,0.009083982886948366,-0.0443757798254687,-0.07595381820312952,-0.027811403785412463,0.0443757798254687,-0.01671745882904529,1.0167174588290453,STABLE
238,-0.003132997323643749,0.009736347943601453,-0.08414893824845182,-0.01938639690712353,0.009736347943601453,-0.016952309921223166,1.0169523099212232,STABLE
513,-0.023188575670554212,0.04891257276841507,-0.14593955732676944,-0.030053890057227146,0.04891257276841507,-0.01782574686512338,1.0178257468651233,STABLE
536,-0.006185410928129076,0.028107383393759455,-0.12447986872179573,-0.025639474064041337,0.028107383393759455,-0.018612628215601473,1.0186126282156014,STABLE
562,-0.02350358475453712,-0.09984670422660535,-0.054298775127468835,-0.04441226602715283,0.09984670422660535,-0.01945058997050149,1.0194505899705015,STABLE
108,0.00147004239192014,-0.09984670422660535,-0.08124792435874895,-0.04490614654835854,0.09984670422660535,-0.0199444704917072,1.0199444704917071,STABLE
518,-0.07511135204829161,0.14090907792931243,-0.28882181718728633,-0.05575602282656638,0.14090907792931243,-0.020528753344238274,1.0205287533442382,STABLE
219,-0.03158393404833071,-0.09984670422660535,-0.053253628709293066,-0.04617106674605728,0.09984670422660535,-0.021209390689405944,1.021209390689406,STABLE
552,-0.033630272128777616,-0.09984670422660535,-0.05495321260427044,-0.04710754723991335,0.09984670422660535,-0.022145871183262014,1.022145871183262,STABLE
271,-0.0181533141885952,0.05873342665521303,-0.1879114653538846,-0.03683283822181669,0.05873342665521303,-0.022149481558013433,1.0221494815580134,STABLE
228,-0.0132596846978843,0.028145593665771185,-0.13429643087382054,-0.029852630476483413,0.028145593665771185,-0.022816232060040617,1.0228162320600407,STABLE
508,-0.02816034694953992,0.060208535512260464,-0.18576256617632703,-0.03842859440340162,0.060208535512260464,-0.023376460525336505,1.0233764605253366,STABLE
560,-0.03078542264939732,0.04895555871933252,-0.16228095879974214,-0.036027705682451734,0.04895555871933252,-0.023788816002618604,1.0237888160026185,STABLE
103,-0.003684873703334701,-0.026460085823571095,-0.09298872804704139,-0.030783421893486797,0.026460085823571095,-0.024168400437594023,1.024168400437594,STABLE
481,-0.05388608880814236,0.10470108321041444,-0.2541561663638673,-0.0508352929903988,0.10470108321041444,-0.024660022187795193,1.0246600221877953,STABLE
537,-0.02902723241321381,-0.09984670422660535,-0.07710640958018333,-0.051495086555000624,0.09984670422660535,-0.026533410498349286,1.0265334104983492,STABLE
323,-0.0071719510050987645,-0.09984670422660535,-0.0995624059856609,-0.051645265304341256,0.09984670422660535,-0.026683589247689918,1.02668358924769,STABLE
46,-0.0037923186622125793,-0.010780838065721665,-0.10384066889370758,-0.029603456405410455,0.010780838065721665,-0.02690824688898004,1.02690824688898,STABLE
527,-0.039153919787454305,-0.09984670422660535,-0.07192951610697607,-0.05273253503025893,0.09984670422660535,-0.027770858973607593,1.0277708589736076,STABLE
300,-0.03207476215593194,0.043689888339437294,-0.16818066381449137,-0.039141384407746505,0.043689888339437294,-0.02821891232288718,1.028218912322887,STABLE
351,-0.0010427044872921842,-0.09984670422660535,-0.11576705932915277,-0.054164117010762576,0.09984670422660535,-0.029202440954111238,1.0292024409541112,STABLE
532,-0.03399900369219949,-0.09984670422660535,-0.0844712731250854,-0.05457924526097256,0.09984670422660535,-0.029617569204321223,1.0296175692043212,STABLE
147,-0.04743939127546937,-0.09984670422660535,-0.07121647228896832,-0.05462564194776076,0.09984670422660535,-0.029663965891109423,1.0296639658911095,STABLE
368,-0.04861151809959169,0.0805109323110135,-0.23290159995311488,-0.05025054643542327,0.0805109323110135,-0.030122813357669892,1.0301228133576699,STABLE
367,-0.06568061497587371,-0.09984670422660535,-0.05720955674070605,-0.05568421898579628,0.09984670422660535,-0.03072254292914494,1.030722542929145,STABLE
558,-0.011406259157240806,-0.09984670422660535,-0.11283674226884677,-0.05602242641317323,0.09984670422660535,-0.031060750356521893,1.031060750356522,STABLE
353,-0.006815429096094866,-0.03230258993139401,-0.12027974760202387,-0.039849441657378186,0.03230258993139401,-0.03177379417452968,1.0317737941745297,STABLE
421,-0.06492117447107776,0.11290986339343534,-0.2909511809177753,-0.060740622998854424,0.11290986339343534,-0.03251315715049559,1.0325131571504955,STABLE
561,-0.0006617632694524145,-0.01631824207848731,-0.12967629764207156,-0.03666407574750282,0.01631824207848731,-0.03258451522788099,1.032584515227881,STABLE
563,-0.006434487878255096,-0.002912339268973274,-0.12465568774541402,-0.0335006287231606,0.002912339268973274,-0.03277254390591728,1.0327725439059172,STABLE
487,-0.07175613901424135,-0.09984670422660535,-0.059495204047744554,-0.057774511822147816,0.09984670422660535,-0.03281283576549648,1.0328128357654964,STABLE
502,-0.050384359921076816,-0.09984670422660535,-0.08150188517064216,-0.05793323732958108,0.09984670422660535,-0.032971561272929745,1.0329715612729298,STABLE
73,-0.004041395612338572,0.005037549964574617,-0.13867237101721075,-0.034419054166243676,0.005037549964574617,-0.03315966667510002,1.0331596666751,STABLE
171,-0.013367129656762206,-0.011387682134300636,-0.11932251069565725,-0.03601933062168002,0.011387682134300636,-0.03317241008810486,1.0331724100881048,STABLE
365,-0.01606790521401083,-0.03927884442098503,-0.117408036882924,-0.04318869662947997,0.03927884442098503,-0.03336898552423371,1.0333689855242336,STABLE
298,-0.012695598663775426,-0.031741410709186,-0.12461661685127667,-0.04226340655605952,0.031741410709186,-0.03432805387876302,1.034328053878763,STABLE
48,-0.009565043271015261,-0.09984670422660535,-0.1298130457715525,-0.05980619831729328,0.09984670422660535,-0.03484452226064194,1.034844522260642,STABLE
538,-0.011958135536931758,-0.09984670422660535,-0.13862353239953895,-0.06260709304076902,0.09984670422660535,-0.03764541698411768,1.0376454169841176,STABLE
100,-0.09521576901287386,0.1447564283839713,-0.34567973588075557,-0.07403476912741454,0.1447564283839713,-0.037845662031421715,1.0378456620314218,STABLE
469,-0.08313797886264629,-0.09984670422660535,-0.07094297603000643,-0.06348191477981452,0.09984670422660535,-0.03852023872316318,1.0385202387231631,STABLE
240,-0.022512160815800264,-0.03542409629641029,-0.13285080779073632,-0.04769676622573672,0.03542409629641029,-0.03884074215163415,1.0388407421516341,STABLE
533,-0.016929906815917495,-0.09984670422660535,-0.15040340698196886,-0.06679500450612293,0.09984670422660535,-0.04183332844947159,1.0418333284494716,STABLE
526,-0.016312098302369654,-0.09984670422660535,-0.1525230029889234,-0.06717045137947461,0.09984670422660535,-0.04220877532282327,1.0422087753228233,STABLE
242,-0.07212487057766317,-0.09984670422660535,-0.1000117212682412,-0.06799582401812743,0.09984670422660535,-0.04303414796147609,1.043034147961476,STABLE
553,-0.016561175252495675,-0.03157800896805121,-0.16216374611732998,-0.052575732584469216,0.03157800896805121,-0.04468123034245641,1.0446812303424564,STABLE
173,-0.01913985426556486,-0.03046778352856401,-0.16218328156439854,-0.05294772983963185,0.03046778352856401,-0.04533078395749085,1.0453307839574908,STABLE
400,-0.10130350270565941,0.14395061894709021,-0.372912149094532,-0.0825662582132753,0.14395061894709021,-0.04657860347650275,1.0465786034765028,STABLE
478,-0.06481372951219988,0.08358793823464908,-0.29258239074801223,-0.06845204550639075,0.08358793823464908,-0.04755506094772848,1.0475550609477284,STABLE
230,-0.03263884819004084,-0.025058945782900105,-0.1631014475766278,-0.05519981038739219,0.025058945782900105,-0.04893507394166716,1.0489350739416672,STABLE
350,-0.09834632440563404,0.13445355304843634,-0.36631893570884366,-0.08255292676651034,0.13445355304843634,-0.048939538504401255,1.0489395385044014,STABLE
104,-0.06990515540448144,0.02159888532079575,-0.17018304713903376,-0.05462232930567987,0.02159888532079575,-0.049222607975480934,1.049222607975481,STABLE
50,-0.028944206763171776,-0.029142294857269657,-0.17114028404540033,-0.05730669641646044,0.029142294857269657,-0.050021122702143025,1.050021122702143,STABLE
528,-0.022084822911172308,-0.03181514422417221,-0.1821192052980133,-0.05900479310833945,0.03181514422417221,-0.0510510070522964,1.0510510070522965,STABLE
243,-0.05505577370138118,0.0689133020290725,-0.29044325929398895,-0.0691464327415744,0.0689133020290725,-0.05191810723430628,1.0519181072343062,STABLE
587,-0.09529879466291588,-0.09984670422660535,-0.11252417511574753,-0.0769174185013172,0.09984670422660535,-0.05195574244466586,1.051955742444666,STABLE
540,-0.03133729902908827,-0.03878773581743784,-0.18364297016937237,-0.06344200125397462,0.03878773581743784,-0.05374506729961516,1.0537450672996151,STABLE
148,-0.030370294399187314,-0.0187165580754282,-0.19465119459258828,-0.06093451176680095,0.0187165580754282,-0.0562553722479439,1.056255372247944,STABLE
501,-0.02754253843599211,-0.0029227104983420293,-0.19970110765984872,-0.057541589148545715,0.0029227104983420293,-0.05681091152396021,1.0568109115239601,STABLE
324,-0.07339223270624548,0.013041978115260117,-0.18785285901267845,-0.062050778400915954,0.013041978115260117,-0.058790283872100925,1.0587902838721008,STABLE
49,-0.07578532497216198,0.018097912518154735,-0.2003946160307878,-0.06452050712119875,0.018097912518154735,-0.059996028991660066,1.0599960289916601,STABLE
116,-0.03970823809802887,-0.09984670422660535,-0.20399890601496418,-0.0858884620848996,0.09984670422660535,-0.06092678602824826,1.0609267860282483,STABLE
530,-0.04146398640332885,-0.028881668310042283,-0.2175662740041806,-0.07197798217938793,0.028881668310042283,-0.06475756510187736,1.0647575651018775,STABLE
564,-0.07265476957940181,-0.09984670422660535,-0.18714958291820505,-0.08991276418105305,0.09984670422660535,-0.06495108812440172,1.0649510881244018,STABLE
539,-0.0781784172380785,0.007711345534817504,-0.21071909980659909,-0.07029654287746502,0.007711345534817504,-0.06836870649376064,1.0683687064937606,STABLE
275,-0.043305202289554395,-0.09984670422660535,-0.2344937388892145,-0.09441141135134357,0.09984670422660535,-0.06944973529469223,1.0694497352946923,STABLE
229,-0.07947996639903104,0.017391414164365848,-0.2336048760475884,-0.0739233570705634,0.017391414164365848,-0.06957550352947194,1.0695755035294718,STABLE
514,-0.08940885737170098,0.021406347971289624,-0.23279415499423706,-0.0751991660986621,0.021406347971289624,-0.06984757910583969,1.0698475791058397,STABLE
150,-0.04974945789134386,-0.09984670422660535,-0.23378069507120663,-0.09584421429728895,0.09984670422660535,-0.07088253824063762,1.0708825382406375,STABLE
299,-0.07891588036492217,0.01142515190991178,-0.23284299361190874,-0.07508343051672978,0.01142515190991178,-0.07222714253925183,1.0722271425392518,STABLE
510,-0.047539510441696464,-0.09984670422660535,-0.24185860243411672,-0.09731120427560463,0.09984670422660535,-0.0723495282189533,1.0723495282189532,STABLE
118,-0.04548096270683155,-0.09984670422660535,-0.24695735411904896,-0.09807125526312147,0.09984670422660535,-0.07310957920647013,1.0731095792064702,STABLE
488,-0.05468704213795933,-0.09984670422660535,-0.23884037586200157,-0.09834353055664156,0.09984670422660535,-0.07338185449999023,1.0733818544999902,STABLE
529,-0.08830510461231908,0.01798126074386766,-0.24612709761862894,-0.07911273537177009,0.01798126074386766,-0.07461742018580317,1.0746174201858032,STABLE
241,-0.049283049092578496,0.00010922947754776757,-0.25710601887124185,-0.07656995962156815,0.00010922947754776757,-0.07654265225218121,1.0765426522521813,STABLE
483,-0.05965881341694504,-0.09984670422660535,-0.24764109476645368,-0.10178665310250101,0.09984670422660535,-0.07682497704584967,1.0768249770458498,STABLE
174,-0.0853601359667116,-0.09984670422660535,-0.2364668190431538,-0.10541841480911769,0.09984670422660535,-0.08045673875246635,1.0804567387524664,STABLE
119,-0.11170124440797827,0.03512579758133057,-0.28364492371407923,-0.09005509263518173,0.03512579758133057,-0.08127364323984909,1.081273643239849,STABLE
476,-0.059041004903397226,-0.0036703427671995192,-0.27773545097579555,-0.08511169966159807,0.0036703427671995192,-0.08419411396979819,1.0841941139697981,STABLE
522,-0.21222821309265666,-0.09984670422660535,-0.12583758229307085,-0.10947812490308322,0.09984670422660535,-0.08451644884643188,1.0845164488464318,STABLE
581,-0.07742874445681691,0.011898954614967205,-0.28793295434566024,-0.08836568604687749,0.011898954614967205,-0.08539094739313569,1.0853909473931358,STABLE
568,-0.0583572642559925,-0.09984670422660535,-0.2845142511086366,-0.11067955489780862,0.09984670422660535,-0.08571787884115728,1.0857178788411572,STABLE
120,-0.06486012619898805,-0.09984670422660535,-0.2860770868741331,-0.11269597932493162,0.09984670422660535,-0.08773430326828029,1.0877343032682802,STABLE
448,-0.06517025142120375,-0.09984670422660535,-0.2955029400847839,-0.11512997393314825,0.09984670422660535,-0.09016829787649691,1.0901682978764968,STABLE
601,-0.17227578190626894,0.06034753789682176,-0.3154583992654672,-0.1068466608187286,0.06034753789682176,-0.09175977634452315,1.091759776344523,STABLE
490,-0.07406620563011584,-0.09984670422660535,-0.29347125358963844,-0.11684604086158991,0.09984670422660535,-0.09188436480493857,1.0918843648049386,STABLE
396,-0.07615161460470024,0.008186641798355154,-0.31009591904510736,-0.0945152229628631,0.008186641798355154,-0.09246856251327432,1.0924685625132744,STABLE
274,-0.09014632049854462,-0.09984670422660535,-0.28220906835452925,-0.1180505232699198,0.09984670422660535,-0.09308884721326846,1.0930888472132685,STABLE
589,-0.14444997948778057,0.044811979780348316,-0.31829103909042955,-0.10448225969946545,0.044811979780348316,-0.09327926475437837,1.0932792647543783,STABLE
576,-0.0825836605520717,-0.09984670422660535,-0.29086327140596613,-0.11832340904616079,0.09984670422660535,-0.09336173298950945,1.0933617329895093,STABLE
98,-0.07583660552071733,-0.006009001223362315,-0.2999179511223115,-0.09544088946659779,0.006009001223362315,-0.0939386391607572,1.0939386391607573,STABLE
573,-0.17840502842407546,0.04535625284652259,-0.29869698568051734,-0.10793644031451755,0.04535625284652259,-0.0965973771028869,1.096597377102887,STABLE
578,-0.0883563851608744,-0.09984670422660535,-0.2983746508038836,-0.12164443504784084,0.09984670422660535,-0.0966827589911895,1.0966827589911894,STABLE
617,-0.23691369239485047,-0.09984670422660535,-0.15466213444294674,-0.12285563276610065,0.09984670422660535,-0.09789395670944931,1.0978939567094492,STABLE
570,-0.07773642774814903,-0.09984670422660535,-0.32069389907988044,-0.12456925776365871,0.09984670422660535,-0.09960758170700737,1.0996075817070075,STABLE
346,-0.07319443630467484,0.0001421126389049565,-0.3292308894489051,-0.10057080327866874,0.0001421126389049565,-0.1005352751189425,1.1005352751189426,STABLE
489,-0.12090732383910602,0.018794301472812497,-0.3286350583133095,-0.10768702016990075,0.018794301472812497,-0.10298844480169764,1.1029884448016976,STABLE
474,-0.20318574303072928,0.08274265481505708,-0.3758131629842349,-0.12406406279997678,0.08274265481505708,-0.10337839909621252,1.1033783990962125,STABLE
473,-0.1369654613295825,0.02421512597274733,-0.3294164761960578,-0.11054170288822324,0.02421512597274733,-0.1044879213950364,1.1044879213950365,STABLE
520,-0.09449051554044814,-0.09984670422660535,-0.327208970677294,-0.13038654761108687,0.09984670422660535,-0.10542487155443553,1.1054248715544355,STABLE
593,-0.13015247416437126,0.026174823895912136,-0.348678427005802,-0.11316401931856528,0.026174823895912136,-0.10662031334458724,1.1066203133445873,STABLE
590,-0.09760886127879037,-0.012452353872205862,-0.3346617437340053,-0.1111807397212504,0.012452353872205862,-0.10806765125319892,1.1080676512531988,STABLE
585,-0.10258063255777608,-0.0012160136731913795,-0.3353552521049444,-0.10978797458397796,0.0012160136731913795,-0.10948397116568012,1.10948397116568,STABLE
580,-0.10773554865303091,-0.09984670422660535,-0.3338314872335853,-0.13535343502830538,0.09984670422660535,-0.11039175897165404,1.110391758971654,STABLE
603,-0.1780485065150716,0.04218438154934573,-0.3487761042411455,-0.12116005730171785,0.04218438154934573,-0.11061396191438141,1.1106139619143813,STABLE
375,-0.1880384457598312,0.0404798853385783,-0.3393502510304949,-0.12172720286293695,0.0404798853385783,-0.11160723152829238,1.1116072315282923,STABLE
524,-0.26137939791752135,0.12167729715299441,-0.4385512512453847,-0.1445633380024779,0.12167729715299441,-0.11414401371422929,1.1141440137142293,STABLE
608,-0.17289359041981672,-0.09984670422660535,-0.299410029498525,-0.14303758103623676,0.09984670422660535,-0.11807590497958542,1.1180759049795854,STABLE
225,-0.10479058000742347,-0.09984670422660535,-0.36847760260993573,-0.14327872171099115,0.09984670422660535,-0.11831704565433981,1.1183170456543399,STABLE
484,-0.12587909511809176,-0.09984670422660535,-0.348512375705718,-0.14355954376260377,0.09984670422660535,-0.11859786770595243,1.1185978677059525,STABLE
579,-0.15457666686202115,-0.09984670422660535,-0.32044970599152156,-0.143718269270037,0.09984670422660535,-0.11875659321338566,1.1187565932133856,STABLE
550,-0.20330783957490867,0.04547879835322949,-0.36952274902811144,-0.13183794756244765,0.04547879835322949,-0.12046824797414028,1.1204682479741404,STABLE
584,-0.1494217507667663,-0.09984670422660535,-0.3337435777217762,-0.14575300817878697,0.09984670422660535,-0.12079133212213564,1.1207913321221357,STABLE
248,-0.17510353786946414,-0.09984670422660535,-0.3105061634335502,-0.1463641013824049,0.09984670422660535,-0.12140242532575357,1.1214024253257535,STABLE
624,-0.4061126413877982,0.24570644882815973,-0.5714704331008615,-0.182969156415125,0.24570644882815973,-0.12154254420808508,1.121542544208085,STABLE
623,-0.33989235968665144,0.16592313260965588,-0.4809822422786146,-0.16373786733890253,0.16592313260965588,-0.12225708418648856,1.1222570841864885,STABLE
424,-0.13691418078102716,-0.09984670422660535,-0.35219480747816917,-0.14723892312145043,0.09984670422660535,-0.12227724706479909,1.122277247064799,STABLE
595,-0.14953163765652777,0.026251240676243764,-0.3988747582488425,-0.13053878880728162,0.026251240676243764,-0.12397597863822069,1.1239759786382206,STABLE
599,-0.316420520033601,0.15814970112013405,-0.49678641895719783,-0.16376430946766618,0.15814970112013405,-0.12422688418763267,1.1242268841876326,STABLE
548,-0.18392867608275215,-0.09984670422660535,-0.3148918713004747,-0.14966681290245804,0.09984670422660535,-0.1247051368458067,1.1247051368458068,STABLE
619,-0.2860648772197152,0.13025666828308757,-0.483512082674012,-0.1598300729026599,0.13025666828308757,-0.12726590583188802,1.1272659058318881,STABLE
521,-0.18938639160757192,-0.09984670422660535,-0.325773115317744,-0.1537515527879803,0.09984670422660535,-0.12878987673132897,1.128789876731329,STABLE
494,-0.17283010021684347,-0.09984670422660535,-0.3544413838910704,-0.1567795470836298,0.09984670422660535,-0.13181787102697845,1.1318178710269784,STABLE
618,-0.21984459551856844,0.061413202423059116,-0.4445779366660806,-0.15075233244039749,0.061413202423059116,-0.1353990318346327,1.1353990318346328,STABLE
575,-0.19778419191623198,-0.09984670422660535,-0.34742815839340485,-0.16126476363406056,0.09984670422660535,-0.13630308757740922,1.1363030875774092,STABLE
498,-0.2266575826837797,0.05998950832884192,-0.44749848600285214,-0.15354164008944748,0.05998950832884192,-0.138544263007237,1.1385442630072369,STABLE
620,-0.23922375901072498,0.06028941017410713,-0.49773388814003006,-0.16916705924416198,0.06028941017410713,-0.1540947067006352,1.154094706700635,STABLE
500,-0.24603674617593624,0.05747992030345364,-0.5117408036882924,-0.17507440739019375,0.05747992030345364,-0.16070442731433035,1.1607044273143303,STABLE
625,-0.35927152317880795,-0.09984670422660535,-0.5584988962472406,-0.25440428091316347,0.09984670422660535,-0.22944260485651213,1.2294426048565121,STABLE
