environment_score,social_score,governance_score,esg_momentum,Annual_Return
982.6,811.6,862.8,8.0,0.0
982.6,811.2,874.2,11.0,0.3803374474697988
996.4,846.2,822.8,157.4,0.5056429120676078
987.0,862.8,821.0,5.4,1.1176265382054793
980.8,659.0,749.2,-16.0,0.04188488921173838
987.0,660.0,778.4,36.4,0.22641079046600252
932.8,682.8,777.8,13.0,0.011634671733400218
939.6,686.4,792.0,24.6,0.26945903981210095
980.6,837.4,882.8,7.6,0.7898778564180042
980.8,838.0,876.2,-5.8,0.6357184559504513
984.8,868.4,880.4,38.6,1.4450261938025584
991.0,838.8,899.0,2.2,2.8909831828679313
990.4,887.0,905.2,53.8,4.646771536040177
971.6,883.2,907.2,-20.6,5.566259629169189
682.2,729.8,892.4,34.0,-0.46352527927576614
681.8,730.2,903.0,10.6,-0.4197789331044298
998.6,832.8,869.6,25.4,0.5141361724039013
998.6,849.0,880.0,26.6,0.9816173745658288
994.6,858.2,889.2,14.4,0.9657942140276017
974.4,744.6,890.8,7.2,1.185340412626972
972.6,815.6,904.4,82.8,2.453635914294235
945.4,829.4,908.0,-9.8,2.300989078161916
696.0,832.6,887.6,156.8,0.03059924343604065
610.0,803.4,894.4,-36.6,-0.051308856154648204
676.6,854.2,889.6,112.6,0.030948269393743136
952.4,842.4,739.8,12.0,-0.49749854377394487
990.6,854.8,808.6,119.4,-0.32204767274282026
962.0,744.2,683.2,-15.6,-0.3977894106254532
961.2,750.8,702.4,25.0,-0.5680046260897511
973.2,789.2,737.2,19.8,0.5370564896803061
997.6,779.2,730.8,-4.2,-0.16358345618300804
997.2,777.2,728.8,-4.4,0.11122752215525236
960.4,769.8,847.6,-1.2,0.22443282879022844
961.4,793.0,851.0,27.6,0.3671902998246703
612.2,821.8,826.0,-44.4,-0.15520647834066037
618.2,820.6,824.6,3.4,0.7758000036787668
999.4,705.4,864.8,39.2,1.7934847541608903
999.4,736.4,870.0,36.2,1.637114738140779
952.0,799.2,745.4,51.4,1.1885981067507183
945.6,851.4,750.6,51.0,2.539965335624133
883.8,866.4,888.0,0.6,1.6585224910819498
925.4,924.4,902.0,113.6,1.5549739836261858
951.8,930.4,899.8,30.2,2.331937348021046
885.2,730.8,784.0,64.2,21.082723413057664
891.2,741.4,805.4,38.0,36.07539262454855
885.8,707.6,802.8,-41.8,38.652009411735065
981.2,810.8,900.2,10.8,2.0202443922250772
977.4,820.8,902.4,8.4,3.1613731947898573
982.8,853.6,901.4,37.2,3.6013962098226697
795.8,737.0,845.6,-122.4,-0.4442117259435226
857.6,773.0,872.2,124.4,-0.027690486846491925
879.0,970.8,927.0,9.4,2.120419100840934
881.2,974.4,928.2,7.0,2.441652217533906
920.6,872.4,863.6,42.8,0.12053520625517603
924.6,905.8,893.4,67.2,0.5068062722019678
713.2,709.2,867.0,56.2,0.2842350345191024
731.6,738.2,865.0,45.4,0.09400816889732304
717.0,739.0,868.4,-10.4,0.22175690315716753
929.2,926.2,887.6,5.6,0.9685864212238346
929.8,929.0,893.0,8.8,1.4111694340205558
820.8,826.8,842.0,11.4,3.947295128438047
744.4,964.8,915.6,10.0,0.5044793739227702
756.2,961.4,920.0,12.8,0.7673065653319956
760.6,801.6,880.4,-25.6,0.03641657930274076
744.4,798.8,875.2,-24.2,0.03280977068144041
735.4,805.2,890.0,12.2,0.7479931452167433
998.8,765.2,802.6,34.4,0.4642234201964099
999.0,796.6,811.8,40.8,0.3733566618817663
948.8,663.2,819.0,8.0,-0.000930706257575982
949.8,680.8,815.6,15.2,-0.06783006872462724
932.0,630.4,776.6,-36.8,1.498105832684384
931.8,634.8,787.2,14.8,2.0935739282769106
929.0,676.6,808.6,60.4,1.8456705244827822
999.4,694.0,839.4,3.2,2.4233856968158975
999.6,707.0,849.2,23.0,1.826643461562101
999.6,738.6,843.6,26.0,1.8404887500115263
955.8,786.2,793.6,31.2,-0.40756253662671016
960.2,810.8,786.0,21.4,-0.5149505513740452
922.4,812.0,877.0,13.4,23.13705819218182
922.4,806.4,873.8,-8.8,24.178361312321144
969.4,659.0,795.2,-64.8,-0.2866782600857323
972.6,684.6,780.4,14.0,-0.26305989066122937
999.4,696.0,850.0,107.8,-0.28586383655479586
943.4,742.8,793.6,139.6,-0.4983129673048813
892.0,783.2,849.2,12.0,-0.48865616847470983
901.2,809.2,855.8,41.8,-0.5571843778872874
923.6,898.2,892.6,7.2,0.5774288145568106
926.0,899.4,898.4,9.4,0.05666088322065966
802.6,694.0,886.8,-23.8,-0.6087259771566519
780.6,672.6,901.0,-29.2,-0.5812681447686776
766.0,672.0,904.6,-11.6,-0.6037230648208882
954.2,836.0,897.4,15.0,-0.41721929112878225
951.0,892.6,909.8,65.8,-0.3841768215443782
968.6,785.6,771.4,-7.8,0.8152415338741907
967.6,774.4,782.4,-1.2,0.7420593486129262
967.0,766.4,786.6,-4.4,1.22734158456535
948.6,856.2,820.4,58.0,0.07748695632734401
943.0,851.4,816.2,-14.6,0.4945900088248928
966.8,945.2,928.4,-12.2,-0.2847003871825035
957.4,946.0,929.8,-7.2,-0.30773703186268697
974.6,950.4,935.2,27.0,0.2643397563261926
830.2,820.0,925.6,-22.2,-0.4030249774197345
816.4,810.8,923.0,-25.6,-0.7628853998464278
795.8,804.6,923.6,-26.2,-0.750901679933102
976.8,789.8,889.8,21.2,-0.16881902297728935
977.2,803.0,894.6,18.4,0.5795229705357192
964.2,719.2,765.0,18.8,-0.5258871268639411
962.6,750.2,776.8,41.2,-0.5867364546776752
824.8,827.6,840.8,7.2,-0.1852239527042822
852.6,835.6,857.2,52.2,0.007562554311411218
869.4,869.4,868.2,61.6,0.18336245153293174
871.2,740.0,871.0,1.6,-0.0944734776980117
883.4,752.8,874.4,28.4,0.07469466000952545
902.2,811.6,887.4,90.6,0.2553810974858912
955.6,802.8,842.2,-7.4,4.7059919732783655
947.0,783.2,838.4,-32.0,6.527981992557826
888.6,738.0,844.8,-97.2,6.5343809200682
965.8,811.6,694.0,6.2,0.23280980639988266
964.4,817.8,709.4,20.2,-0.01687023852768152
963.4,811.6,730.6,14.0,0.31599772674570187
959.0,761.2,746.8,-20.2,-0.1652123031285343
966.2,737.4,757.8,-5.6,-0.3542757187962879
975.6,814.0,818.2,-3.2,-0.4721349559047308
962.2,802.8,824.6,-18.2,-0.41233275029220345
908.8,757.8,838.6,-84.4,-0.4096567367010244
946.4,853.6,870.6,11.4,1.3484585603583317
961.0,869.0,879.0,38.4,1.0860966778661416
957.4,875.8,875.2,-0.6,1.623153166964714
919.6,705.4,879.2,11.8,8.984758962809947
920.6,707.4,886.4,10.2,14.347528118789539
931.0,819.8,874.2,1.0,1.0863294201664306
917.2,839.2,880.6,12.0,1.5755672246129153
729.6,818.6,893.0,19.4,-0.28202441803577044
744.4,835.6,893.4,32.2,-0.3064572108748632
804.0,884.4,889.6,104.6,-0.2471204028355698
997.8,717.4,854.6,23.4,-0.03839436343342421
723.8,766.8,878.0,67.4,-0.6864455879425135
644.2,762.0,883.0,-79.4,-0.7517161034640386
998.8,733.4,795.0,-36.6,-0.10110523697930163
998.8,730.8,806.8,9.2,0.13833623981297885
938.0,785.8,860.0,24.0,3.1566029374943447
943.4,785.0,871.2,15.8,3.9051776737730295
689.4,843.2,867.4,82.2,-0.23839439903551965
626.4,803.4,859.4,-110.8,-0.5396160431161016
651.0,805.8,845.4,13.0,-0.14171030531956286
817.0,822.8,896.6,18.6,-0.4358347481011749
812.0,843.6,904.4,23.6,-0.4353693949723869
884.2,868.8,850.4,-3.2,-0.019429880503329087
895.0,887.6,852.8,32.0,0.22233858438781484
897.2,903.6,871.2,36.6,0.12041892341218986
988.6,876.4,874.6,20.2,-0.43664921596021067
991.2,883.2,878.6,13.4,-0.4885398413036243
867.2,752.6,930.2,1.8,-0.7161527824812796
890.2,814.0,927.8,82.0,-0.6587550789901453
851.0,816.2,929.0,-35.8,-0.5685863508340706
898.2,773.8,854.0,34.2,2.997673278567812
918.0,810.8,860.2,63.0,3.9341478923694133
978.8,755.6,851.2,-5.8,-0.07597439222480391
977.8,810.0,885.2,87.4,0.042117543553909384
622.6,763.8,798.0,36.6,0.4127981920771901
618.8,770.8,800.0,5.2,-0.014426968167565436
577.0,798.6,798.8,-15.2,0.38755097535812066
997.2,793.2,831.2,7.6,0.23013388193028902
997.6,798.4,828.0,2.4,0.40919147176304815
997.4,746.6,838.0,-42.0,0.9121583703558236
933.0,703.8,828.6,119.8,1.5972077210178424
972.6,835.4,877.4,220.0,2.6737640605582356
931.8,892.4,889.2,72.8,0.3728912645412258
932.6,898.6,889.6,7.4,0.5740546608594149
935.4,926.0,878.0,18.6,1.0371146307527588
932.0,829.2,883.6,36.4,0.24421182309303152
932.0,851.8,914.6,53.6,0.6424665876616998
895.6,704.2,866.8,17.4,3.415357922825383
845.6,666.4,863.8,-90.8,5.4365327554557865
684.0,772.6,872.8,9.0,0.0510762018124772
692.2,792.0,891.2,46.0,0.043746390499435656
710.2,828.6,908.2,71.6,0.20407215325677805
654.8,801.6,867.6,17.0,-0.6999418052917104
663.0,827.8,848.8,15.6,-0.8123327547133787
876.0,644.2,787.2,145.0,1.5524143418832315
881.4,739.2,835.4,148.6,3.1621873518868115
888.6,771.4,834.4,38.4,5.059220436074722
966.2,771.8,845.6,-13.6,-0.5776614249199226
973.2,784.2,849.2,23.0,-0.40081440572988875
981.4,813.4,865.8,54.0,-0.2228038927231166
733.6,804.0,858.8,40.2,1.213263553815635
793.4,828.0,869.2,94.2,1.4934264712617888
810.4,831.2,876.6,27.6,1.6739966254297811
726.8,755.8,864.0,125.4,-0.13461314846503897
778.6,768.2,880.6,80.8,-0.29621868730037226
787.2,780.2,882.8,22.8,-0.21454328637995376
752.0,875.2,848.8,30.0,-0.08470039602485407
763.6,891.0,855.2,33.8,0.39185574805305445
503.2,748.0,834.8,-19.8,-0.02105872744885536
607.4,779.2,835.2,135.8,-0.4198952602755153
891.6,895.2,890.2,-20.6,5.7405467848594265
909.6,890.4,890.2,13.2,7.057708227760443
908.8,895.8,884.8,10.6,-0.07190227491916155
911.8,919.6,901.8,43.8,-0.3310063753294874
941.8,940.0,897.2,45.8,0.05945317965482488
899.6,868.2,887.4,9.8,0.11541601107642621
900.0,871.0,886.4,2.2,0.38161726834127596
896.0,865.6,886.2,-9.6,0.9623037776035663
919.8,802.0,899.4,-10.6,-0.08842348748914058
919.0,815.4,903.2,16.4,0.07399651932157515
923.4,853.8,900.8,40.4,0.5216986380591139
586.2,751.6,865.0,-11.2,-0.8464223353297048
636.6,762.8,889.4,86.0,-0.6842350162526678
655.8,794.4,892.6,54.0,-0.5173938218505079
896.4,799.8,880.0,1.6,1.9457825641028137
894.2,813.6,883.2,14.8,2.0081442347276313
974.8,750.2,890.6,-16.0,1.8243165632829028
974.6,777.2,885.4,7.6,0.3249563855860032
955.6,740.4,779.6,7.6,-0.6390924774779763
959.6,755.6,795.6,35.2,-0.6831878940514611
972.2,836.0,817.0,114.4,-0.4802792349604615
633.2,741.0,860.6,-45.6,0.1620709807366666
642.8,729.2,853.8,-9.0,0.31611409789584644
659.4,788.6,852.2,74.4,0.2815591088860417
925.6,902.0,861.2,29.2,0.45759166079877334
955.2,911.2,878.4,56.0,-0.042815595585661004
975.4,756.2,885.0,38.0,2.875741790820389
799.8,708.0,860.8,17.4,-0.24496340113017312
689.6,716.8,887.4,-74.8,-0.19941826641333
854.0,895.2,862.6,11.8,-0.5673065741743462
925.8,897.2,922.0,15.2,0.14531711382451656
927.8,895.6,924.4,2.8,0.6047701872547887
996.4,729.6,842.6,4.4,1.1602094797980096
992.4,780.8,853.8,58.4,1.4109366905567995
973.8,781.6,861.0,-10.6,0.6486329485553286
889.6,806.8,886.4,-15.8,0.14415357567967896
882.6,823.2,904.2,27.2,0.3821990379954283
972.2,895.0,872.4,19.8,3.0105875943256795
935.8,888.6,879.0,-36.2,3.58080296883594
931.8,890.4,885.6,4.4,4.936009660323786
950.4,771.4,824.0,41.2,-0.8255962733923052
959.0,773.8,843.0,30.0,-0.8538685181419312
960.8,789.2,844.2,18.4,-0.8161721844016888
970.4,828.4,789.8,7.8,-0.2908667490069061
967.0,851.6,808.0,38.0,-0.4381616912902055
970.0,875.6,828.4,47.4,-0.1912739429131533
835.6,835.2,922.6,16.6,0.296684128619972
839.2,837.4,927.8,11.0,0.250261813999983
908.4,653.6,767.8,36.8,-0.3941826464485988
911.0,714.4,764.4,60.0,-0.14927277085842877
799.6,775.4,900.4,35.4,-0.48446767955353603
785.4,793.6,899.2,2.8,-0.46119833608673555
927.0,886.4,886.4,-10.4,-0.2190808012588301
936.2,886.8,887.2,10.4,-0.22641070134441693
957.2,888.2,884.8,20.0,-0.09912736407607287
920.6,897.0,891.6,-5.2,-0.787899939652063
925.2,885.4,901.8,3.2,-0.8353693993935621
826.6,776.4,881.0,2.6,0.6749274206925961
805.6,793.6,894.2,9.4,0.7556718935985954
991.8,800.8,855.0,-1.6,0.506278472299585
991.6,812.0,851.4,7.4,0.37858628161359115
990.6,866.6,847.2,49.4,0.5827806646594651
891.4,763.6,754.0,116.4,2.083420574804337
906.0,817.8,771.0,85.8,4.721582390352836
928.0,857.6,800.8,91.6,6.341594324512656
786.6,692.0,846.8,5.8,1.0162886474657402
838.0,740.0,881.0,133.6,1.6840024501013087
975.6,928.0,871.6,37.6,3.278766990695047
976.2,925.4,874.2,0.6,3.4312973660902495
980.0,671.0,860.2,31.4,-0.1393833176860863
913.4,897.2,868.6,16.2,-0.29214656999472993
923.2,879.4,870.4,-6.2,-0.4221058762934604
977.6,783.4,886.6,1.0,2.0966842716100875
977.8,800.4,887.6,18.2,3.3246076252478565
999.0,800.0,880.8,1.8,-0.735776615638379
999.0,806.2,880.4,5.8,-0.7307737031862687
966.6,705.2,842.8,22.4,0.8197790488694137
970.6,755.4,858.2,69.6,1.0546830990899763
900.6,718.4,784.6,56.0,2.1025790106208953
908.6,776.6,799.4,81.0,3.1884818240240786
914.6,822.6,871.2,13.2,1.3633509262154777
912.8,817.2,871.4,-7.0,1.8328098236191968
970.2,710.6,786.4,4.4,-0.8040721262643397
964.0,741.4,791.8,30.0,-0.8027923052765157
917.2,887.4,892.6,117.4,0.5688190934834
940.0,879.8,893.6,16.2,1.3483420996212148
875.0,905.4,864.8,15.0,-0.5183245724361832
839.4,949.4,879.6,23.2,-0.4627108557448297
897.4,931.4,893.8,54.2,-0.07678881575574037
981.4,809.2,895.4,64.0,0.9953462022781375
974.2,576.2,771.2,29.2,0.6983130468860361
985.2,602.2,814.2,80.0,0.8208261262771342
985.2,669.4,829.2,82.2,0.9958115111951729
992.4,814.6,869.6,6.4,-0.7369400650106713
966.8,833.0,864.6,-12.2,-0.5885980004098185
976.8,760.4,819.0,17.8,0.6415357918171514
978.6,677.4,785.2,-115.0,0.4644561624966992
977.8,673.6,767.0,-22.8,0.881326383223333
761.2,717.6,874.6,190.8,-0.6322280194100693
742.2,713.4,864.6,-33.2,-0.6017451919176595
721.0,712.0,865.8,-21.4,-0.5795229706520658
877.4,856.0,873.4,12.4,0.23478767965215153
870.6,862.0,876.8,2.6,1.1241421032999814
863.2,865.4,880.8,-4.55e-13,2.0288539364514775
842.6,854.4,861.6,-4.6,0.5803374824901607
837.8,855.6,863.4,-1.8,0.5520651382640915
815.4,810.0,915.2,49.6,-0.7552064960253614
829.0,878.8,923.6,90.8,-0.8422338464085309
997.8,826.0,916.6,9.0,0.0855149082119892
998.4,841.6,920.4,20.0,0.47771968129197234
976.2,737.0,861.2,-0.6,-0.39441534511886917
975.8,749.8,865.8,17.0,0.14741135834327682
986.6,846.6,860.8,52.6,1.3837116017489282
989.8,794.8,853.8,-55.6,2.4692263325321737
908.4,891.8,923.8,3.4,-0.5960441832220449
918.4,900.6,923.8,18.8,-0.31809188260826343
855.6,679.0,855.0,19.4,3.6465387931581534
894.6,683.8,847.4,36.2,3.009773436065258
894.6,681.4,853.2,3.4,3.1228621055814942
909.6,883.8,871.2,-9.0,2.465852532528798
901.2,899.0,888.8,24.4,4.561605654018583
906.0,917.0,895.6,29.6,7.440489211675301
774.2,702.2,875.8,-18.8,-0.4880744437303904
968.2,816.2,836.4,20.2,-0.1762652057895157
963.8,838.0,826.8,7.8,-0.32577076420710677
972.2,843.4,829.2,16.2,-0.5479930209584493
681.2,944.0,858.0,9.8,0.09203029599409429
673.0,942.4,858.0,-9.8,0.03885984977920349
667.2,957.4,879.6,30.8,0.08388606126646293
885.0,859.6,880.8,3.4,0.5079698103468054
879.4,857.6,887.8,-0.6,0.4276905579343363
679.2,811.2,827.2,25.2,-0.3740546695854188
698.6,813.6,827.2,21.8,-0.20197790838897756
806.6,784.0,885.6,-24.0,-0.36788826343291686
849.6,787.6,896.8,57.8,-0.3261198344929086
949.8,720.6,816.6,4.0,0.3328679658551169
949.6,722.0,845.4,30.0,0.3498545749512095
952.6,742.4,847.2,25.2,0.23443865346175558
955.2,777.8,760.4,3.8,-0.6083769511989494
948.2,753.8,759.8,-31.6,-0.6544502406756629
953.2,739.8,783.4,14.6,-0.47085513491690706
888.8,909.2,904.8,-9.2,0.3798720501292583
887.2,910.2,905.8,0.4,0.5682373249927147
891.2,911.0,911.4,10.4,0.5835951766139069
787.2,696.8,876.8,-34.2,-0.2110529381467302
819.4,718.0,894.6,71.2,0.09354277132408907
616.2,906.8,827.0,13.8,2.2182663783096275
645.0,902.0,824.6,21.6,2.2321116655955855
629.0,902.8,823.6,-16.2,4.107737351699813
998.2,838.8,784.0,-11.6,0.30366500379497685
997.8,832.8,782.4,-8.0,0.3206516128910694
747.6,728.6,843.2,19.8,1.0679466178852492
549.0,810.4,877.8,-25.8,-0.30610818491716074
612.8,830.8,889.2,95.6,-0.27969747473039325
686.4,858.6,894.0,106.2,-0.5258871268639411
968.0,696.0,778.8,13.4,-0.16081601419998656
967.4,709.6,778.6,12.8,0.021808352024612825
982.4,774.4,789.6,90.8,-0.10119941720370244
991.8,711.0,885.2,-7.2,4.091797907271479
967.8,891.8,892.2,163.8,5.929377989931388
990.8,808.6,897.2,4.4,0.8687609168088518
990.8,817.8,903.0,15.0,1.532751717567106
983.6,836.6,898.0,6.6,2.894706362755723
972.0,829.0,890.4,8.6,0.33542760759807105
959.2,733.8,761.2,7.4,0.47550906573941415
956.0,744.6,776.2,22.6,0.8411868018105846
981.6,895.8,884.8,15.0,8.366608797767967
984.4,885.8,889.8,-2.2,12.506341316978954
747.4,780.4,921.4,-1.0,-0.31553224063261587
749.2,780.6,910.6,-8.8,-0.7239092451183617
760.4,797.6,909.8,27.4,-0.741942977346435
956.8,852.0,854.0,26.2,0.25445030280481
968.2,874.0,871.8,51.2,0.5358929515354683
963.8,908.8,888.8,47.4,1.355555717096509
811.0,749.8,888.0,19.6,1.9206516312738504
806.8,818.8,899.2,27.2,-0.49714947348814303
821.8,782.4,901.2,-19.4,-0.26527046223472844
844.0,812.6,898.2,49.4,-0.29051772304920365
581.4,773.0,841.8,-28.0,-0.548574745586422
654.8,821.0,889.0,168.6,-0.5776614249199226
654.8,821.0,890.8,1.8,-0.5001745130370245
944.6,837.0,876.2,38.6,-0.24537518427451205
947.8,856.0,879.0,25.0,0.07492731435169644
949.2,740.0,777.8,20.4,-0.022105805321962824
955.2,753.2,783.4,24.8,0.2516580060216047
798.6,715.8,812.2,61.6,0.31518330321476523
957.6,914.8,867.2,8.0,-0.3021814654060904
952.6,917.2,867.4,-2.4,0.5257126137687432
951.2,910.8,878.0,2.8,2.50447937392277
819.6,860.6,852.6,15.2,0.4955206266589634
842.8,867.8,898.6,76.4,0.8852821297278707
829.8,857.4,892.2,-29.8,1.6901688121584046
991.4,792.2,869.2,-8.6,-0.5840604855309421
991.6,787.6,862.8,-10.8,-0.45747524462244904
991.4,780.8,865.0,-4.8,-0.3723094511407077
997.8,816.0,863.2,36.6,-0.009773081673157628
993.6,813.6,868.0,-1.8,0.05130894492719352
961.2,829.0,762.0,-7.6,-0.3515997496495548
957.8,849.0,783.2,37.8,-0.4379289926199351
958.8,824.4,731.8,-21.8,-0.13519482876491246
961.0,800.0,753.4,-0.6,0.13007563346981602
965.6,832.4,780.8,64.4,0.1867365168068223
843.8,811.6,900.4,-16.8,-0.8003490348000529
848.0,824.8,900.8,17.8,-0.6117510167055334
735.2,958.6,916.0,2.8,0.2881908682836783
782.4,966.6,919.6,58.8,0.5794066878090797
804.4,972.2,924.6,32.6,0.5661431690138066
963.2,794.4,836.0,14.0,0.38231532072206786
967.2,787.4,836.6,-2.4,0.8658522488755017
964.6,752.2,829.4,-45.0,0.735311218065145
810.2,689.6,859.0,-16.4,-0.45991855942701115
803.4,704.0,855.0,3.6,-0.40046537977218627
769.2,794.2,876.8,-18.0,0.03211171876603544
757.0,809.6,879.6,6.0,-0.1880162490221008
716.6,824.2,825.4,-36.8,0.3728912645412258
801.8,829.4,844.8,109.8,0.6440954347235728
813.6,846.2,851.4,35.2,0.9848750686895749
627.8,838.4,893.8,-32.2,-0.18696917126533996
672.2,860.0,882.0,54.2,-0.11878998781046492
967.2,729.0,865.6,42.2,-0.04688771289130336
974.8,758.0,881.8,52.8,0.3749855089436394
818.6,670.2,763.0,11.2,-0.5219313367293842
824.2,662.4,790.0,24.8,-0.20593365419543508
533.2,745.6,817.6,-23.8,0.7724258488179039
660.0,803.8,823.0,190.4,0.32030258786414073
631.4,820.6,819.0,-15.8,1.1744037932743638
998.2,772.0,855.8,18.0,0.28853989447407424
995.6,784.0,871.2,24.8,1.6983130474677695
929.8,876.8,793.8,-17.6,0.031879064423864435
872.6,930.2,816.4,18.8,0.7277487524099324
891.0,914.2,843.8,29.8,1.1664923014287554
680.8,821.8,855.4,84.6,0.9149505775520566
717.8,827.2,851.8,38.8,0.8549156295228933
999.4,694.4,840.4,31.2,3.3438047626364686
999.8,724.8,849.2,39.6,4.617917423323423
963.8,750.2,736.4,20.2,-0.27066119110548725
971.4,775.4,752.2,48.6,0.1967423414783496
911.6,752.0,783.8,-4.2,0.8162886112819112
918.0,750.0,788.6,9.2,1.468644563459755
932.8,752.2,786.4,14.8,2.0193137755544734
878.8,811.6,863.6,-0.4,1.3925538882756179
889.8,809.6,869.4,14.8,1.867597556092758
739.2,861.0,924.2,13.4,0.04514258310279092
757.8,872.0,925.6,31.0,0.08830720464615442
952.8,844.8,856.0,17.8,1.779173979947419
944.4,859.0,871.2,21.0,2.206864626886994
936.4,739.4,901.0,1.8,0.03955790157826182
942.6,729.4,908.6,3.8,0.19953463826155493
877.8,711.8,915.2,-75.8,0.35753350134353906
955.0,797.0,768.2,22.2,-0.0022105272453997655
737.6,776.0,878.0,12.6,1.217762367238804
747.6,778.8,884.2,19.0,1.805778598692551
779.4,760.6,877.4,88.4,0.18836536386869523
778.6,803.0,876.0,40.2,0.3453170611194536
752.8,751.6,876.6,-76.6,0.5916231291966323
800.6,860.0,853.8,-9.6,-0.5326352577607625
818.6,816.4,858.4,-21.0,-0.7446189466095147
838.0,816.8,874.6,36.0,-0.6309482206444685
976.4,757.8,891.0,26.0,0.6622454935409979
978.0,818.6,914.0,85.4,1.9633508544295535
950.2,856.8,917.6,14.0,3.201280033902316
910.6,904.6,882.6,13.2,0.6880744787507522
897.6,908.4,896.8,5.0,-0.03653286214572693
914.4,915.6,879.0,6.2,0.8650379149315374
971.8,878.6,882.6,0.6,2.232577151359631
968.6,884.6,892.6,12.8,2.877254355155623
727.6,794.4,883.6,-6.0,0.7349621918747492
711.6,798.4,888.0,-7.6,0.44037239666242944
965.6,763.0,833.6,-9.0,-0.06038388591240086
968.8,751.4,829.6,-12.4,-0.1593949672618342
967.2,766.6,833.2,17.2,0.09889470973390185
968.2,842.4,883.8,5.6,-0.29610236012928676
968.2,924.0,895.8,93.6,-0.30098890096586556
819.6,813.2,900.6,1.6,1.5216988154878577
801.0,804.8,892.0,-35.6,1.9414777925713467
864.4,654.2,822.4,31.8,0.40465395793129233
857.2,669.2,828.8,14.2,0.9548575946749933
885.6,749.0,830.6,110.0,0.9703317290228246
708.2,818.2,830.8,21.0,0.4155904888603954
694.8,809.8,832.8,-19.8,0.7535777376196872
723.6,813.6,836.0,35.8,0.8589878356010807
997.0,747.8,836.8,15.6,-0.578708547237476
997.4,758.2,858.0,32.0,-0.6027923141188662
910.8,608.6,759.0,19.8,1.4485166302265937
902.2,657.8,765.6,47.2,1.780919287746409
919.0,709.6,768.6,71.6,2.122978742583888
948.8,888.4,907.0,4.0,-0.015008648467438929
952.8,899.4,910.4,18.4,-0.1586969153464292
946.8,903.8,906.8,-5.2,-0.08144270213380153
907.2,670.6,842.4,47.2,3.403606790354866
906.0,671.6,842.2,-0.4,3.6902852728955216
903.8,672.2,839.0,-4.8,2.894473797302444
961.0,834.0,896.8,22.4,0.46678306193936403
960.2,847.4,893.2,9.0,1.0666667970137722
957.4,848.4,898.8,3.8,1.6986620724946986
958.4,852.8,890.2,8.8,-0.28214074520685595
959.4,856.2,892.2,6.4,-0.22268760988013042
961.2,853.0,893.4,-0.2,-0.12100051505586468
914.6,712.8,845.6,-7.2,0.5407794927210875
930.2,732.4,850.6,40.2,0.3313554899433886
966.4,862.0,882.8,-4.4,-0.686678286612784
976.8,850.8,899.0,15.4,-0.6194298983043768
960.2,906.4,894.6,9.4,-0.6222221946221954
944.2,915.0,894.8,-7.2,-0.5120418834406951
943.0,753.2,823.2,7.6,0.06852820941257753
940.8,765.6,827.2,14.2,0.45619555720065685
957.2,764.8,872.8,61.2,0.7183246962290905
969.0,816.8,758.2,15.4,0.5998836460691696
971.2,826.0,779.6,32.8,0.5782431496642421
978.4,836.0,789.4,27.0,0.8121001224770841
944.6,653.2,777.6,-8.6,0.0011867946901655527
942.6,653.8,782.8,3.8,7.490634617759576
714.4,715.0,734.4,28.2,-0.37929028082414606
694.0,689.0,740.8,-40.0,0.04677143004831719
746.8,730.6,799.4,153.0,-0.2611983449290861
868.2,895.6,873.4,17.6,0.5075045014297699
860.6,892.4,884.0,-0.2,0.8873764625537897
823.8,899.4,873.6,-40.2,1.2175685033575794
788.0,607.8,852.8,-13.6,-0.46375797806238317
780.2,600.2,856.2,-12.0,-0.47085513491690706
804.0,635.0,853.2,55.6,-0.46038391255579914
904.8,888.6,883.2,50.8,-0.46340895210468064
924.6,915.4,896.6,60.0,-0.5712623644252497
936.0,923.4,894.4,17.2,-0.3030831453682792
931.0,612.2,825.6,58.2,0.5360094122725855
999.4,702.0,881.0,5.2,2.403141482019564
999.4,696.8,884.2,-2.0,3.0663177708233764
999.4,768.2,882.2,69.4,4.843862904290655
888.0,813.0,882.2,4.4,0.9057592659984381
901.6,811.0,892.8,22.2,1.4840024150809468
561.4,802.0,891.8,-79.0,0.10680629000301556
607.8,903.0,823.4,-10.2,0.6605003637524854
696.4,896.6,828.2,87.0,0.7048284351335278
687.8,908.8,820.4,-4.2,1.418848182402408
997.8,708.4,865.2,8.2,0.7582315353415496
997.8,706.2,870.8,3.4,1.3604422582821278
996.8,639.2,843.0,2.0,0.9090169589587169
997.0,655.6,850.0,23.6,1.6693426508609086
989.6,682.4,851.8,21.2,1.5890634868719442
904.0,911.0,908.6,12.8,-0.3439208680507114
932.0,919.4,905.8,33.6,-0.454566576689099
945.0,914.4,892.4,-5.4,-0.3958114932777784
965.8,796.0,877.2,32.4,-0.31529958629044486
936.8,819.2,887.4,4.4,-0.38987783023999284
952.4,788.2,909.8,-6.2,-0.31262357269926583
962.2,779.2,906.6,-2.4,-0.5183245724361832
958.0,769.6,905.4,-15.0,-0.3826643018862841
939.8,845.0,852.2,27.2,-0.5548574790263562
949.4,912.2,886.2,110.8,-0.39232110071645554
959.8,918.6,887.6,18.2,-0.2329260890101754
656.2,801.2,886.0,37.4,-0.21372886296536395
651.4,808.2,888.0,4.2,0.05491566477594855
643.0,815.2,894.8,5.4,0.051541599269364524
977.0,716.6,691.8,6.0,-0.3746363943297382
975.2,702.2,692.0,-16.0,-0.6544502406756629
961.2,692.0,689.8,-26.4,-0.4097731083165559
724.6,794.8,933.4,91.8,-0.7267015636584034
820.0,829.6,935.6,132.4,-0.7661430937374804
809.4,804.2,936.8,-34.8,-0.6916811990648942
926.0,648.0,853.2,50.8,0.38382788389383415
932.8,655.6,863.4,24.6,0.7048284351335278
912.0,684.2,873.8,18.2,0.682955195264844
965.6,787.6,687.6,28.4,-0.46511538008844566
960.0,837.0,708.6,64.8,-0.4962963038243598
927.8,762.4,772.0,23.8,0.670738931887769
924.4,766.2,769.2,-2.4,0.243746425752491
929.0,760.4,781.2,10.8,0.021175098948040195
627.2,796.8,830.8,0.2,-0.18917969851073974
677.2,801.8,839.8,64.0,-0.517161123063891
625.0,798.8,837.4,-57.6,-0.2607329473558521
941.2,808.8,892.6,4.8,-0.07097147988904026
929.4,843.8,897.8,28.4,0.15986045349126685
933.0,789.0,908.4,37.4,0.18871439005909116
923.6,752.2,910.0,-44.6,0.23118095933800958
915.0,757.4,905.2,-8.2,0.5884817177995256
914.0,625.6,778.4,6.2,0.6853330452619639
905.2,643.2,793.0,23.4,0.7300644662791929
960.4,812.2,787.4,123.8,0.9033159058186563
