ticker,environment_score,social_score,governance_score,total_score,esg_score_year,Date,High,Low,Open,Close,Volume,Adj Close,esg_momentum,Annual_Return_Close,Annual_Return_High
A,982.6,811.6,862.8,2657,2020,1/2/2020,86.34999847,85.19999695,85.90000153,85.94999695,1410500,84.66674042,8,,
A,982.6,811.2,874.2,2668,2021,1/4/2021,120.0899963,117.1100006,118.9400024,118.6399994,2030700,117.8167267,11,38.03374474697989,39.07353610634059
AAPL,996.4,846.2,822.8,2665.4,2021,1/4/2021,133.6100006,126.7600021,133.5200043,129.4100037,143301900,128.4534454,157.4,,
AAPL,987,862.8,821,2670.8,2022,1/3/2022,182.8800049,177.7100067,177.8300018,182.0099945,104487900,181.7783966,5.4,40.646000537901216,36.87598538937509
ABBV,980.8,659,749.2,2389,2020,1/2/2020,89.56999969,88.51000214,89.08000183,89.55000305,5639200,79.46199036,-16,,
ABBV,987,660,778.4,2425.4,2021,1/4/2021,107.3499985,103.8600006,107.1800003,105.4100037,9523400,98.71338654,36.4,17.710776225372783,19.850395078191596
ABT,932.8,682.8,777.8,2393.4,2020,1/2/2020,86.95999908,85.80000305,86.05999756,86.94999695,4969000,83.66768646,13,,
ABT,939.6,686.4,792,2418,2021,1/4/2021,110.25,107.2600021,109.5299988,109.1100006,6192000,106.6464157,24.6,25.48591653515866,26.782430044156346
ACN,980.6,837.4,882.8,2700.8,2018,1/2/2018,154.1000061,152.7799988,153.5,153.8399963,3061900,144.2749023,7.6,,
ACN,980.8,838,876.2,2695,2019,1/2/2019,141.1900024,138.2799988,138.9299927,140.5899963,2059300,134.22789,-5.8,-8.612844721,-8.377678903
ACN,984.8,868.4,880.4,2733.6,2020,1/2/2020,211.9199982,208.8099976,210.8600006,210.1499939,2431100,203.1711426,38.6,49.47720281005512,50.09561201055692
ADBE,991,838.8,899,2728.8,2020,1/2/2020,334.480011,329.1700134,330,334.4299927,1990100,334.4299927,2.2,,
ADBE,990.4,887,905.2,2782.6,2021,1/4/2021,500.7900085,476.2799988,500.2999878,485.3399963,3612900,485.3399963,53.8,45.12454232398157,49.72195408711584
ADBE,971.6,883.2,907.2,2762,2022,1/3/2022,575,553.2700195,566.6500244,564.3699951,2862700,564.3699951,-20.6,16.283430049550198,14.818584684282898
ADM,682.2,729.8,892.4,2304.4,2020,1/2/2020,46.63999939,45.88000107,46.56999969,46.11000061,3081000,43.31633759,34,,
ADM,681.8,730.2,903,2315,2021,1/4/2021,51.02999878,49.36000061,50.40000153,49.86999893,3085900,48.43432617,10.6,8.154409608020185,9.412520256038537
ADP,998.6,832.8,869.6,2701,2019,1/2/2019,130.7799988,128.6100006,129.1600037,130.1399994,2190100,121.5630798,25.4,,
ADP,998.6,849,880,2727.6,2020,1/2/2020,172,169.1999969,171.9600067,170.3200073,1364600,162.3668213,26.6,30.87444912036783,31.518582029532794
ADP,994.6,858.2,889.2,2742,2021,1/4/2021,176.5700073,167.7299957,175.9700012,168.9600067,2266700,164.9880219,14.4,-0.798497265,2.656980988372082
ADSK,974.4,744.6,890.8,2609.8,2020,1/2/2020,187.8899994,181.8800049,184.2100067,187.8300018,1515000,187.8300018,7.2,,
ADSK,972.6,815.6,904.4,2692.6,2021,1/4/2021,307.8299866,293.0499878,304.1099854,296.8399963,1406900,296.8399963,82.8,58.036518902913635,63.83521612805967
ADSK,945.4,829.4,908,2682.8,2022,1/3/2022,284.9599915,275.6600037,280.730011,283.7200012,1082800,283.7200012,-9.8,-4.419887907,-7.429424064
AEE,696,832.6,887.6,2416.2,2022,1/3/2022,89.25,87.38999939,89.25,88.58000183,1134800,87.996521,156.8,,
AEP,610,803.4,894.4,2307.8,2021,1/4/2021,83.44000244,81.20999908,83.33000183,81.54000092,3232900,78.03347015,-36.6,,
AEP,676.6,854.2,889.6,2420.4,2022,1/3/2022,88.76999664,87.52999878,88.62999725,88.61000061,2661600,87.84375,112.6,8.670590642912156,6.387816447911399
AFL,952.4,842.4,739.8,2534.6,2021,1/4/2021,44.70000076,43.02999878,44.59999847,43.18999863,3111200,41.88527298,12,,
AFL,990.6,854.8,808.6,2654,2022,1/3/2022,59.02000046,58.09000015,58.63000107,58.27000046,3231000,57.90706253,119.4,34.915495041311154,32.03579296762409
AIG,962,744.2,683.2,2389.4,2020,1/2/2020,51.86999893,51.24000168,51.63999939,51.75999832,3104600,48.16523743,-15.6,,
AIG,961.2,750.8,702.4,2414.4,2021,1/4/2021,37.95000076,36.81999969,37.65000153,37.13000107,7081000,36.03095627,25,-28.26506516,-26.8363186
AIZ,973.2,789.2,737.2,2499.6,2021,1/4/2021,136.5899963,131.0500031,136.2100067,132.1100006,395700,129.2583923,19.8,,
AJG,997.6,779.2,730.8,2507.6,2019,1/2/2019,73.06999969,71.43000031,72.66000366,71.88999939,1060500,68.15437317,-4.2,,
AJG,997.2,777.2,728.8,2503.2,2020,1/2/2020,95.86000061,94.62000275,95.61000061,95.51000214,724500,92.34941101,-4.4,32.85575594716943,31.18927195
AKAM,960.4,769.8,847.6,2577.8,2021,1/4/2021,106.4300003,103.7699966,105.1699982,105.2399979,1823300,105.2399979,-1.2,,
AKAM,961.4,793,851,2605.4,2022,1/3/2022,117.6800003,115.5999985,117.1699982,117.5100021,951900,117.5100021,27.6,11.659069217826335,10.570327885266394
ALB,612.2,821.8,826,2260,2020,1/2/2020,73.87999725,72.19000244,73.5,72.61000061,1620800,70.68095398,-44.4,,
ALB,618.2,820.6,824.6,2263.4,2021,1/4/2021,156.7599945,150.2899933,152.8999939,152.6300049,2898700,151.0861359,3.4,110.20521087694286,112.18191707499017
AMGN,999.4,705.4,864.8,2569.6,2020,1/2/2020,243.1900024,238.9799957,243,240.1000061,2088000,224.7041626,39.2,,
AMGN,999.4,736.4,870,2605.8,2021,1/4/2021,231.25,223.6699982,231.25,226.6600037,3088200,217.9892578,36.2,-5.597668496,-4.909742293
AMP,952,799.2,745.4,2496.6,2021,1/4/2021,195.8999939,185.8000031,195.3000031,188.1100006,587800,184.254425,51.4,,
AMP,945.6,851.4,750.6,2547.6,2022,1/3/2022,306.3399963,302.4200134,303.6799927,304.2600098,390500,303.1827698,51,61.74579173330776,56.37570486927923
AMT,883.8,866.4,888,2638.2,2020,1/2/2020,231.1499939,228.0099945,229.6799927,228.5,1426000,218.7402344,0.6,,
AMT,925.4,924.4,902,2751.8,2021,1/4/2021,226.2100067,219.2700043,226.0700073,219.6000061,2786400,214.2023163,113.6,-3.894964508,-2.137134904
AMT,951.8,930.4,899.8,2782,2022,1/3/2022,292.5499878,280.2799988,292.3699951,286.3800049,1597900,284.8573608,30.2,30.409834674408053,29.32672257420519
AMZN,885.2,730.8,784,2400,2020,1/2/2020,1898.01001,1864.150024,1875,1898.01001,4029000,1898.01001,64.2,,
AMZN,891.2,741.4,805.4,2438,2021,1/4/2021,3272,3144.02002,3270,3186.629883,4411400,3186.629883,38,67.89320742,72.39108238422831
AMZN,885.8,707.6,802.8,2396.2,2022,1/3/2022,3414.070068,3323.209961,3351,3408.090088,3176000,3408.090088,-41.8,6.949668242974916,4.341994743276278
ANSS,981.2,810.8,900.2,2692.2,2020,1/2/2020,259.6600037,256.25,257.0100098,259.5899963,657900,259.5899963,10.8,,
ANSS,977.4,820.8,902.4,2700.6,2021,1/4/2021,373.7900085,353.75,362.3500061,357.6700134,521700,357.6700134,8.4,37.78266439306546,43.95363289444487
ANSS,982.8,853.6,901.4,2737.8,2022,1/3/2022,403.1799927,390.5,398.9500122,395.4899902,377200,395.4899902,37.2,10.573985904069637,7.8626992513632255
AOS,795.8,737,845.6,2378.4,2020,1/2/2020,47.97999954,47.20999908,47.90999985,47.77000046,1093200,45.84213257,-122.4,,
AOS,857.6,773,872.2,2502.8,2022,1/3/2022,86.08000183,82.94000244,85.83999634,83.56999969,840000,83.26150513,124.4,74.94243015546331,79.40809223692627
APD,879,970.8,927,2776.8,2021,1/4/2021,276.4700012,267.1700134,275.3900146,268.2000122,1286200,260.8761597,9.4,,
APD,881.2,974.4,928.2,2783.8,2022,1/3/2022,305,295.7200012,304.519989,295.8099976,1130100,293.9170837,7,10.294550389285906,10.319383179429021
APTV,920.6,872.4,863.6,2656.6,2020,1/2/2020,96.33999634,95.01000214,95.94000244,96.30999756,1655300,96.0656662,42.8,,
APTV,924.6,905.8,893.4,2723.8,2021,1/4/2021,131.9700012,127.7600021,131.3600006,129.5099945,1934500,129.5099945,67.2,34.47201513977487,36.983606200539754
ATO,713.2,709.2,867,2289.4,2020,1/2/2020,112.0400009,109.4199982,112.0400009,110.3799973,906900,104.3947449,56.2,,
ATO,731.6,738.2,865,2334.8,2021,1/4/2021,95.91999817,93.69999695,95.40000153,94.02999878,1106700,90.97395325,45.4,-14.81246505,-14.38772099
ATO,717,739,868.4,2324.4,2022,1/3/2022,105.0299988,103.5299988,105,105.0100021,941600,104.3369217,-10.4,11.677128004318792,9.497498752923516
AVB,929.2,926.2,887.6,2743,2019,1/2/2019,174.0399933,168.3399963,172.5700073,169.1999969,657800,152.1012726,5.6,,
AVB,929.8,929,893,2751.8,2020,1/2/2020,210.9100037,206.0700073,210.4600067,207.2400055,817400,191.885788,8.8,22.482274998197703,21.18479189805853
AVGO,820.8,826.8,842,2489.6,2021,1/4/2021,442.2399902,421.2399902,439.3299866,425.2200012,2417100,410.1836853,11.4,,
AVY,744.4,964.8,915.6,2624.8,2020,1/2/2020,132.25,128.8800049,131.5299988,129.3099976,699300,124.763649,10,,
AVY,756.2,961.4,920,2637.6,2021,1/4/2021,157.25,151.1100006,155.4600067,151.8999939,527900,149.3992615,12.8,17.469644048620726,18.903591682419663
AWK,760.6,801.6,880.4,2442.6,2018,1/2/2018,91.48000336,88.58999634,91,89.08000183,1139600,82.8405838,-25.6,,
AWK,744.4,798.8,875.2,2418.4,2019,1/2/2019,90.44999695,88.18000031,90.44999695,88.76999664,981100,84.30430603,-24.2,-0.348007615,-1.12593613
AWK,735.4,805.2,890,2430.6,2021,1/4/2021,153.7899933,148.6199951,153.5299988,150.2400055,1378900,147.5337067,12.2,69.24637961775188,70.02763791
AXP,998.8,765.2,802.6,2566.6,2020,1/2/2020,126.2699966,124.2300034,124.6600037,125.8499985,2708000,121.9882431,34.4,,
AXP,999,796.6,811.8,2607.4,2021,1/4/2021,121.8000031,116.8499985,121.3000031,118.0400009,3472100,116.0582275,40.8,-6.205798723,-3.54002821
BAX,948.8,663.2,819,2431,2020,1/2/2020,85.87000275,84.18000031,85,85.87000275,2957800,83.45846558,8,,
BAX,949.8,680.8,815.6,2446.2,2021,1/4/2021,80.98999786,79.30999756,80.48999786,80.12000275,3467100,78.75492096,15.2,-6.696168413,-5.683014713
BDX,932,630.4,776.6,2339,2019,1/2/2019,217.5707245,212.8975677,216.5560913,214.7121887,1206220,205.7451935,-36.8,,
BDX,931.8,634.8,787.2,2353.8,2020,1/2/2020,266.7804871,263.2878113,265.4536438,265.8926697,1725895,257.9525757,14.8,23.836784166692237,22.61782356660764
BDX,929,676.6,808.6,2414.2,2021,1/4/2021,245.5707245,240.7317047,244.8780518,244.5853729,1148000,240.4874268,60.4,-8.013495379,-7.950267589
BIIB,999.4,694,839.4,2532.8,2020,1/2/2020,299.0799866,292.2799988,299.0599976,294.2399902,1178300,294.2399902,3.2,,
BIIB,999.6,707,849.2,2555.8,2021,1/4/2021,246.3999939,238.3999939,245.7400055,242.9499969,1563400,242.9499969,23,-17.43134686,-17.61401467
BIIB,999.6,738.6,843.6,2581.8,2022,1/3/2022,247.5099945,238.0700073,240.1499939,244.1399994,1642200,244.1399994,26,0.48981375393464255,0.4504872676460048
BK,955.8,786.2,793.6,2535.6,2020,1/2/2020,50.91999817,50.22000122,50.45999908,50.91999817,2587200,47.72333527,31.2,,
BK,960.2,810.8,786,2557,2021,1/4/2021,42.63999939,41.22999954,42.5,41.68999863,5710200,40.35612488,21.4,-18.12647265,-16.26079945
BKNG,922.4,812,877,2611.4,2020,1/2/2020,2077.409912,2053.219971,2068.399902,2074.580078,329000,2074.580078,13.4,,
BKNG,922.4,806.4,873.8,2602.6,2021,1/4/2021,2257.189941,2121.209961,2250,2164.080078,334000,2164.080078,-8.8,4.314126070577262,8.654046943817594
BMY,969.4,659,795.2,2423.6,2018,1/2/2018,61.50999832,60.84000015,61.40000153,61.31000137,6472700,53.40745926,-64.8,,
BMY,972.6,684.6,780.4,2437.6,2020,1/2/2020,64,63.13999939,63.84999847,63.34000015,13163700,59.02220535,14,3.3110401804579137,4.048125098371802
BMY,999.4,696,850,2545.4,2021,1/4/2021,62.15000153,60.5,61.74000168,61.38000107,12429600,59.01318359,107.8,-3.094409655,-2.890622609
BSX,943.4,742.8,793.6,2479.8,2022,1/3/2022,43.15000153,42.09999847,42.59000015,43.11999893,5093500,43.11999893,139.6,,
BWA,892,783.2,849.2,2524.4,2020,1/2/2020,44.04999924,43.34999847,44,43.95000076,1189300,42.30266953,12,,
BWA,901.2,809.2,855.8,2566.2,2021,1/4/2021,39.13999939,37.75999832,38.99000168,38.06000137,1838500,37.34762573,41.8,-13.4015911,-11.14642437
BXP,923.6,898.2,892.6,2714.4,2020,1/2/2020,138.5399933,135.1300049,138.3000031,135.5800018,605700,124.2941208,7.2,,
BXP,926,899.4,898.4,2723.8,2021,1/4/2021,95.95999908,90.75,95.30000305,90.81999969,1240100,87.02910614,9.4,-33.01371996,-30.73480315
CAG,802.6,694,886.8,2383.4,2020,1/2/2020,34.40999985,33.38000107,34.25,33.63000107,4299000,31.38328552,-23.8,,
CAG,780.6,672.6,901,2354.2,2021,1/4/2021,36.47999954,35.75999832,36.40000153,35.99000168,4339600,34.47340393,-29.2,7.017545450229745,6.015692237790016
CAG,766,672,904.6,2342.6,2022,1/3/2022,34.09999847,33.47000122,34,34.06000137,4799600,33.75859451,-11.6,-5.362601333,-6.524125822
CAH,954.2,836,897.4,2687.6,2020,1/2/2020,51.00999832,49.47999954,50.91999817,50.09000015,2824600,46.10401154,15,,
CAH,951,892.6,909.8,2753.4,2021,1/4/2021,54.04000092,52.11000061,53.88000107,52.93000031,2861000,50.65156174,65.8,5.669794672579953,5.940017055
CB,968.6,785.6,771.4,2525.6,2020,1/2/2020,156.0200043,154.3600006,155.8500061,156.0200043,2037800,148.877533,-7.8,,
CB,967.6,774.4,782.4,2524.4,2021,1/4/2021,153.5099945,148.4100037,152.4400024,149.7299957,1799100,146.5284576,-1.2,-4.03153982,-1.608774344
CB,967,766.4,786.6,2520,2022,1/3/2022,194.1900024,190.8300018,193.4900055,191.4400024,1971900,190.7140656,-4.4,27.856814197450763,26.49990838218679
CBOE,948.6,856.2,820.4,2625.2,2021,1/4/2021,94.04000092,92.52999878,92.88999939,92.61000061,717600,92.61000061,58,,
CBOE,943,851.4,816.2,2610.6,2022,1/3/2022,129.9299927,126.5400009,129.8899994,128.4600067,464600,128.4600067,-14.6,38.710728705177154,38.164601689584956
CBRE,966.8,945.2,928.4,2840.4,2020,1/2/2020,61.90000153,60.97000122,61.90000153,61.47999954,1326700,61.47999954,-12.2,,
CBRE,957.4,946,929.8,2833.2,2021,1/4/2021,62.93000031,59.25,62.74000168,59.5,2671700,59.5,-7.2,-3.220558807,1.663972139808112
CBRE,974.6,950.4,935.2,2860.2,2022,1/3/2022,110.2300034,107.6900024,109.3499985,108.6699982,933300,108.6699982,27,82.63865244,75.16288392975538
CCL,830.2,820,925.6,2575.8,2020,1/2/2020,51.66999817,50.72999954,51.34999847,51.31000137,4201000,50.71805573,-22.2,,
CCL,816.4,810.8,923,2550.2,2021,1/4/2021,21.70999908,20.04000092,21.70000076,20.37999916,40642500,20.37999916,-25.6,-60.28064974,-57.9833562
CCL,795.8,804.6,923.6,2524,2022,1/3/2022,21.73999977,20.43000031,20.55999947,21.40999985,38836800,21.40999985,-26.2,5.053978078770438,0.1381883522401317
CDNS,976.8,789.8,889.8,2656.4,2020,1/2/2020,71.44000244,69.58999634,70.18000031,71.44000244,1410700,71.44000244,21.2,,
CDNS,977.2,803,894.6,2674.8,2021,1/4/2021,138.3099976,133.5099945,136.8899994,135.7599945,2502000,135.7599945,18.4,90.03358044,93.60301354435396
CFG,964.2,719.2,765,2448.4,2020,1/2/2020,40.77999878,40.18999863,40.72000122,40.75,2903800,36.82233047,18.8,,
CFG,962.6,750.2,776.8,2489.6,2021,1/4/2021,36.20000076,34.91999817,36.02000046,35.52000046,3483500,33.99567413,41.2,-12.8343547,-11.23099107
CHD,824.8,827.6,840.8,2493.2,2020,1/2/2020,70.70999908,69.66000366,70.37999725,70.02999878,1424300,68.21951294,7.2,,
CHD,852.6,835.6,857.2,2545.4,2021,1/4/2021,87.79000092,85.58999634,87.01999664,86.59999847,1355500,85.35649872,52.2,23.661287988958613,24.155002209342413
CHD,869.4,869.4,868.2,2607,2022,1/3/2022,101.8399963,99.77999878,101.3700027,101.7099991,1516500,101.4367599,61.6,17.448037987245947,16.00409526456581
CHRW,871.2,740,871,2482.2,2020,1/2/2020,78.5,76.91000366,78.5,77.83000183,1258800,73.54290009,1.6,,
CHRW,883.4,752.8,874.4,2510.6,2021,1/4/2021,93.97000122,91.80000305,93.65000153,92.37000275,1138900,89.40032196,28.4,18.68174300157279,19.707007923566877
CHRW,902.2,811.6,887.4,2601.2,2022,1/3/2022,110.5,107.3000031,109.1200027,107.9000015,1383200,107.3235016,90.6,16.81281616070971,17.590718916029836
CHTR,955.6,802.8,842.2,2600.6,2020,1/2/2020,491.4100037,480.4899902,487.4100037,490.4299927,1378800,490.4299927,-7.4,,
CHTR,947,783.2,838.4,2568.6,2021,1/4/2021,666.5900269,637,666.5900269,647.0300293,1185200,647.0300293,-32,31.931170387410113,35.64844465538095
CHTR,888.6,738,844.8,2471.4,2022,1/3/2022,651.7999878,638.6799927,642.75,647.5800171,1047300,647.5800171,-97.2,0.085001897,-2.218760933
CINF,965.8,811.6,694,2471.4,2020,1/2/2020,106.0299988,104.8000031,105.6200027,105.9599991,801100,99.80466461,6.2,,
CINF,964.4,817.8,709.4,2491.6,2021,1/4/2021,88.29000092,83.87000275,87.81999969,84.5,974700,82.23901367,20.2,-20.25292495,-16.73111203
CINF,963.4,811.6,730.6,2505.6,2022,1/3/2022,115.8199997,112.4300003,114.3600006,113.1100006,403800,112.5119476,14,33.85798887573965,31.181332532712357
CMA,959,761.2,746.8,2467,2020,1/2/2020,72.23000336,70.73999786,72,71.75,1457000,64.22531128,-20.2,,
CMA,966.2,737.4,757.8,2461.4,2021,1/4/2021,56.81000137,54.77999878,56.65999985,55.5,1405300,53.09797287,-5.6,-22.64808362,-21.34847193
CMCSA,975.6,814,818.2,2607.8,2020,1/2/2020,45.40000153,44.93000031,45.36000061,45.36999893,20170500,43.13241577,-3.2,,
CMCSA,962.2,802.8,824.6,2589.6,2021,1/4/2021,52.40000153,49.61999893,52.27999878,50.50999832,22302100,49.09545898,-18.2,11.329070996740276,15.41850168303287
CMCSA,908.8,757.8,838.6,2505.2,2022,1/3/2022,50.95000076,49.70999908,49.97999954,50.74000168,20706000,50.20664597,-84.4,0.4553620424669891,-2.767176961
CME,946.4,853.6,870.6,2670.6,2020,1/2/2020,202.0500031,200.5800018,201.1100006,201.8500061,1464900,188.6208038,11.4,,
CME,961,869,879,2709,2021,1/4/2021,183.1699982,177.6900024,183.1000061,179.3000031,1437700,173.0124207,38.4,-11.17166327,-9.344224009
CME,957.4,875.8,875.2,2708.4,2022,1/3/2022,229.5,223.8999939,229.1300049,225.4600067,1317500,224.4477539,-0.6,25.744563748978557,25.29344448069115
CMG,919.6,705.4,879.2,2504.2,2020,1/2/2020,859.1900024,837.5300293,839.9699707,858.1900024,487300,858.1900024,11.8,,
CMG,920.6,707.4,886.4,2514.4,2021,1/4/2021,1390,1312.339966,1386.680054,1319.119995,513900,1319.119995,10.2,53.709550485436885,61.78028097595099
CMI,931,819.8,874.2,2625,2020,1/2/2020,180.8800049,177.3999939,180.0200043,179.3200073,1272900,169.2431183,1,,
CMI,917.2,839.2,880.6,2637,2021,1/4/2021,229.1499939,219.75,227.6799927,221.3699951,999200,214.8632507,12,23.449691104267558,26.686193991804785
CMS,729.6,818.6,893,2441.2,2020,1/2/2020,62.88000107,61.56999969,62.86000061,61.70999908,2420100,57.99202347,19.4,,
CMS,744.4,835.6,893.4,2473.4,2021,1/4/2021,60.79999924,59.36000061,60.63999939,59.61000061,1821600,57.51871872,32.2,-3.40301167,-3.307890895
CMS,804,884.4,889.6,2578,2022,1/3/2022,65.16000366,64,64.98000336,64.70999908,1222800,64.2507782,104.6,8.555608820350269,7.171059990954043
CNC,997.8,717.4,854.6,2569.8,2022,1/3/2022,83.13999939,81.69999695,83.13999939,82.65000153,3421200,82.65000153,23.4,,
CNP,723.8,766.8,878,2368.6,2020,1/2/2020,27.34000015,26.69000053,27.32999992,26.95000076,3385800,25.23715019,67.4,,
CNP,644.2,762,883,2289.2,2021,1/4/2021,21.73999977,21.18000031,21.67000008,21.34000015,3968000,20.65467072,-79.4,-20.81632821,-20.48281035
COF,998.8,733.4,795,2527.2,2019,1/2/2019,77.36000061,74.38999939,74.48999786,77.26000214,3290800,73.32194519,-36.6,,
COF,998.8,730.8,806.8,2536.4,2021,1/4/2021,99.98999786,96.98000336,99.73000336,97.83999634,3429700,95.80793762,9.2,26.63732025622747,29.252840061475794
COO,938,785.8,860,2583.8,2021,1/4/2021,367.0299988,353.019989,365,357.2600098,283100,357.1791077,24,,
COO,943.4,785,871.2,2599.6,2022,1/3/2022,429.6300049,418.4500122,428.1600037,421.6000061,347500,421.5682373,15.8,18.009291422238547,17.055828216949553
COP,689.4,843.2,867.4,2400,2020,1/2/2020,65.68000031,64.84999847,65.27999878,65.45999908,4122800,60.38814545,82.2,,
COP,626.4,803.4,859.4,2289.2,2021,1/4/2021,40.65000153,39.18000031,40.5,39.56999969,8597600,37.97010422,-110.8,-39.55087038,-38.10901136
COP,651,805.8,845.4,2302.2,2022,1/3/2022,73.95999908,72.01999664,72.02999878,73.76999664,5769900,73.18209076,13,86.42910593361188,81.94341032291716
CPB,817,822.8,896.6,2536.4,2020,1/2/2020,49.56000137,48.36000061,49.45000076,48.49000168,1730300,44.86088181,18.6,,
CPB,812,843.6,904.4,2560,2021,1/4/2021,48.66999817,47.86000061,48.20000076,48.52999878,2134000,46.2206955,23.6,0.082485252,-1.795809474
CPT,884.2,868.8,850.4,2603.4,2019,1/2/2019,87.26000214,83.66999817,87.26000214,84.27999878,489500,76.50302887,-3.2,,
CPT,895,887.6,852.8,2635.4,2020,1/2/2020,106.6500015,104.6900024,106.6500015,105.0599976,585600,98.2986145,32,24.655907831991076,22.220947609983632
CPT,897.2,903.6,871.2,2672,2021,1/4/2021,100.1500015,96.12000275,99.77999878,96.30000305,523900,93.49299622,36.6,-8.338087522,-6.094702212
CSCO,988.6,876.4,874.6,2739.6,2020,1/2/2020,48.41999817,47.88000107,48.06000137,48.41999817,16708100,45.23390961,20.2,,
CSCO,991.2,883.2,878.6,2753,2021,1/4/2021,44.36999893,43.34999847,44.31000137,43.95999908,24392500,42.51070404,13.4,-9.211068275,-8.364311014
CSX,867.2,752.6,930.2,2550,2020,1/2/2020,24.39666748,24.08333206,24.2733326,24.39666748,8490300,23.7368927,1.8,,
CSX,890.2,814,927.8,2632,2021,1/4/2021,30.34666634,29.12999916,30.21999931,29.32999992,15560700,28.91710091,82,20.221337377509705,24.388572188712708
CSX,851,816.2,929,2596.2,2022,1/3/2022,37.74000168,36.84999847,37.45999908,37.08000183,8722400,36.96964645,-35.8,26.423463795222556,24.36292427367823
CTAS,898.2,773.8,854,2526,2021,1/4/2021,354.7399902,342.2999878,353.9400024,343.6000061,850100,339.6719666,34.2,,
CTAS,918,810.8,860.2,2589,2022,1/3/2022,442.6700134,423.019989,442.3399963,424.0899963,642500,423.0171509,63,23.42549149331927,24.787175291521436
CTSH,978.8,755.6,851.2,2585.6,2021,1/4/2021,82.26999664,78.69999695,82,79.41999817,2305700,78.18497467,-5.8,,
CTSH,977.8,810,885.2,2673,2022,1/3/2022,89.97000122,88.38999939,88.68000031,89.56999969,2673800,89.29954529,87.4,12.780158340313408,9.359432228609354
CVX,622.6,763.8,798,2184.4,2020,1/2/2020,121.6299973,120.7699966,120.8099976,121.4300003,5205000,108.060585,36.6,,
CVX,618.8,770.8,800,2189.6,2021,1/4/2021,85.94999695,83.88999939,85.15000153,84.70999908,9234900,79.65483856,5.2,-30.23964517,-29.33486898
CVX,577,798.6,798.8,2174.4,2022,1/3/2022,119.6900024,117.2900009,117.4199982,119.2600021,10717700,118.0208893,-15.2,40.78621578943829,39.25538876938843
DGX,997.2,793.2,831.2,2621.6,2020,1/2/2020,106.8199997,104.9700012,106.7600021,105.7300034,1020900,100.58564,7.6,,
DGX,997.6,798.4,828,2624,2021,1/4/2021,121.2600021,118.6100006,120,121.1200027,1182300,117.8264008,2.4,14.555943256500449,13.51807006230501
DGX,997.4,746.6,838,2582,2022,1/3/2022,172.5,162.8899994,172.2799988,164.3500061,1232500,162.8312225,-42,35.69187783711962,42.256306294423204
DHR,933,703.8,828.6,2465.4,2021,1/4/2021,225.6600037,219.6799927,224.9900055,223.2299957,3192500,222.3490295,119.8,,
DHR,972.6,835.4,877.4,2685.4,2022,1/3/2022,328.5700073,312.3800049,327.1199951,315.7600098,3664000,315.4840393,220,41.45052899806152,45.604006874347135
DLR,931.8,892.4,889.2,2713.4,2020,1/2/2020,120.3600006,117.4599991,120.0100021,118,1071900,109.8285522,72.8,,
DLR,932.6,898.6,889.6,2720.8,2021,1/4/2021,139.9900055,135.0899963,139.9900055,135.2899933,1858100,130.0937653,7.4,14.652536694915241,16.309409107796213
DLR,935.4,926,878,2739.4,2022,1/3/2022,177.1499939,171.7100067,176.8600006,175.0899963,1000700,173.5156403,18.6,29.418290317854566,26.54474386744703
DLTR,932,829.2,883.6,2644.8,2021,1/4/2021,108.3399963,105.3099976,107.6299973,106.9400024,1664800,106.9400024,36.4,,
DLTR,932,851.8,914.6,2698.4,2022,1/3/2022,141.8000031,139.8899994,140.5200043,141.1699982,1398000,141.1699982,53.6,32.00859830913938,30.88426060800964
DPZ,895.6,704.2,866.8,2466.6,2021,1/4/2021,383.2999878,377.019989,383,379.5,663400,375.293335,17.4,,
DPZ,845.6,666.4,863.8,2375.8,2022,1/3/2022,564.7299805,541.2199707,562.7800293,553.2199707,360300,551.6449585,-90.8,45.77601336,47.33368079173208
DUK,684,772.6,872.8,2329.4,2020,1/2/2020,91.77999878,90.02999878,91.27999878,90.33999634,3921800,82.43216705,9,,
DUK,692.2,792,891.2,2375.4,2021,1/4/2021,92.12999725,89.19999695,91.77999878,89.70999908,2683700,85.43527222,46,-0.697362503,0.38134503666638064
DUK,710.2,828.6,908.2,2447,2022,1/3/2022,104.9100037,103.0199966,104.9100037,103.4899979,3272700,102.4656067,71.6,15.360605240572479,13.87171044336486
DVN,654.8,801.6,867.6,2324,2020,1/2/2020,26.28000069,25.62999916,26.20999908,25.79000092,5091400,22.48558617,17,,
DVN,663,827.8,848.8,2339.6,2021,1/4/2021,16.43000031,15.71000004,16,16.12999916,10303800,14.93776798,15.6,-37.45638393,-37.48097459
DXCM,876,644.2,787.2,2307.4,2020,1/2/2020,222.6300049,213.6900024,218.5599976,219.3800049,852600,219.3800049,145,,
DXCM,881.4,739.2,835.4,2456,2021,1/4/2021,369.4700012,351.8399963,366.0700073,357.7399902,1019900,357.7399902,148.6,63.068639898640114,65.95696584831725
DXCM,888.6,771.4,834.4,2494.4,2022,1/3/2022,532.789978,513,531.7999878,520.789978,923400,520.789978,38.4,45.57779176682048,44.20385315981101
EBAY,966.2,771.8,845.6,2583.6,2020,1/2/2020,36.5,36.13999939,36.40999985,36.29999924,4979300,35.24544144,-13.6,,
EBAY,973.2,784.2,849.2,2606.6,2021,1/4/2021,51.90000153,50.45000076,50.47999954,51.5,7843500,50.72276688,23,41.87328121,42.19178501369862
EBAY,981.4,813.4,865.8,2660.6,2022,1/3/2022,67.12000275,65.66000366,66.44999695,66.80000305,6685500,66.52433014,54,29.708743786407776,29.32562769040057
ECL,733.6,804,858.8,2396.4,2020,1/2/2020,193.8899994,189.8500061,193.6600037,190.2299957,1590500,186.1977539,40.2,,
ECL,793.4,828,869.2,2490.6,2021,1/4/2021,220.4499969,213.1100006,218,214.3099976,1459900,211.7489471,94.2,12.658362216427266,13.698487586874485
ECL,810.4,831.2,876.6,2518.2,2022,1/3/2022,235.2400055,228.6199951,234.6799927,229.8300018,715000,229.0921021,27.6,7.241847965005999,6.709008304821618
EIX,726.8,755.8,864,2346.6,2020,1/2/2020,75.58000183,74.30999756,74.70999908,74.37999725,2632200,67.24298096,125.4,,
EIX,778.6,768.2,880.6,2427.4,2021,1/4/2021,62.93999863,60.04999924,62.75999832,60.49000168,1628200,57.27614975,80.8,-18.67436957,-16.72400489
EIX,787.2,780.2,882.8,2450.2,2022,1/3/2022,68.33999634,66.55000305,68.33999634,67.51000214,1579400,66.83229065,22.8,11.605224442109808,8.579596167
EMN,752,875.2,848.8,2476,2020,1/2/2020,80.40000153,78.56999969,80.40000153,78.66999817,1187000,73.18756866,30,,
EMN,763.6,891,855.2,2509.8,2022,1/3/2022,122.4800034,119.3799973,121.5,119.6299973,1009700,118.7675552,33.8,52.065590546333176,52.33830978759186
EOG,503.2,748,834.8,2086,2020,1/2/2020,84.61000061,83.54000092,84.31999969,84.13999939,2496400,75.41825104,-19.8,,
EOG,607.4,779.2,835.2,2221.8,2021,1/4/2021,50.95000076,48.59999847,50.75999832,49.86000061,4406500,46.06173706,135.8,-40.74161995,-39.78253115
EQIX,891.6,895.2,890.2,2677,2020,1/2/2020,584.9099731,576.0300293,583.9099731,579.3499756,448500,559.4927368,-20.6,,
EQIX,909.6,890.4,890.2,2690.2,2021,1/4/2021,719.2399902,691.6300049,718.3400269,692.5599976,567100,679.0235596,13.2,19.540869382579107,22.96593036156591
EQR,908.8,895.8,884.8,2689.4,2020,1/2/2020,81.48000336,79.34999847,81.31999969,79.76999664,1797800,73.699646,10.6,,
EQR,911.8,919.6,901.8,2733.2,2021,1/4/2021,60.08000183,57.22000122,59.38000107,57.5,4564500,55.39738083,43.8,-27.91776053,-26.26411469
EQR,941.8,940,897.2,2779,2022,1/3/2022,91.19000244,89.19000244,90.77999878,91.05999756,1430500,90.41400146,45.8,58.365213147826076,51.78095815980104
ETN,899.6,868.2,887.4,2655.2,2020,1/2/2020,95.87999725,94.23999786,95.23999786,95.87000275,2380800,91.39164734,9.8,,
ETN,900,871,886.4,2657.4,2021,1/4/2021,121.5800018,117.8700027,120.3000031,118.75,1947800,115.807869,2.2,23.865647849895353,26.80434427108831
ETN,896,865.6,886.2,2647.8,2022,1/3/2022,173.3899994,167.9199982,173.3899994,168.6600037,1307200,167.743866,-9.6,42.0294768,42.613914157714696
EXPD,919.8,802,899.4,2621.2,2020,1/2/2020,78.73000336,77.62000275,78.62000275,78.34999847,1062400,76.64560699,-10.6,,
EXPD,919,815.4,903.2,2637.6,2021,1/4/2021,95.90000153,91.68000031,95.37000275,92.30999756,1310200,91.46147156,16.4,17.817484827833454,21.808710068877613
EXPD,923.4,853.8,900.8,2678,2022,1/3/2022,134.9600067,129.4700012,134.3600006,130.7899933,1043400,130.7899933,40.4,41.68562101303124,40.729931748521444
FCX,586.2,751.6,865,2202.8,2020,1/2/2020,13.44999981,13.13000011,13.35000038,13.19999981,22771700,12.98290539,-11.2,,
FCX,636.6,762.8,889.4,2288.8,2021,1/4/2021,27.76000023,26.46999931,27.23999977,27.13999939,31398600,26.79265404,86,105.60605894432965,106.39405667025063
FCX,655.8,794.4,892.6,2342.8,2022,1/3/2022,42.04999924,41.29000092,41.47999954,41.47999954,12658000,41.21299744,54,52.83714249191809,51.47694125
FDX,896.4,799.8,880,2576.2,2021,1/4/2021,260.5,250.8999939,260.3999939,253.1900024,3797100,249.5815277,1.6,,
FDX,894.2,813.6,883.2,2591,2022,1/3/2022,261.6900024,256.9599915,259.7999878,258.5499878,1752400,257.6737976,14.8,2.1169814562946643,0.45681474088292706
FFIV,974.8,750.2,890.6,2615.6,2022,1/3/2022,244.8200073,240.1799927,244.7400055,242.75,324100,242.75,-16,,
FIS,974.6,777.2,885.4,2637.2,2022,1/3/2022,114.3799973,109.0299988,109.3499985,113.8799973,4647600,113.2980957,7.6,,
FITB,955.6,740.4,779.6,2475.6,2020,1/2/2020,31.02000046,30.55999947,30.95000076,31.02000046,4618500,28.4171257,7.6,,
FITB,959.6,755.6,795.6,2510.8,2021,1/4/2021,27.95999908,26.82999992,27.76000023,27.22999954,4980400,26.3044014,35.2,-12.2179267,-9.864607784
FITB,972.2,836,817,2625.2,2022,1/3/2022,44.74000168,43.99000168,43.99000168,44.66999817,4020900,44.37955475,114.4,64.04700302833717,60.01431742536381
FMC,633.2,741,860.6,2234.8,2020,1/2/2020,101.4000015,99.44999695,100.3700027,99.87999725,1023100,95.8269043,-45.6,,
FMC,642.8,729.2,853.8,2225.8,2021,1/4/2021,116.3499985,112.4800034,115.7099991,113.1200027,585800,110.583046,-9,13.255912910029632,14.74358656690946
FMC,659.4,788.6,852.2,2300.2,2022,1/3/2022,111.5800018,110.0500031,110.5599976,110.1500015,674600,109.703331,74.4,-2.625531408,-4.0996964
FRT,925.6,902,861.2,2688.8,2020,1/2/2020,129.8399963,124.7399979,129.5200043,125.2799988,417000,114.2132416,29.2,,
FRT,955.2,911.2,878.4,2744.8,2021,1/4/2021,86.25,81.98999786,85.15000153,82.26999664,929200,78.65641022,56,-34.33110039,-33.57208683
FTNT,975.4,756.2,885,2616.6,2022,1/3/2022,362.1199951,332.4400024,362.1199951,333.1199951,1903000,333.1199951,38,,
FTV,799.8,708,860.8,2368.6,2020,1/2/2020,64.90376282,64.03347015,64.43514252,64.89539337,1939007,64.31382751,17.4,,
FTV,689.6,716.8,887.4,2293.8,2021,1/4/2021,71.18000031,68.66000366,71,68.80999756,2233000,68.46911621,-74.8,6.032175762740133,9.670067215
GLW,854,895.2,862.6,2611.8,2022,1/3/2022,37.59999847,36.93999863,37.40000153,37.18999863,3179900,36.94212723,11.8,,
GPC,925.8,897.2,922,2745,2021,1/4/2021,101.0800018,97.27999878,101.0800018,98.44000244,910400,95.15145874,15.2,,
GPC,927.8,895.6,924.4,2747.8,2022,1/3/2022,141.1000061,136.5899963,140.7599945,137.9299927,417800,136.9417725,2.8,40.11579569400101,39.59240560678343
GPN,996.4,729.6,842.6,2568.6,2020,1/2/2020,186.6699982,183.6100006,183.9499969,185.6699982,1816400,183.5167389,4.4,,
GPN,992.4,780.8,853.8,2627,2021,1/4/2021,215.5099945,204.0399933,215.0800018,207.2200012,2141400,205.7078857,58.4,11.606615613141091,15.449722278938772
GPN,973.8,781.6,861,2616.4,2022,1/3/2022,142.1199951,135.5899963,135.7299957,141.6999969,3071000,141.4234619,-10.6,-31.61857153,-34.05410481
GRMN,889.6,806.8,886.4,2582.8,2020,1/2/2020,98.47000122,97.37999725,97.62000275,98.33999634,828000,93.51973724,-15.8,,
GRMN,882.6,823.2,904.2,2610,2021,1/4/2021,120.6500015,117.8700027,119.7900009,118.8000031,785000,115.9300842,27.2,20.805376775957683,22.52462679516558
GWW,972.2,895,872.4,2739.6,2020,1/2/2020,344.7099915,337.2099915,339.75,344.7099915,376700,332.380188,19.8,,
GWW,935.8,888.6,879,2703.4,2021,1/4/2021,411.4899902,391.1700134,410.4400024,393.7200012,432700,386.6342468,-36.2,14.217751416700676,19.372806227463247
GWW,931.8,890.4,885.6,2707.8,2022,1/3/2022,521.3900146,504.4200134,517.5100098,510.2000122,203700,508.4545288,4.4,29.584478981252225,26.70782449570264
HBAN,950.4,771.4,824,2545.8,2020,1/2/2020,15.15999985,14.85000038,15.11999989,14.98999977,9975100,13.42858505,41.2,,
HBAN,959,773.8,843,2575.8,2021,1/4/2021,12.81999969,12.42000008,12.75,12.56000042,13977800,11.94811153,30,-16.21080312,-15.43535741
HBAN,960.8,789.2,844.2,2594.2,2022,1/3/2022,15.97999954,15.48999977,15.5,15.80000019,10812500,15.64128399,18.4,25.796175650127886,24.648985385427878
HIG,970.4,828.4,789.8,2588.6,2020,1/2/2020,61.00999832,60.22999954,60.95999908,60.95000076,1612000,57.51569366,7.8,,
HIG,967,851.6,808,2626.6,2021,1/4/2021,49.81000137,48.02000046,49.63000107,48.29000092,2963900,46.93664932,38,-20.77112335,-18.35764179
HIG,970,875.6,828.4,2674,2022,1/3/2022,70.11000061,69.18000031,69.30000305,69.51000214,1048300,69.13169861,47.4,43.94284699881095,40.754865853560204
HLT,835.6,835.2,922.6,2593.4,2020,1/2/2020,111.6200027,110.4599991,111.1500015,111.4499969,2014600,111.2792358,16.6,,
HLT,839.2,837.4,927.8,2604.4,2021,1/4/2021,111.3099976,106.0100021,110.9700012,107.4599991,2759300,107.4599991,11,-3.580078879,-0.277732568
HOLX,908.4,653.6,767.8,2329.8,2020,1/2/2020,52.31000137,51.38999939,52.09999847,52.06999969,1644100,52.06999969,36.8,,
HOLX,911,714.4,764.4,2389.8,2021,1/4/2021,74.41000366,71.87000275,73.22000122,73.12000275,1876400,73.12000275,60,40.42635526276492,42.24813938291052
HRL,799.6,775.4,900.4,2475.4,2020,1/2/2020,45.34999847,44.04000092,45.13999939,44.31000137,2405700,42.29795837,35.4,,
HRL,785.4,793.6,899.2,2478.2,2021,1/4/2021,46.74000168,45.75,46.68999863,46.31000137,2593400,45.08922958,2.8,4.513653663197803,3.0650567958001362
HSIC,927,886.4,886.4,2699.8,2020,1/2/2020,67.94000244,66.75,67.19000244,67.12000275,987600,67.12000275,-10.4,,
HSIC,936.2,886.8,887.2,2710.2,2021,1/4/2021,68.59999847,66.22000122,68.20999908,66.48999786,903100,66.48999786,10.4,-0.938624649,0.9714395147142785
HSIC,957.2,888.2,884.8,2730.2,2022,1/3/2022,77.91000366,76.79000092,77.38999939,77.43000031,490300,77.43000031,20,16.453606259749076,13.571436439712791
HST,920.6,897,891.6,2709.2,2020,1/2/2020,18.65999985,18.12999916,18.64999962,18.22999954,8615600,17.90677261,-5.2,,
HST,925.2,885.4,901.8,2712.4,2021,1/4/2021,14.84000015,14.01000023,14.72000027,14.14999962,9386100,14.14999962,3.2,-22.38069129,-20.47159556
HSY,826.6,776.4,881,2484,2020,1/2/2020,147.8099976,143.5399933,147.2299957,143.9600067,821500,137.4774017,2.6,,
HSY,805.6,793.6,894.2,2493.4,2021,1/4/2021,153.4199982,149.5899963,153.0099945,150.8999939,861600,147.2431641,9.4,4.820774435265429,3.795413498
IBM,991.8,800.8,855,2647.6,2020,1/2/2020,129.9426422,128.8432159,129.0630951,129.4646301,3293436,115.2616501,-1.6,,
IBM,991.6,812,851.4,2655,2021,1/4/2021,120.3824081,117.6290665,120.3154907,118.4894867,5417443,111.2859955,7.4,-8.477329593,-7.357272361
IBM,990.6,866.6,847.2,2704.4,2022,1/3/2022,136.2899933,133.6300049,134.0700073,136.0399933,4605900,134.4208221,49.4,14.811868199273736,13.214210822885164
IDXX,891.4,763.6,754,2409,2020,1/2/2020,265.2600098,260.4899902,261.5299988,265.019989,445500,265.019989,116.4,,
IDXX,906,817.8,771,2494.8,2021,1/4/2021,504.6600037,483.1300049,503,491.769989,472300,491.769989,85.8,85.55958396028763,90.25106878360675
IDXX,928,857.6,800.8,2586.4,2022,1/3/2022,656.3099976,625.2800293,655.6599731,631.0100098,418200,631.0100098,91.6,28.31405411361938,30.049933180389267
IEX,786.6,692,846.8,2325.4,2020,1/2/2020,173.3200073,171.1499939,172.8300018,173.3000031,326500,169.1308441,5.8,,
IEX,838,740,881,2459,2022,1/3/2022,236.6499939,228.6900024,236.3200073,230.6900024,289700,230.1410522,133.6,33.11598284674238,36.53933991035554
ILMN,975.6,928,871.6,2775.2,2021,1/4/2021,374.5,361.3900146,370.8399963,367.7600098,970100,367.7600098,37.6,,
ILMN,976.2,925.4,874.2,2775.8,2022,1/3/2022,382.2600098,373.8599854,381.1099854,380.8699951,574700,380.8699951,0.6,3.5648207936283427,2.0720987449933226
INCY,980,671,860.2,2511.2,2022,1/3/2022,74.05999756,72.26000214,73.19999695,73.97000122,1391200,73.97000122,31.4,,
INTC,913.4,897.2,868.6,2679.2,2020,1/2/2020,60.97000122,60.22000122,60.24000168,60.84000015,18056000,58.64454651,16.2,,
INTC,923.2,879.4,870.4,2673,2021,1/4/2021,51.38999939,49.40000153,49.88999939,49.66999817,46102500,49.0681076,-6.2,-18.35963503,-15.71264825
INTU,977.6,783.4,886.6,2647.6,2020,1/2/2020,266.6000061,261.0799866,261.0799866,266.1600037,1124500,263.0436707,1,,
INTU,977.8,800.4,887.6,2665.8,2021,1/4/2021,384.6199951,366.1700134,379.7399902,371.7000122,1839800,370.1407776,18.2,39.65284303909107,44.26856200285736
IPG,999,800,880.8,2679.8,2020,1/2/2020,23.36000061,22.38999939,23.27000046,22.70999908,4513100,20.69067764,1.8,,
IPG,999,806.2,880.4,2685.6,2021,1/4/2021,23.62000084,23.04999924,23.46999931,23.13999939,3177500,22.19868469,5.8,1.8934404553925699,1.113014654155009
IQV,966.6,705.2,842.8,2514.6,2020,1/2/2020,156.7299957,153.5700073,155.2299957,156.4100037,1925900,156.4100037,22.4,,
IQV,970.6,755.4,858.2,2584.2,2021,1/4/2021,179.8099976,174.2799988,178.4400024,176.6000061,1046500,176.6000061,69.6,12.90838305,14.725963461504787
ISRG,900.6,718.4,784.6,2403.6,2021,1/4/2021,275.2799988,262.9599915,275.2799988,266.6666565,1781700,266.6666565,56,,
ISRG,908.6,776.6,799.4,2484.6,2022,1/3/2022,360.5100098,353.1300049,358.6499939,360,1573300,360,81,35.00000515,30.961207269519942
ITW,914.6,822.6,871.2,2608.4,2021,1/4/2021,209.3699951,201.5,209.3699951,203.1300049,1418100,198.9489288,13.2,,
ITW,912.8,817.2,871.4,2601.4,2022,1/3/2022,247.6000061,240.3899994,247.3000031,243.4799957,839700,243.4799957,-7,19.864121413212253,18.259546207535827
IVZ,970.2,710.6,786.4,2467.2,2019,1/2/2019,17.04000092,16.31999969,16.42000008,16.84000015,5222300,14.26651955,4.4,,
IVZ,964,741.4,791.8,2497.2,2021,1/4/2021,17.65999985,16.92000008,17.54000092,16.95000076,4953100,16.33224678,30,0.6532102673407536,3.6384911767950667
JBHT,917.2,887.4,892.6,2697.2,2021,1/4/2021,137.8000031,133.9799957,136.2299957,134.8399963,834000,134.3359833,117.4,,
JBHT,940,879.8,893.6,2713.4,2022,1/3/2022,206.5200043,200.4299927,205,201.8399963,490900,201.8399963,16.2,49.688521090533435,49.86937565605905
JCI,875,905.4,864.8,2645.2,2020,1/2/2020,41.40999985,40.72999954,40.90999985,41.40000153,4201500,39.59725571,15,,
JCI,839.4,949.4,879.6,2668.4,2021,1/4/2021,47.22999954,45.90999985,46.61000061,46.18000031,5389300,45.42604828,23.2,11.545890346250909,14.054575491624899
JCI,897.4,931.4,893.8,2722.6,2022,1/3/2022,81.44999695,78.72000122,81.18000031,79.34999847,3598900,79.34999847,54.2,71.82762654251704,72.45394398324822
JKHY,981.4,809.2,895.4,2686,2022,1/3/2022,171.6000061,166.1199951,167.0700073,171.5,507700,171.5,64,,
JNJ,974.2,576.2,771.2,2321.6,2020,1/2/2020,146.0200043,145.0800018,145.8699951,145.9700012,5777000,137.7292786,29.2,,
JNJ,985.2,602.2,814.2,2401.6,2021,1/4/2021,157.3800049,154.1300049,157.2400055,156.5,11765900,151.6792145,80,7.213810175675994,7.779756379585301
JNJ,985.2,669.4,829.2,2483.8,2022,1/3/2022,171.6000061,169.1000061,170.2100067,171.5399933,6012200,170.4458771,82.2,9.610219361022354,9.035456066
JNPR,992.4,814.6,869.6,2676.6,2021,1/4/2021,22.71999931,22.38999939,22.5,22.61000061,5320500,21.82568932,6.4,,
JNPR,966.8,833,864.6,2664.4,2022,1/3/2022,35.68999863,35.04000092,35.65000153,35.36000061,2834500,35.1436348,-12.2,56.39097592222488,57.08626634636988
JPM,976.8,760.4,819,2556.2,2020,1/2/2020,141.1000061,139.2599945,139.7899933,141.0899963,10803700,132.0193481,17.8,,
JPM,978.6,677.4,785.2,2441.2,2021,1/4/2021,127.8600006,124.7799988,127.5,125.8700027,16819900,122.0549316,-115,-10.78743639,-9.383419509
JPM,977.8,673.6,767,2418.4,2022,1/3/2022,162.6399994,159.5099945,159.8600006,161.6999969,13120900,160.7365112,-22.8,28.46587227410935,27.201625713116083
KHC,761.2,717.6,874.6,2353.4,2020,1/2/2020,32.41999817,31.5,32.29000092,31.61000061,6008700,28.44557762,190.8,,
KHC,742.2,713.4,864.6,2320.2,2021,1/4/2021,34.68000031,33.90999985,34.59000015,34.22999954,5824100,32.49005127,-33.2,8.288512747358666,6.971012546482203
KHC,721,712,865.8,2298.8,2022,1/3/2022,36.16999817,35.64199829,35.84999847,36.13999939,5957600,35.76137161,-21.4,5.579900308698615,4.296418243025113
KLAC,877.4,856,873.4,2606.8,2018,1/2/2018,106.6299973,104.9199982,105.7600021,106.1299973,1689000,97.62930298,12.4,,
KLAC,870.6,862,876.8,2609.4,2020,1/2/2020,182.6999969,180.0200043,180.7799988,182.5700073,1056900,176.7989655,2.6,72.02488640786953,71.34014960722503
KLAC,863.2,865.4,880.8,2609.4,2021,1/4/2021,270.2799988,257.7000122,262.0599976,260.3299866,1252000,256.656311,-4.55E-13,42.59186952445282,47.93650978983677
KMB,842.6,854.4,861.6,2558.6,2020,1/2/2020,137.5700073,135.0099945,137.3999939,135.8300018,1421300,126.3424149,-4.6,,
KMB,837.8,855.6,863.4,2556.8,2021,1/4/2021,134.8999939,132.4900055,134.3500061,133.3999939,1837000,127.7907639,-1.8,-1.789006749,-1.94083976
KMI,815.4,810,915.2,2540.6,2020,1/2/2020,21.25,20.98999977,21.25,21.04000092,10373100,18.11177635,49.6,,
KMI,829,878.8,923.6,2631.4,2021,1/4/2021,13.85999966,13.47999954,13.75,13.56000042,17131700,12.51597977,90.8,-35.55133162,-34.77647219
KMX,997.8,826,916.6,2740.4,2021,1/4/2021,94.37000275,92.12999725,94.30000305,93.30000305,1665400,93.30000305,9,,
KMX,998.4,841.6,920.4,2760.4,2022,1/3/2022,130.5700073,126.9199982,130.0099945,127.0100021,1031500,127.0100021,20,36.130758786722254,38.35965189690533
LDOS,976.2,737,861.2,2574.4,2019,1/2/2019,52.70000076,51.29000092,51.97000122,52.04999924,583900,49.54566574,-0.6,,
LDOS,975.8,749.8,865.8,2591.4,2020,1/2/2020,98.63999939,97.81999969,98.44000244,98.62000275,793600,95.4645462,17,89.47166991351526,87.17267166506204
LH,986.6,846.6,860.8,2694,2021,1/4/2021,205.4299927,200.6799927,203.3099976,204.8800049,789300,204.8800049,52.6,,
LH,989.8,794.8,853.8,2638.4,2022,1/3/2022,313.9899902,296.4899902,313.1000061,298.1799927,971300,298.1799927,-55.6,45.538844967101056,52.845252084750726
LKQ,908.4,891.8,923.8,2724,2021,1/4/2021,35.86000061,34.11000061,35.43999863,34.72000122,2374900,34.38067245,3.4,,
LKQ,918.4,900.6,923.8,2742.8,2022,1/3/2022,60.43000031,58.04999924,60.25999832,58.61000061,1031100,58.29049683,18.8,68.80759951194494,68.51645087018865
LMT,855.6,679,855,2389.6,2020,1/2/2020,399.3699951,390.9500122,392.8599854,399.3699951,1258400,375.3471069,19.4,,
LMT,894.6,683.8,847.4,2425.8,2021,1/4/2021,354.980011,341.0700073,354.980011,344.6400146,1887200,332.227478,36.2,-13.70407922,-11.11500229
LMT,894.6,681.4,853.2,2429.2,2022,1/3/2022,356.5899963,353.0299988,354.6799927,354.3599854,1205700,351.9369507,3.4,2.8203256697517665,0.45354252355354063
LRCX,909.6,883.8,871.2,2664.6,2020,1/2/2020,299.7999878,294.4899902,295.7799988,297.8900146,1506400,289.4791565,-9,,
LRCX,901.2,899,888.8,2689,2021,1/4/2021,491.9599915,473.3200073,478.1499939,478.019989,1768600,472.1886902,24.4,60.468617802404204,64.09606788516354
LRCX,906,917,895.6,2718.6,2022,1/3/2022,731.0599976,711.8300171,721.1300049,725.460022,1060200,723.1398315,29.6,51.76353263336022,48.60151439774143
LUV,774.2,702.2,875.8,2352.2,2022,1/3/2022,44.25999832,42.50999832,43.16999817,44,10571400,44,-18.8,,
LVS,968.2,816.2,836.4,2620.8,2020,1/2/2020,70.94000244,69.79000092,69.87999725,70.80000305,5299600,69.41519928,20.2,,
LVS,963.8,838,826.8,2628.6,2021,1/4/2021,60.29000092,57.31999969,59.79999924,57.95000076,10089600,57.95000076,7.8,-18.14971997,-15.0126884
LVS,972.2,843.4,829.2,2644.8,2022,1/3/2022,39.18000031,37.88999939,38.02000046,38.84999847,6434900,38.84999847,16.2,-32.95945132,-35.014099
LYB,681.2,944,858,2483.2,2020,1/2/2020,95.47000122,93.44999695,95.27999878,93.86000061,2321400,83.99868011,9.8,,
LYB,673,942.4,858,2473.4,2021,1/4/2021,93.26000214,89,92.5,89.29000092,1592000,84.54494476,-9.8,-4.868953399,-2.314862315
LYB,667.2,957.4,879.6,2504.2,2022,1/3/2022,94.69000244,92.83000183,92.94999695,93.16000366,1815900,92.10540009,30.8,4.334194982781292,1.533347916777128
MAA,885,859.6,880.8,2625.4,2020,1/2/2020,132.5,128.7200012,132.3500061,129.6100006,488100,120.8669357,3.4,,
MAA,879.4,857.6,887.8,2624.8,2021,1/4/2021,127.3700027,122.1500015,126.6900024,122.7099991,703000,118.3381729,-0.6,-5.32366443,-3.871696075
MCHP,679.2,811.2,827.2,2317.6,2020,1/2/2020,54.04499817,52.60499954,53.01499939,53.79999924,9717800,52.28205872,25.2,,
MCHP,698.6,813.6,827.2,2339.4,2021,1/4/2021,71.12999725,68.20999908,69.47499847,68.58999634,4297000,67.58777618,21.8,27.490701317712517,31.61254446944133
MDLZ,806.6,784,885.6,2476.2,2020,1/2/2020,55.34999847,54.11000061,55.06000137,54.33000183,7272900,51.69582748,-24,,
MDLZ,849.6,787.6,896.8,2534,2021,1/4/2021,60,57.33000183,58.49000168,57.91999817,9187200,56.37262726,57.8,6.607760388510919,8.401087007292919
MDT,949.8,720.6,816.6,2487,2020,1/2/2020,114.9100037,113.0999985,114.4599991,114.5599976,3917000,108.9008331,4,,
MDT,949.6,722,845.4,2517,2021,1/4/2021,117.7799988,114.4400024,117.1999969,116.0199966,4579200,112.901329,30,1.2744404945762566,2.4976024781034667
MDT,952.6,742.4,847.2,2542.2,2022,1/3/2022,106.3300018,102.7699966,103.1399994,106.0999985,7797800,105.4703598,25.2,-8.55024857,-9.72151224
MGM,955.2,777.8,760.4,2493.4,2020,1/2/2020,33.70000076,33.29000092,33.52000046,33.65999985,3466700,33.38820267,3.8,,
MGM,948.2,753.8,759.8,2461.8,2021,1/4/2021,32.38000107,29.57999992,31.69000053,29.70000076,23558600,29.6890831,-31.6,-11.76470323,-3.916912938
MGM,953.2,739.8,783.4,2476.4,2022,1/3/2022,46.36999893,44.79999924,45.04000092,45.47999954,5187500,45.47637177,14.6,53.131307663979996,43.20567448332084
MHK,888.8,909.2,904.8,2702.8,2019,1/2/2019,119.7699966,114.3600006,114.9400024,118.5999985,1192400,118.5999985,-9.2,,
MHK,887.2,910.2,905.8,2703.2,2020,1/2/2020,137.4499969,134.0399933,136.5500031,134.7899933,585200,134.7899933,0.4,13.65092327551758,14.761627120226528
MHK,891.2,911,911.4,2713.6,2021,1/4/2021,140.8899994,134.0899963,140.7700043,136.1100006,590900,136.1100006,10.4,0.9793065996094308,2.5027301401124857
MKC,787.2,696.8,876.8,2360.8,2019,1/2/2019,69.07499695,67.24500275,68.88999939,67.80999756,3677000,64.62178802,-34.2,,
MKC,819.4,718,894.6,2432,2021,1/4/2021,95.95999908,93.18000031,95.77999878,93.98999786,987600,92.18190002,71.2,38.60787677633417,38.92146698096959
MLM,616.2,906.8,827,2350,2020,1/2/2020,281.8200073,275.5400085,281.7200012,276.6099854,553500,271.7016907,13.8,,
MLM,645,902,824.6,2371.6,2021,1/4/2021,288.8500061,276.3299866,284,277.7999878,703600,275.6218262,21.6,0.43020948729639574,2.4944995450647545
MLM,629,902.8,823.6,2355.4,2022,1/3/2022,445.7399902,437.0499878,441.9500122,439.0100098,324300,438.3157349,-16.2,58.030967991280804,54.315381958373464
MMC,998.2,838.8,784,2621,2020,1/2/2020,112.0500031,111.1200027,111.5899963,112.0500031,2014000,107.7606049,-11.6,,
MMC,997.8,832.8,782.4,2613,2021,1/4/2021,116.8099976,112.6200027,116.4300003,113.5100021,1671400,111.0766754,-8,1.3029888082171759,4.248098499160147
MMM,747.6,728.6,843.2,2319.4,2022,1/3/2022,179.0899963,175.8399963,178.3200073,177.7400055,1930700,176.0383301,19.8,,
MPC,549,810.4,877.8,2237.2,2019,1/2/2019,60.27999878,57.79000092,58.16999817,59.63999939,6608000,51.78025055,-25.8,,
MPC,612.8,830.8,889.2,2332.8,2020,1/2/2020,61.91999817,60.38000107,60.88000107,61.90999985,4497400,55.82985687,95.6,3.8061711656902197,2.7206360703247556
MPC,686.4,858.6,894,2439,2021,1/4/2021,42.22999954,40.29999924,41.72999954,40.75,4174100,38.8719635,106.2,-34.17864626,-31.79909433
MRK,968,696,778.8,2442.8,2019,1/2/2019,72.50954437,71.18320465,71.84160614,72.12786102,15120125,65.09053802,13.4,,
MRK,967.4,709.6,778.6,2455.6,2020,1/2/2020,87.91984558,86.23091888,86.90839386,87.82442474,8251428,81.41466522,12.8,21.76213670837621,21.252790020807023
MRK,982.4,774.4,789.6,2546.4,2021,1/4/2021,78.33015442,76.22137451,78.24427795,77.25190735,10502637,73.8875885,90.8,-12.03824269,-10.9073112
MSCI,991.8,711,885.2,2588,2021,1/4/2021,455.0299988,433.4100037,450.7600098,437.6400146,408600,433.87146,-7.2,,
MSCI,967.8,891.8,892.2,2751.8,2022,1/3/2022,617.1300049,589,614.3300171,595.5800171,297500,594.4405518,163.8,36.08902230851905,35.62402622409255
MSFT,990.8,808.6,897.2,2696.6,2020,1/2/2020,160.7299957,158.3300018,158.7799988,160.6199951,22622100,157.2898865,4.4,,
MSFT,990.8,817.8,903,2711.6,2021,1/4/2021,223,214.8099976,222.5299988,217.6900024,37130100,215.434967,15,35.53107274375704,38.74199338387714
MSFT,983.6,836.6,898,2718.2,2022,1/3/2022,338,329.7799988,335.3500061,334.75,28865100,334.0592651,6.6,53.77371322037341,51.56950672645739
MSI,972,829,890.4,2691.4,2019,1/2/2019,115.8799973,113.6299973,113.9000015,114.7799988,1078600,109.2975845,8.6,,
MTB,959.2,733.8,761.2,2454.2,2021,1/4/2021,129.5899963,125.4499969,128.6300049,126.8199997,936400,122.26194,7.4,,
MTB,956,744.6,776.2,2476.8,2022,1/3/2022,158.6399994,155.2400055,155.7700043,158.25,1049800,157.1615601,22.6,24.783157525902432,22.41685618444609
MTD,981.6,895.8,884.8,2762.2,2020,1/2/2020,809.9899902,796.4699707,805.1699829,805.0599976,150300,805.0599976,15,,
MTD,984.4,885.8,889.8,2760,2021,1/4/2021,1184.530029,1147.52002,1155,1160.869995,172300,1160.869995,-2.2,44.196705644389354,46.240082387625534
NCLH,747.4,780.4,921.4,2449.2,2020,1/2/2020,59.11000061,58.15000153,58.79000092,58.83000183,977700,58.83000183,-1,,
NCLH,749.2,780.6,910.6,2440.4,2021,1/4/2021,25.47999954,23.39999962,25.35000038,23.72999954,23243700,23.72999954,-8.8,-59.66343906,-56.8939278
NCLH,760.4,797.6,909.8,2467.8,2022,1/3/2022,22.45999908,20.84000015,20.97999954,22.18000031,23068500,22.18000031,27.4,-6.531813148,-11.8524353
NDAQ,956.8,852,854,2662.8,2020,1/2/2020,107.9599991,107.1699982,107.2600021,107.8199997,641300,104.4586029,26.2,,
NDAQ,968.2,874,871.8,2714,2021,1/4/2021,133.9299927,130.6999969,133.7299957,132.0099945,1443800,130.0131073,51.2,22.43553595558023,24.05519990412821
NDAQ,963.8,908.8,888.8,2761.4,2022,1/3/2022,210.8699951,200.7200012,210.8699951,202.4600067,1063500,201.8118286,47.4,53.36718061904018,57.44792547875648
NDSN,811,749.8,888,2448.8,2022,1/3/2022,256.1400146,248.5899963,255.1000061,251.0299988,175500,251.0299988,19.6,,
NEM,806.8,818.8,899.2,2524.8,2020,1/2/2020,43.88000107,43.18999863,43.54999924,43.22000122,6287500,40.9446373,27.2,,
NEM,821.8,782.4,901.2,2505.4,2021,1/4/2021,63.40000153,61.65999985,61.90000153,63.15000153,9427500,60.88787079,-19.4,46.11291010509599,44.48495894259557
NEM,844,812.6,898.2,2554.8,2022,1/3/2022,61.75,60.90000153,61.16999817,60.97999954,6493800,60.97999954,49.4,-3.436265934,-2.60252601
NRG,581.4,773,841.8,2196.2,2020,1/2/2020,39.99000168,38.59000015,39.83000183,38.79999924,2581100,35.93130875,-28,,
NRG,654.8,821,889,2364.8,2021,1/4/2021,37.77000046,36.16999817,37.72999954,36.29999924,2887700,34.8237915,168.6,-6.443299095,-5.551390665
NRG,654.8,821,890.8,2366.6,2022,1/3/2022,43.36000061,41.93999863,43.22000122,42.95999908,2216800,42.58315659,1.8,18.347107381371952,14.800106121047163
NTAP,944.6,837,876.2,2657.8,2021,1/4/2021,66.72000122,64.19000244,66.47000122,64.86000061,2319900,63.57567596,38.6,,
NTAP,947.8,856,879,2682.8,2022,1/3/2022,92.83000183,91.61000061,92.05999756,92.38999939,1012800,92.38999939,25,42.44526444817127,39.13369324425802
NTRS,949.2,740,777.8,2467,2019,1/2/2019,84.56999969,81.88999939,81.95999908,84.05000305,881900,78.05478668,20.4,,
NTRS,955.2,753.2,783.4,2491.8,2020,1/2/2020,107.6299973,106.2900009,106.5299988,107.5800018,675700,102.6492004,24.8,27.995238424919975,27.267349762952332
NUE,798.6,715.8,812.2,2326.6,2022,1/3/2022,118.25,112.3899994,114.8899994,113.0400009,2243200,113.0400009,61.6,,
NVDA,957.6,914.8,867.2,2739.6,2020,1/2/2020,59.97750092,59.18000031,59.6875,59.97750092,23753600,59.8443222,8,,
NVDA,952.6,917.2,867.4,2737.2,2021,1/4/2021,136.5249939,129.625,131.0424957,131.1349945,56064000,131.0597229,-2.4,118.64031093078098,127.62701313964651
NVDA,951.2,910.8,878,2740,2022,1/3/2022,307.1099854,297.8500061,298.1499939,301.2099915,39154700,301.2099915,2.8,129.69459269699365,124.94781111284858
NXPI,819.6,860.6,852.6,2532.8,2020,1/2/2020,129.5,127.1900024,128.6100006,128.5399933,2247900,126.1274948,15.2,,
NXPI,842.8,867.8,898.6,2609.2,2021,1/4/2021,165.8399963,158.6199951,160.3300018,162.0399933,2931600,161.1037903,76.4,26.06192760708663,28.061773204633212
NXPI,829.8,857.4,892.2,2579.4,2022,1/3/2022,233.3699951,228.0700073,228.3899994,231.2200012,1519300,231.2200012,-29.8,42.693168822785935,40.71997124134042
ORCL,991.4,792.2,869.2,2652.8,2016,1/4/2016,36.00999832,35.36000061,36.00999832,35.75,18784400,32.46236038,-8.6,,
ORCL,991.6,787.6,862.8,2642,2018,1/2/2018,47.79999924,46.16999817,47.56999969,46.63000107,25380000,43.50794601,-10.8,30.433569426573428,32.74090938641287
ORCL,991.4,780.8,865,2637.2,2020,1/2/2020,53.95999908,53.22999954,53.27000046,53.95000076,13899600,52.01947784,-4.8,15.698047441627484,12.887029158873275
PAYX,997.8,816,863.2,2677,2020,1/2/2020,85.62999725,84.70999908,85.5,85.11000061,1307000,80.74125671,36.6,,
PAYX,993.6,813.6,868,2675.2,2021,1/4/2021,93.51999664,89.23999786,93.20999908,90.36000061,2200600,88.62376404,-1.8,6.168487795056077,9.214060076
PFG,961.2,829,762,2552.2,2020,1/2/2020,55.88999939,55.09999847,55.43000031,55.72999954,1164500,50.56924057,-7.6,,
PFG,957.8,849,783.2,2590,2021,1/4/2021,50,48.06000137,49.65000153,48.31000137,1310800,46.0783577,37.8,-13.31419026,-10.53855691
PGR,958.8,824.4,731.8,2515,2020,1/2/2020,74.34999847,73.26000214,73.91999817,74.33000183,2880700,67.08789063,-21.8,,
PGR,961,800,753.4,2514.4,2021,1/4/2021,98.22000122,95.93000031,97.58000183,97.12999725,2485200,90.80467987,-0.6,30.674014339654974,32.104913572569174
PGR,965.6,832.4,780.8,2578.8,2022,1/3/2022,102.8300018,101.3199997,102.5,102,2088700,101.8116608,64.4,5.013901871597137,4.693545635042495
PHM,843.8,811.6,900.4,2555.8,2016,1/4/2016,17.60000038,16.79000092,17.56999969,17.15999985,9365900,15.72702789,-16.8,,
PHM,848,824.8,900.8,2573.6,2018,1/2/2018,33.66999817,32.90000153,33.45000076,33.36999893,2937900,31.6116333,17.8,94.46386492829721,91.30680365360308
PKG,735.2,958.6,916,2609.8,2020,1/2/2020,112.8899994,110.3600006,112.8899994,110.7200012,860800,103.5154114,2.8,,
PKG,782.4,966.6,919.6,2668.6,2021,1/4/2021,139.4700012,134.8399963,138.4100037,135.75,610500,131.0908813,58.8,22.606573815680207,23.545045567605904
PKG,804.4,972.2,924.6,2701.2,2022,1/3/2022,136.6600037,133.9299927,136.4600067,134.6100006,425800,133.7111053,32.6,-0.839778564,-2.014768392
PNC,963.2,794.4,836,2593.6,2019,1/2/2019,119.1200027,114.8499985,115.1500015,118.8099976,1912000,106.1791077,14,,
PNC,967.2,787.4,836.6,2591.2,2020,1/2/2020,160.3699951,158.8999939,159.75,160.3699951,1881300,147.9021301,-2.4,34.98021912256988,34.628938436046575
PNC,964.6,752.2,829.4,2546.2,2021,1/4/2021,149.7599945,146.0500031,149.6799927,149.1499939,2229500,143.2766876,-45,-6.99632197,-6.61595119
PNR,810.2,689.6,859,2358.8,2020,1/2/2020,46.43000031,45.79999924,46.08000183,46.41999817,791000,44.88043594,-16.4,,
PNR,803.4,704,855,2362.4,2021,1/4/2021,53.34999847,51.13000107,53.06999969,51.52999878,852200,50.74561691,3.6,11.008187874730368,14.90415273270973
PNW,769.2,794.2,876.8,2440.2,2020,1/2/2020,90.25,88.40000153,90.12999725,88.70999908,744100,80.80307007,-18,,
PNW,757,809.6,879.6,2446.2,2022,1/3/2022,70.98000336,69.09999847,70.66000366,69.79000092,615300,68.95259857,6,-21.32792059,-21.35179683
PPG,716.6,824.2,825.4,2366.2,2018,1/2/2018,118,116.8099976,116.9800034,118,935200,109.9559555,-36.8,,
PPG,801.8,829.4,844.8,2476,2021,1/4/2021,145,140.8300018,144.6600037,141.3099976,1223300,138.7762146,109.8,19.754235254237294,22.881355932203395
PPG,813.6,846.2,851.4,2511.2,2022,1/3/2022,172.9100037,169.6100006,172.1000061,170.6000061,827600,169.9372406,35.2,20.727484960342245,19.24827841379311
PSX,627.8,838.4,893.8,2360,2021,1/4/2021,71.29000092,68.55999756,70.61000061,69.87999725,2714200,66.01500702,-32.2,,
PSX,672.2,860,882,2414.2,2022,1/3/2022,75.84999847,72.88999939,72.88999939,75.73999786,3710300,74.93943787,54.2,8.385805438765948,6.396405514312065
PTC,967.2,729,865.6,2561.8,2019,1/2/2019,82.34999847,80.84999847,80.87999725,81.91999817,1134300,81.91999817,42.2,,
PTC,974.8,758,881.8,2614.6,2021,1/4/2021,120.6399994,116.0199966,120.0699997,118.1800003,710600,118.1800003,52.8,44.26269890137622,46.49666258821969
PWR,818.6,670.2,763,2251.8,2020,1/2/2020,41.18999863,40.52000046,41.06999969,41.09000015,1030700,40.77534485,11.2,,
PWR,824.2,662.4,790,2276.6,2021,1/4/2021,71.83000183,67.59999847,70.90000153,68.25,3380800,68.04606628,24.8,66.09880688939349,74.38699737582391
PXD,533.2,745.6,817.6,2096.4,2020,1/2/2020,153.1499939,151.1699982,152.0200043,152.3399963,995700,140.2513275,-23.8,,
PXD,660,803.8,823,2286.8,2021,1/4/2021,116.3700027,111.8199997,115.0199966,113.4800034,1631300,107.1344147,190.4,-25.50872643,-24.01566612
PXD,631.4,820.6,819,2271,2022,1/3/2022,187.2899933,179.8000031,180.6900024,186.8899994,1483600,183.7627563,-15.8,64.68980771990354,60.943532658352325
PYPL,998.2,772,855.8,2626,2020,1/2/2020,111.2099991,109.2750015,109.4700012,110.75,7418800,110.75,18,,
PYPL,995.6,784,871.2,2650.8,2021,1/4/2021,237.996994,227.5350037,237.8000031,231.9199982,8148700,231.9199982,24.8,109.40857625282167,114.00683025452878
QCOM,929.8,876.8,793.8,2600.4,2020,1/2/2020,89.80999756,88.08000183,89.05000305,88.69000244,8413900,84.55809021,-17.6,,
QCOM,872.6,930.2,816.4,2619.2,2021,1/4/2021,155.1499939,147.1399994,153.0099945,148.5,9827000,145.2066956,18.8,67.43713599564086,72.75358881548554
QCOM,891,914.2,843.8,2649,2022,1/3/2022,186.8800049,182.2400055,182.9100037,186.2100067,5990200,185.4364471,29.8,25.393943905723916,20.451184175006265
QRVO,680.8,821.8,855.4,2358,2021,1/4/2021,170.5299988,162.1139984,167.3000031,164.5899963,1249700,164.5899963,84.6,,
QRVO,717.8,827.2,851.8,2396.8,2022,1/3/2022,160.0599976,156.5,156.8699951,159.4299927,1099700,159.4299927,38.8,-3.135065141,-6.139682914
REGN,999.4,694.4,840.4,2534.2,2020,1/2/2020,379,369.2399902,378,373.3500061,512400,373.3500061,31.2,,
REGN,999.8,724.8,849.2,2573.8,2021,1/4/2021,491.7799988,473.5799866,486.8500061,482.8599854,911100,482.8599854,39.6,29.331720238587145,29.75725562005276
RJF,963.8,750.2,736.4,2450.4,2021,1/4/2021,63.74666595,62.02000046,63.74666595,62.6866684,986700,61.72552872,20.2,,
RJF,971.4,775.4,752.2,2499,2022,1/3/2022,102.9899979,100.4000015,100.8300018,102.8600006,1225200,102.5418091,48.6,64.08592644237574,61.56138735283929
RMD,911.6,752,783.8,2447.4,2020,1/2/2020,156.1699982,154.0399933,155.3999939,156.1100006,444200,153.4368134,-4.2,,
RMD,918,750,788.6,2456.6,2021,1/4/2021,214.9900055,208.1699982,213.2400055,212.1799927,468600,210.3222656,9.2,35.91697642,37.66408911951948
RMD,932.8,752.2,786.4,2471.4,2022,1/3/2022,260.0400085,254.4700012,258.519989,259.5100098,375600,259.0578613,14.8,22.30654101629628,20.954463857623384
ROK,878.8,811.6,863.6,2554,2020,1/2/2020,205.6399994,202.6000061,203.8200073,205.6399994,638200,197.858139,-0.4,,
ROK,889.8,809.6,869.4,2568.8,2021,1/4/2021,256.4899902,245.0500031,251.8899994,246.4700012,887000,241.7809906,14.8,19.855087492282884,24.727675038108377
RSG,739.2,861,924.2,2524.4,2020,1/2/2020,89.83999634,88.76999664,89.72000122,89.83000183,1688500,86.48722839,13.4,,
RSG,757.8,872,925.6,2555.4,2021,1/4/2021,96.19999695,93.01999664,96.18000031,93.54000092,1297300,91.8133316,31,4.13002228,7.079252971
SBAC,952.8,844.8,856,2653.6,2020,1/2/2020,242.2700043,237.1799927,241.1499939,238.8699951,555800,235.0348816,17.8,,
SBAC,944.4,859,871.2,2674.6,2021,1/4/2021,284.4500122,274.6900024,283.1000061,275.6300049,868000,272.9177246,21,15.389128209514503,17.410330272570196
SBUX,936.4,739.4,901,2576.8,2020,1/2/2020,89.34999847,88.05000305,88.12000275,89.34999847,6473800,85.68635559,1.8,,
SBUX,942.6,729.4,908.6,2580.6,2021,1/4/2021,107.75,102.1399994,107.6600037,103.0999985,8041500,100.9117508,3.8,15.388920274706752,20.593174980498684
SBUX,877.8,711.8,915.2,2504.8,2022,1/3/2022,117.8000031,114.7799988,116.4700012,116.6800003,5475700,116.0913773,-75.8,13.171679920053547,9.327149048723893
SCHW,955,797,768.2,2520.2,2022,1/3/2022,85.86000061,84.13999939,84.56999969,85.76000214,6739700,85.57853699,22.2,,
SHW,737.6,776,878,2391.6,2020,1/2/2020,195.0399933,189.5800018,195.0166626,190.6166687,1945800,187.0287476,12.6,,
SHW,747.6,778.8,884.2,2410.6,2021,1/4/2021,245.6399994,238.2266693,244.9966736,241.156662,1224900,238.7065887,19,26.513942167115424,25.94340024518449
SJM,779.4,760.6,877.4,2417.4,2020,1/2/2020,104.3899994,101.7699966,104.1299973,102.1399994,713100,95.42331696,88.4,,
SJM,778.6,803,876,2457.6,2021,1/4/2021,116.4899979,115.0599976,115.6699982,115.6299973,1062100,111.4213638,40.2,13.207360465287032,11.591147207152886
SJM,752.8,751.6,876.6,2381,2022,1/3/2022,136.9400024,133.6300049,135.3699951,136.8000031,735200,135.808197,-76.6,18.308402918210565,17.555159128387277
SLB,800.6,860,853.8,2514.4,2020,1/2/2020,40.72000122,40.08000183,40.52000046,40.16999817,9147400,38.03787613,-9.6,,
SLB,818.6,816.4,858.4,2493.4,2021,1/4/2021,22.37999916,21.59000015,22.07999992,21.95000076,8743400,21.50586128,-21,-45.35722738,-45.03929644
SLB,838,816.8,874.6,2529.4,2022,1/3/2022,31.96999931,29.97999954,30.06999969,31.71999931,18781000,31.62154007,36,44.51024242242438,42.85076188537265
SNPS,976.4,757.8,891,2625.2,2020,1/2/2020,142.9299927,139.8399963,140.3099976,142.8699951,1095100,142.8699951,26,,
SNPS,978,818.6,914,2710.6,2021,1/4/2021,263,251.3500061,260,254.6999969,979700,254.6999969,85.4,78.27395928846084,84.00616625792354
SNPS,950.2,856.8,917.6,2724.6,2022,1/3/2022,371.730011,358.6400146,367.1300049,361.1000061,674800,361.1000061,14,41.77464094817975,41.34220950570342
SPG,910.6,904.6,882.6,2697.8,2020,1/2/2020,149.7599945,144.8500061,149.4100037,145.0899963,1849300,127.9584045,13.2,,
SPG,897.6,908.4,896.8,2702.8,2021,1/4/2021,86.23999786,82.05999756,85.66000366,82.80999756,4299400,78.27342224,5,-42.92508121,-42.41452923
SPG,914.4,915.6,879,2709,2022,1/3/2022,162.6000061,158.8699951,160.4799957,160.3000031,2128100,158.2869415,6.2,93.57566456134067,88.54361100977883
SPGI,971.8,878.6,882.6,2733,2020,1/2/2020,277.8999939,273.7200012,274.5700073,277.8399963,1092300,272.8766174,0.6,,
SPGI,968.6,884.6,892.6,2745.8,2021,1/4/2021,336.730011,330.5,331.7099915,333.25,3231000,330.0275574,12.8,19.94313433555139,21.169492044382498
SRE,727.6,794.4,883.6,2405.6,2020,1/2/2020,151.4900055,148.4799957,151.3300018,149.1199951,1262100,138.0318604,-6,,
SRE,711.6,798.4,888,2398,2021,1/4/2021,127.4700012,123.2600021,127.2399979,123.8000031,2022000,118.8302994,-7.6,-16.97960893,-15.85583433
STT,965.6,763,833.6,2562.2,2020,1/2/2020,80.76999664,79.19999695,79.36000061,80.76000214,1942000,75.61388397,-9,,
STT,968.8,751.4,829.6,2549.8,2021,1/4/2021,73.54000092,71.01999664,73.33999634,72.25,1441000,70.02101135,-12.4,-10.53739712,-8.951338394
STT,967.2,766.6,833.2,2567,2022,1/3/2022,94.94000244,93.56999969,93.90000153,94.44999695,1614600,93.86551666,17.2,30.726639377162623,29.099811330271596
STX,968.2,842.4,883.8,2694.4,2020,1/2/2020,60.63999939,59.77000046,59.81000137,60.5,2018200,55.21469879,5.6,,
STX,968.2,924,895.8,2788,2021,1/4/2021,62.65000153,59.83000183,62.29000092,60.08000183,3266200,57.80655289,93.6,-0.694211851,3.3146473618392847
STZ,819.6,813.2,900.6,2533.4,2021,1/4/2021,220.2700043,212.7799988,220,216.7400055,1202600,213.1726379,1.6,,
STZ,801,804.8,892,2497.8,2022,1/3/2022,253.0399933,249.1699982,251.25,252.8200073,979600,252.0113983,-35.6,16.64667384166878,14.877190884042669
SWK,864.4,654.2,822.4,2341,2019,1/2/2019,121,117,117.5999985,120.7300034,981200,113.879776,31.8,,
SWK,857.2,669.2,828.8,2355.2,2020,1/2/2020,168.0200043,165.8200073,167.1600037,168.0200043,1026000,161.6451874,14.2,39.17004851173558,38.85950768595041
SWK,885.6,749,830.6,2465.2,2021,1/4/2021,175.4199982,167.6600037,169.8399963,169.3500061,2230100,165.9341888,110,0.7915734828962906,4.404233847528838
SWKS,708.2,818.2,830.8,2357.2,2020,1/2/2020,122.4000015,119.7099991,122.0100021,121.6699982,2351900,117.9378204,21,,
SWKS,694.8,809.8,832.8,2337.4,2021,1/4/2021,155.6900024,148.0200043,153.3300018,150.7200012,2180200,148.2770386,-19.8,23.876061009097647,27.197712820289468
SWKS,723.6,813.6,836,2373.2,2022,1/3/2022,160.6000061,155.6499939,155.6499939,159.7799988,2224800,159.1240997,35.8,6.011144856599149,3.1537051989922738
SYF,997,747.8,836.8,2581.6,2020,1/2/2020,36.24000168,36.02999878,36.13999939,36.20999908,3568100,34.05503082,15.6,,
SYF,997.4,758.2,858,2613.6,2021,1/4/2021,35.04000092,34.06999969,35,34.13999939,6207600,33.28519058,32,-5.716652147,-3.311260222
SYK,910.8,608.6,759,2278.4,2020,1/2/2020,211,208.2100067,210.9400024,210.4499969,1092600,205.2888184,19.8,,
SYK,902.2,657.8,765.6,2325.6,2021,1/4/2021,245.5299988,236.2299957,245.3399963,239.0200043,1114900,236.0507965,47.2,13.575674897052004,16.364928341232222
SYK,919,709.6,768.6,2397.2,2022,1/3/2022,268.8699951,264.5499878,267.4100037,268.4200134,1169700,267.7366028,71.6,12.300229508447046,9.505965223830714
SYY,948.8,888.4,907,2744.2,2020,1/2/2020,85.12999725,83.98000336,85.05999756,84.66000366,2121900,79.62117767,4,,
SYY,952.8,899.4,910.4,2762.6,2021,1/4/2021,74.37999725,70.75,74.13999939,72.30999756,2497300,69.82068634,18.4,-14.58776939,-12.62774621
SYY,946.8,903.8,906.8,2757.4,2022,1/3/2022,78.98999786,78.08999634,78.27999878,78.94999695,1951100,78.04282379,-5.2,9.182685125235125,6.197903711269626
TFX,907.2,670.6,842.4,2420.2,2020,1/2/2020,379.6700134,373.480011,376.769989,378.4899902,262900,375.2789917,47.2,,
TFX,906,671.6,842.2,2419.8,2021,1/4/2021,412.4200134,397.7600098,411.1000061,403.1300049,228000,401.2546997,-0.4,6.510083578955372,8.625911671748575
TFX,903.8,672.2,839,2415,2022,1/3/2022,337.8900146,328.019989,328.480011,334.730011,403500,334.3988342,-4.8,-16.96722969,-18.07138266
TGT,961,834,896.8,2691.8,2020,1/2/2020,128.8999939,125.2600021,128.7400055,126.0699997,5149800,121.371727,22.4,,
TGT,960.2,847.4,893.2,2700.8,2021,1/4/2021,178.0899963,174.1199951,176.5099945,177.6300049,3463100,174.4677887,9,40.89791807939538,38.161369067372775
TGT,957.4,848.4,898.8,2704.6,2022,1/3/2022,232.2799988,228.7599945,231.0700073,231.9499969,3018000,230.9491119,3.8,30.580414626785846,30.428437096890427
TJX,958.4,852.8,890.2,2701.4,2020,1/2/2020,61.70000076,61.06000137,61.33000183,61.70000076,5190200,60.34818649,8.8,,
TJX,959.4,856.2,892.2,2707.8,2021,1/4/2021,68.40000153,66.5,68.30000305,66.80999756,6330500,65.58773804,6.4,8.282004436072544,10.858996251979946
TJX,961.2,853,893.4,2707.6,2022,1/3/2022,76.58999634,75.48999786,75.83000183,75.55000305,4814900,75.27114105,-0.2,13.081882666064871,11.973676354974794
TMUS,914.6,712.8,845.6,2473,2021,1/4/2021,134.9799957,130.4600067,134.3000031,132.4299927,3433100,132.4299927,-7.2,,
TMUS,930.2,732.4,850.6,2513.2,2022,1/3/2022,116.0899963,114.1500015,115.7600021,114.4300003,6673700,114.4300003,40.2,-13.5920814,-13.99466588
TPR,966.4,862,882.8,2711.2,2020,1/2/2020,27.31999969,26.57999992,27.15999985,26.93000031,3823600,26.06419563,-4.4,,
TPR,976.8,850.8,899,2726.6,2021,1/4/2021,33.13000107,31.62000084,32.04000092,32.70999908,10472700,32.10437012,15.4,21.463047543500014,21.26647674204274
TRMB,960.2,906.4,894.6,2761.2,2019,1/2/2019,32.68000031,32.00999832,32.20999908,32.47000122,852900,32.47000122,9.4,,
TRMB,944.2,915,894.8,2754,2020,1/2/2020,42.25999832,41.29999924,41.77000046,41.93999863,626100,41.93999863,-7.2,29.16537435843065,29.31455911604919
TROW,943,753.2,823.2,2519.4,2019,1/2/2019,92.41999817,90.22000122,90.22000122,91.83999634,1180500,82.72821045,7.6,,
TROW,940.8,765.6,827.2,2533.6,2020,1/2/2020,125.1699982,122.25,122.3499985,125.1600037,1399600,115.846756,14.2,36.28049726466267,35.43605353655028
TROW,957.2,764.8,872.8,2594.8,2021,1/4/2021,152.5299988,145.8200073,152.2599945,147.6900024,1449800,140.9459839,61.2,18.00095720195316,21.858273542741014
TRV,969,816.8,758.2,2544,2020,1/2/2020,137.7400055,136.1399994,137.5200043,137.5099945,1117300,130.193924,15.4,,
TRV,971.2,826,779.6,2576.8,2021,1/4/2021,140.6600037,134.3200073,140.6300049,135.6499939,1559700,131.9554749,32.8,-1.35262939,2.1199347200548946
TRV,978.4,836,789.4,2603.8,2022,1/3/2022,157.2400055,154.9299927,156.9199982,155.75,1103400,154.9363403,27,14.817550316159656,11.78728946670715
TSLA,944.6,653.2,777.6,2375.4,2020,1/2/2020,86.13999939,84.34200287,84.90000153,86.05200195,47660500,86.05200195,-8.6,,
TSLA,942.6,653.8,782.8,2379.2,2021,1/4/2021,744.4899902,717.1900024,719.460022,729.7700195,48638200,729.7700195,3.8,748.0569922406087,764.2790753100794
TSN,714.4,715,734.4,2163.8,2019,1/2/2019,53.93000031,52.81999969,53.04000092,53.34999847,2122600,49.52409744,28.2,,
TSN,694,689,740.8,2123.8,2020,1/2/2020,91.61000061,89.79000092,91.08000183,89.97000122,2672200,85.19418335,-40,68.64105679514184,69.86834801299486
TSN,746.8,730.6,799.4,2276.8,2021,1/4/2021,64.65000153,62.65999985,64.55000305,63.5,2177400,61.72017288,153,-29.42091904,-29.42910043
TXN,868.2,895.6,873.4,2637.2,2020,1/2/2020,129.6100006,127.7699966,129.1300049,129.5700073,4614000,122.1645432,17.6,,
TXN,860.6,892.4,884,2637,2021,1/4/2021,167.8399963,160.7599945,164.6000061,162.2200012,4659900,157.4490204,-0.2,25.198728147327998,29.496177396051948
TXN,823.8,899.4,873.6,2596.8,2022,1/3/2022,190.6199951,187.4600067,188.8200073,190.6000061,3781500,189.3461304,-40.2,17.49476309336877,13.572449536570929
TXT,788,607.8,852.8,2248.6,2019,1/2/2019,46.43999863,44.93000031,45.27000046,46.09000015,1684200,45.84623718,-13.6,,
TXT,780.2,600.2,856.2,2236.6,2020,1/2/2020,45.5,44.61000061,45.04999924,45.47999954,1570200,45.31364822,-12,-1.323498824,-2.02411425
TXT,804,635,853.2,2292.2,2021,1/4/2021,48.47000122,46.09999847,48.15999985,46.38000107,975200,46.31040192,55.6,1.9788952047117725,6.527475209
UDR,904.8,888.6,883.2,2676.6,2020,1/2/2020,46.86000061,45.75999832,46.72000122,46.11999893,1544300,42.48610687,50.8,,
UDR,924.6,915.4,896.6,2736.6,2021,1/4/2021,38.66999817,36.84000015,38.43000031,36.84999847,2152100,35.25445175,60,-20.09974127,-17.47759781
UDR,936,923.4,894.4,2753.8,2022,1/3/2022,60.16999817,58.79000092,60.04000092,59.90000153,1340700,59.15024185,17.2,62.55089285489459,55.598657919460656
UHS,931,612.2,825.6,2368.8,2022,1/3/2022,132.1499939,129.6999969,130.1499939,132.0200043,569400,131.837677,58.2,,
UNH,999.4,702,881,2582.4,2020,1/2/2020,295.7000122,289.7900085,293.980011,292.5,2543400,282.9369507,5.2,,
UNH,999.4,696.8,884.2,2580.4,2021,1/4/2021,352.0799866,340.3800049,351.4500122,349.5,4203800,343.6371765,-2,19.487179487179485,19.06661213184757
UNH,999.4,768.2,882.2,2649.8,2022,1/3/2022,502.8999939,493.0499878,500,502.2799988,3033600,500.7980347,69.4,43.71387662374821,42.83685896391136
UPS,888,813,882.2,2583.2,2021,1/4/2021,168.5399933,161.8800049,168.3999939,163.8000031,4304000,159.1929932,4.4,,
UPS,901.6,811,892.8,2605.4,2022,1/3/2022,215.6499939,210.8699951,214.6499939,213.5,2319600,211.9598694,22.2,30.34187787509266,27.95182299
VLO,561.4,802,891.8,2255.2,2020,1/2/2020,95.23999786,94.26000214,94.62999725,95.12999725,2130500,83.63231659,-79,,
VMC,607.8,903,823.4,2334.2,2020,1/2/2020,145.7100067,142.0200043,145,142.7200012,843400,139.7183075,-10.2,,
VMC,696.4,896.6,828.2,2421.2,2021,1/4/2021,151,145.5800018,149.0299988,146.5299988,766600,145.0429535,87,2.6695610762088373,3.6304941711323035
VMC,687.8,908.8,820.4,2417,2022,1/3/2022,209.9100037,206.8600006,208.3999939,207.8999939,614700,207.4467468,-4.2,41.88220542045076,39.013247483443706
VRSK,997.8,708.4,865.2,2571.4,2020,1/2/2020,151.1300049,148.8999939,149.2799988,151.1199951,845100,149.0083923,8.2,,
VRSK,997.8,706.2,870.8,2574.8,2021,1/4/2021,209.6699982,202.0899963,207.6000061,202.8800049,733400,201.3140564,3.4,34.25093401157737,38.73485833520278
VRTX,996.8,639.2,843,2479,2019,1/2/2019,165.1399994,160.9499969,161.2100067,164.0800018,1465400,164.0800018,2,,
VRTX,997,655.6,850,2502.6,2021,1/4/2021,238.0800018,226.2700043,237.9100037,229.4299927,2117700,229.4299927,23.6,39.828126635235094,44.16858584535033
VRTX,989.6,682.4,851.8,2523.8,2022,1/3/2022,222.5899963,214.6600037,218.3800049,222.5299988,1382100,222.5299988,21.2,-3.007450691,-6.506218659
VTR,904,911,908.6,2723.6,2020,1/2/2020,58,56.18999863,58,56.38999939,2224500,51.01321793,12.8,,
VTR,932,919.4,905.8,2757.2,2021,1/4/2021,49.20000076,46.81999969,48.97999954,46.88000107,2098000,45.0390358,33.6,-16.86468952,-15.17241248
VTR,945,914.4,892.4,2751.8,2022,1/3/2022,52.04999924,50.90999985,51.34000015,51.93000031,2270800,51.55807114,-5.4,10.772182433314082,5.792679748
VZ,965.8,796,877.2,2639,2021,1/4/2021,59.15000153,58.43999863,58.95999908,58.84999847,19129800,54.95890045,32.4,,
VZ,936.8,819.2,887.4,2643.4,2022,1/3/2022,52.56000137,51.97999954,52.06999969,52.43999863,18240100,51.19236755,4.4,-10.89209857,-11.14116651
WBA,952.4,788.2,909.8,2650.4,2020,1/2/2020,59.59000015,58.70000076,59.27999878,59.08000183,5700500,53.95550156,-6.2,,
WBA,962.2,779.2,906.6,2648,2021,1/4/2021,41.56000137,39.93999863,40.16999817,41.40000153,9101800,39.47895432,-2.4,-29.92552429,-30.25675237
WBA,958,769.6,905.4,2633,2022,1/3/2022,53.18000031,52.25999832,52.25999832,53.06000137,7643300,52.5302887,-15,28.16424978040335,27.95957304368104
WDC,939.8,845,852.2,2637,2019,1/2/2019,38.86999893,36.02000046,36.15000153,38.25999832,6385200,36.31246948,27.2,,
WDC,949.4,912.2,886.2,2747.8,2021,1/4/2021,55.31999969,52.04000092,54.95000076,52.22999954,7498200,52.22999954,110.8,36.513334640418236,42.32055881870331
WDC,959.8,918.6,887.6,2766,2022,1/3/2022,66.37000275,65.04000092,65.75,65.93000031,2947100,65.93000031,18.2,26.23013764246338,19.974698340422204
WEC,656.2,801.2,886,2343.4,2019,1/2/2019,69.13999939,67.20999908,69.11000061,67.58000183,1849200,61.56944275,37.4,,
WEC,651.4,808.2,888,2347.6,2020,1/2/2020,92.51999664,90.45999908,92.40000153,90.66999817,1547100,85.01421356,4.2,34.16690694694526,33.81544324
WEC,643,815.2,894.8,2353,2021,1/4/2021,92.12999725,89.98999786,92.09999847,90.37999725,1532900,87.0389328,5.4,-0.319842203,-0.421529836
WFC,977,716.6,691.8,2385.4,2020,1/2/2020,54.04000092,53.50999832,53.84999847,53.75,16803100,50.75005722,6,,
WFC,975.2,702.2,692,2369.4,2021,1/4/2021,30.44000053,29.39999962,30.31999969,29.70000076,31421600,29.16973686,-16,-44.74418463,-43.67135453
WFC,961.2,692,689.8,2343,2022,1/3/2022,50.81000137,48.91999817,48.93000031,50.72999954,38978100,50.50324249,-26.4,70.80807489,66.91852984668789
WMB,724.6,794.8,933.4,2452.8,2020,1/2/2020,23.94000053,23.40999985,23.94000053,23.48999977,6970000,20.03650665,91.8,,
WMB,820,829.6,935.6,2585.2,2021,1/4/2021,20.52000046,19.87000084,20.29999924,20.10000038,10902400,18.62079811,132.4,-14.4316706,-14.28571426
WMB,809.4,804.2,936.8,2550.4,2022,1/3/2022,26.53000069,26.02000046,26.12999916,26.5,8747600,26.15346146,-34.8,31.84079352738798,29.288499489634034
WMT,926,648,853.2,2427.2,2020,1/2/2020,119.8899994,118.6999969,118.8600006,118.9400024,6764900,114.7121582,50.8,,
WMT,932.8,655.6,863.4,2451.8,2021,1/4/2021,146.8899994,144.2799988,144.3000031,146.5299988,10727400,143.6805725,24.6,23.196566204205826,22.52064403630316
WMT,912,684.2,873.8,2470,2022,1/3/2022,144.7899933,143.0099945,144,144.6499939,6902200,144.0926819,18.2,-1.283017072,-1.429645387
WRB,965.6,787.6,687.6,2440.8,2020,1/2/2020,46.32666779,45.60666656,46.32666779,45.97333145,1310250,44.35909271,28.4,,
WRB,960,837,708.6,2505.6,2021,1/4/2021,44.44666672,43.15999985,44.34000015,43.29333115,1454100,42.09346771,64.8,-5.829467249,-4.058140073
WYNN,927.8,762.4,772,2462.2,2020,1/2/2020,144.3899994,141.75,142.0599976,143.6000061,3006500,142.4050293,23.8,,
WYNN,924.4,766.2,769.2,2459.8,2021,1/4/2021,113.5100021,106.1800003,113.1500015,106.9000015,3596800,106.9000015,-2.4,-25.55710518,-21.38652083
WYNN,929,760.4,781.2,2470.6,2022,1/3/2022,89.15000153,85.98000336,86.06999969,87.76999664,2437800,87.76999664,10.8,-17.89523348,-21.46066436
XOM,627.2,796.8,830.8,2254.8,2019,1/2/2019,69.87000275,67.26000214,67.34999847,69.69000244,16727200,57.38254929,0.2,,
XOM,677.2,801.8,839.8,2318.8,2021,1/4/2021,42.25,41,41.45000076,41.5,27764700,38.6672821,64,-40.45056888,-39.53055913
XOM,625,798.8,837.4,2261.2,2022,1/3/2022,63.59999847,61.20999908,61.24000168,63.54000092,24282400,62.84332275,-57.6,53.10843595180723,50.53254075739646
XYL,941.2,808.8,892.6,2642.6,2020,1/2/2020,79.94999695,78.76000214,79.16000366,79.84999847,869500,77.80545044,4.8,,
XYL,929.4,843.8,897.8,2671,2021,1/4/2021,102.2799988,98.19999695,102.0299988,99.69000244,814700,98.42227936,28.4,24.846592799189573,27.929959602081023
YUM,933,789,908.4,2630.4,2020,1/2/2020,102.1900024,100.8099976,100.9000015,102.1699982,1369900,98.13298798,37.4,,
YUM,923.6,752.2,910,2585.8,2021,1/4/2021,109.0199966,104.8600006,109.0199966,105.8199997,2058200,103.5945053,-44.6,3.5724787748895093,6.683622702410275
YUM,915,757.4,905.2,2577.6,2022,1/3/2022,138.7700043,134.8500061,138.3800049,136.5299988,1251400,135.8990936,-8.2,29.020978252752716,27.288578818392683
ZBH,914,625.6,778.4,2318,2020,1/2/2020,145.6796112,143.1747589,145.6116486,144.8543701,1083972,142.7207642,6.2,,
ZBH,905.2,643.2,793,2341.4,2021,1/4/2021,151.9320374,146.4077606,151.1359253,148.6990356,1265870,147.7119446,23.4,2.6541591374466877,4.291902036597417
ZTS,960.4,812.2,787.4,2560,2021,1/4/2021,166.2400055,160.7200012,166,163.5899963,1805900,162.432663,123.8,,
