environment_score_end,social_score_end,governance_score_end,total_score_end,Annual_Return,Cluster_environment_score_end,Cluster_social_score_end,Cluster_governance_score_end,Cluster_total_score_end,Cluster_Annual_Return
0.88,9.48,7.19,17.6,0.282857106144266,1,1,1,1,0
0.87,9.42,6.86,17.14,0.3793945955643759,1,1,1,1,0
0.87,9.44,6.29,16.6,0.3422733362993932,1,1,1,1,0
573.0,231.0,233.0,1037.0,-0.204779858859081,0,2,2,0,2
270.0,211.0,265.0,746.0,0.0422380952879192,2,2,0,2,2
264.0,261.0,210.0,735.0,-0.0912566770676766,2,2,2,2,2
0.55,13.58,10.47,24.32,0.8958615472504776,1,1,1,1,0
0.18,7.69,8.86,16.72,0.3299131339291293,1,1,1,1,0
0.65,6.86,8.95,16.45,-0.0705168330191862,1,1,1,1,2
1.03,17.06,11.66,30.63,-0.0295922513311932,1,1,1,1,2
0.96,17.05,12.54,30.56,0.2028513619599402,1,1,1,1,0
0.65,17.0,11.08,28.73,0.2632953303877389,1,1,1,1,0
505.0,317.0,300.0,1122.0,0.1986558833836829,0,0,0,0,0
505.0,300.0,315.0,1120.0,0.2159451236039055,0,0,0,0,0
500.0,324.0,305.0,1129.0,-0.145027970468533,0,0,0,0,2
3.71,15.31,11.96,30.84,0.2339821191009301,1,1,1,1,0
3.36,15.86,11.11,30.34,0.2722519285365197,1,1,1,1,0
3.02,15.68,10.4,29.1,0.2849448284643596,1,1,1,1,0
515.0,305.0,305.0,1125.0,-0.155920471751923,0,0,0,0,2
0.92,8.62,5.8,15.16,0.304225591412965,1,1,1,1,0
0.97,8.13,5.86,15.1,-0.0813681139619869,1,1,1,1,2
0.96,8.1,6.19,15.26,0.5156554986339222,1,1,1,1,0
0.76,6.58,5.98,13.32,0.2387839832067958,1,1,1,1,0
515.0,360.0,305.0,1180.0,-0.229561572374298,0,0,0,0,2
0.47,7.97,5.23,13.87,0.4997498616085923,1,1,1,1,0
0.45,8.06,5.05,13.54,0.5155151367187485,1,1,1,1,0
0.48,5.65,4.74,10.88,0.1334399588137733,1,1,1,1,2
1.42,5.84,4.64,11.9,-0.258025263695775,1,1,1,1,2
350.0,318.0,300.0,968.0,-0.106582167974555,2,0,0,0,2
16.38,14.2,5.9,36.36,0.142469776257706,1,1,1,1,2
15.89,13.51,5.38,34.78,0.0824565208879458,1,1,1,1,2
15.91,13.49,4.85,34.25,0.3410713153090907,1,1,1,1,0
587.0,353.0,305.0,1245.0,0.4335799681890346,0,0,0,0,0
0.08,9.82,6.32,16.34,0.144657214156105,1,1,1,1,2
0.07,8.36,6.52,14.63,0.3200680951205229,1,1,1,1,0
0.07,7.55,6.0,13.63,0.0246568392000015,1,1,1,1,2
0.27,7.09,5.54,12.9,0.4012615793631288,1,1,1,1,0
500.0,300.0,200.0,1000.0,-0.0647188475000247,0,0,2,0,2
1.27,12.97,5.63,19.73,0.4631151416132247,1,1,1,1,0
1.28,12.77,5.46,19.52,0.6575646556062178,1,1,1,1,0
1.37,9.22,4.78,15.36,-0.0753674131536971,1,1,1,1,2
2.73,8.53,4.6,15.86,-0.299219933642505,1,1,1,1,2
18.26,12.17,6.6,37.02,0.0145567335800441,1,1,1,1,2
15.2,8.37,5.62,29.18,0.0784313725490196,1,1,1,1,2
17.84,9.38,5.56,32.76,-0.118836014359085,1,1,1,1,2
19.5,9.83,5.28,34.61,0.0676826984965532,1,1,1,1,2
16.17,7.29,5.52,28.97,0.1513032164918855,1,1,1,1,2
525.0,326.0,370.0,1221.0,0.0,0,0,0,0,2
2.05,8.23,13.59,23.87,-0.16157616038644,1,1,1,1,2
2.38,7.88,13.01,23.27,0.3091928562178988,1,1,1,1,0
0.47,7.26,9.57,17.3,0.1142759788654186,1,1,1,1,2
1.86,11.58,16.31,29.62,0.3195372703753348,1,1,1,1,0
1.9,12.79,15.84,30.54,-0.266847384627568,1,1,1,1,2
1.94,12.46,14.88,29.29,0.5102257186169972,1,1,1,1,0
518.0,323.0,310.0,1151.0,0.1023084722437746,0,0,0,0,2
1.36,11.17,13.48,26.01,0.0357359853677193,1,1,1,1,2
1.34,10.54,13.14,25.01,0.1442624838699425,1,1,1,1,2
438.0,316.0,300.0,1054.0,0.2104354740747406,0,0,0,0,0
0.12,11.03,13.26,23.46,0.159716724359336,1,1,1,1,2
0.12,11.04,13.46,23.99,0.3106248081101334,1,1,1,1,0
0.14,11.14,13.56,24.86,0.2939022936380795,1,1,1,1,0
530.0,344.0,310.0,1184.0,0.0668675513802287,0,0,0,0,2
1.91,11.8,7.34,21.05,0.20900509317455,1,1,1,1,0
1.98,11.51,7.62,21.11,0.112864913504268,1,1,1,1,2
1.93,10.35,7.45,19.73,0.0155329838974631,1,1,1,1,2
17.64,8.71,8.43,35.3,-0.0364116362151847,1,1,1,1,2
19.39,8.91,8.7,36.99,1.0070748880606804,1,1,1,1,0
19.09,8.97,8.77,36.83,0.5289078718389382,1,1,1,1,0
545.0,322.0,315.0,1182.0,-0.109153874896492,0,0,0,0,2
235.0,285.0,255.0,775.0,-0.375559934562276,2,0,2,2,2
515.0,303.0,259.0,1077.0,0.0804010584738383,0,0,2,0,2
530.0,300.0,220.0,1050.0,0.1988110714404161,0,0,2,0,0
542.0,322.0,315.0,1179.0,-0.18724461901972,0,0,0,0,2
525.0,317.0,300.0,1142.0,-0.281349076564703,0,0,0,0,2
200.0,208.0,200.0,608.0,-0.358825975265705,2,2,2,2,2
540.0,329.0,270.0,1139.0,-0.137181643112006,0,0,0,0,2
0.03,16.38,7.07,23.41,0.110179591633574,1,1,1,1,2
0.03,14.73,6.76,21.51,-0.0538271680290329,1,1,1,1,2
0.03,13.18,6.5,19.71,-0.027156751478041,1,1,1,1,2
575.0,312.0,328.0,1215.0,0.13589410511158,0,0,0,0,2
2.3,12.19,13.25,27.75,0.1599021703383316,1,1,1,1,2
2.4,10.04,12.73,25.17,0.544598048890789,1,1,1,1,0
2.72,7.43,12.47,22.62,-0.0426435129141973,1,1,1,1,2
5.81,6.68,5.63,18.12,0.4627968075322928,1,1,1,1,0
5.81,6.68,5.6,18.09,-0.0227272123318229,1,1,1,1,2
3.73,3.78,4.9,12.42,0.2938469966098223,1,1,1,1,0
2.41,3.48,5.01,10.89,-0.125970525177499,1,1,1,1,2
6.66,15.55,11.0,33.69,0.2611520798525851,1,1,1,1,0
5.74,13.46,10.8,30.0,0.7370292968749973,1,1,1,1,0
5.44,12.93,9.73,28.09,0.0196758678564587,1,1,1,1,2
5.71,14.62,9.86,30.18,-0.0945598678566099,1,1,1,1,2
444.0,310.0,295.0,1049.0,-0.121521236392949,0,0,0,0,2
0.75,9.96,5.22,15.93,0.8361509321586353,1,1,1,1,0
0.94,9.46,4.99,15.4,0.4155090228770776,1,1,1,1,0
1.13,8.96,4.88,14.98,0.1069959662222174,1,1,1,1,2
0.86,7.32,4.93,13.12,-0.292317388310411,1,1,1,1,2
485.0,304.0,288.0,1077.0,0.0935439328901999,0,0,0,0,2
13.6,4.11,7.25,24.83,-0.305126115007441,1,1,1,1,2
10.21,13.15,7.72,31.07,0.1442287595370415,1,1,1,1,2
7.12,11.35,6.39,24.87,-0.256873210194094,1,1,1,1,2
21.98,8.88,7.96,38.81,0.8354948866781068,1,1,1,1,0
510.0,316.0,325.0,1151.0,0.6129985387089295,0,0,0,0,0
6.28,1.68,3.67,11.64,0.1614027682070266,1,1,1,1,2
6.05,1.46,3.65,11.17,0.1048331224138371,1,1,1,1,2
5.94,1.28,3.59,10.81,-0.189412829228729,1,1,1,1,2
512.0,303.0,475.0,1290.0,-0.198405526114513,0,0,0,0,2
4.12,7.54,7.65,19.3,0.573653746841894,1,1,1,1,0
3.97,6.38,6.82,17.17,0.3580361681323126,1,1,1,1,0
3.77,4.71,5.33,13.81,0.255709471542467,1,1,1,1,0
555.0,339.0,310.0,1204.0,-0.35382859129044,0,0,0,0,2
600.0,337.0,345.0,1282.0,-0.120899850078775,0,0,0,0,2
15.9,15.4,7.04,38.35,0.2120489706434832,1,1,1,1,0
14.34,14.54,6.65,35.54,-0.148250629013065,1,1,1,1,2
13.42,13.09,6.75,33.26,0.0982179765966284,1,1,1,1,2
14.15,13.05,6.58,33.79,0.1403809320358953,1,1,1,1,2
280.0,347.0,330.0,957.0,0.1879891240940953,2,0,0,0,0
3.57,3.6,5.96,13.0,-0.0254213191064935,1,1,1,1,2
3.54,3.69,5.62,12.81,0.2151589966283396,1,1,1,1,0
3.51,3.55,5.35,12.42,-0.237717440093522,1,1,1,1,2
500.0,300.0,298.0,1098.0,-0.0363409125031207,0,0,0,0,2
8.99,8.39,8.71,26.09,0.3711950271219582,1,1,1,1,0
8.96,8.66,7.9,25.52,0.5146017651473884,1,1,1,1,0
210.0,212.0,200.0,622.0,-0.13877721023209,2,2,2,2,2
13.3,1.58,4.38,19.25,0.4758574935131994,1,1,1,1,0
12.78,1.76,4.22,18.74,0.1792747057697586,1,1,1,1,0
12.19,1.93,4.0,18.12,0.3930914574243359,1,1,1,1,0
535.0,347.0,325.0,1207.0,-0.23209258167087,0,0,0,0,2
11.17,9.76,5.66,26.6,0.2124664919627377,1,1,1,1,0
11.97,9.92,5.98,27.93,-0.0025275094168526,1,1,1,1,2
12.78,10.06,6.24,29.14,0.3582089841796114,1,1,1,1,0
13.23,9.74,5.5,28.48,0.2301179060246261,1,1,1,1,0
653.0,395.0,300.0,1348.0,-0.120706976828314,0,0,0,0,2
0.07,13.13,10.19,23.25,0.3256308487824932,1,1,1,1,0
0.06,11.74,9.87,21.68,-0.030081821673649,1,1,1,1,2
0.05,10.17,9.41,19.62,0.3487221928074411,1,1,1,1,0
230.0,226.0,208.0,664.0,0.1012097119399164,2,2,2,2,2
260.0,222.0,213.0,695.0,0.0419304583085152,2,2,2,2,2
220.0,224.0,235.0,679.0,-0.108137242934284,2,2,2,2,2
220.0,394.0,265.0,879.0,-0.166777565586945,2,0,0,2,2
2.5,17.47,8.88,28.56,0.2669697385845758,1,1,1,1,0
2.56,16.84,9.05,28.45,-0.0560000251321234,1,1,1,1,2
2.51,15.96,9.22,27.7,0.0664678670159246,1,1,1,1,2
500.0,316.0,300.0,1116.0,-0.106173930753964,0,0,0,0,2
2.55,8.35,5.18,16.08,-0.253361981581835,1,1,1,1,2
2.11,5.2,4.6,11.92,0.1289738839755438,1,1,1,1,2
430.0,231.0,300.0,961.0,-0.0838621882426218,0,2,0,0,2
3.45,16.51,11.25,31.84,0.0475614677658257,1,1,1,1,2
3.4,18.48,11.17,33.05,0.2252556682464067,1,1,1,1,0
3.41,18.26,10.64,32.31,-0.0803777942687077,1,1,1,1,2
3.55,16.17,9.57,29.3,0.0019123487505983,1,1,1,1,2
607.0,384.0,315.0,1306.0,0.1128641268231669,0,0,0,0,2
321.0,349.0,310.0,980.0,-0.241471361931831,2,0,0,0,2
0.04,14.99,8.49,23.52,-0.0003705206606888,1,1,1,1,2
0.03,15.3,8.03,23.36,-0.18123452615097,1,1,1,1,2
0.02,14.65,7.54,22.2,-0.023683597274034,1,1,1,1,2
0.02,13.07,7.82,20.91,-0.11492813469162,1,1,1,1,2
275.0,227.0,300.0,802.0,-0.271188674240294,2,2,0,2,2
2.38,12.18,10.22,24.81,0.0812030645745892,1,1,1,1,2
2.21,10.69,10.32,23.22,-0.158937784448584,1,1,1,1,2
1.99,9.46,10.7,22.15,0.3665882783777553,1,1,1,1,0
500.0,300.0,300.0,1100.0,-0.193003376332653,0,0,0,0,2
4.37,9.5,6.23,20.31,0.2143266699002217,1,1,1,1,0
3.88,9.4,6.15,19.43,0.0768082211798021,1,1,1,1,2
3.88,9.68,6.31,19.87,0.0663244357638888,1,1,1,1,2
558.0,306.0,310.0,1174.0,-0.0807717544108543,0,0,0,0,2
1.52,14.37,9.69,26.01,-0.133580411107313,1,1,1,1,2
1.53,17.05,10.24,28.38,-0.153420223933907,1,1,1,1,2
1.37,15.77,10.98,28.1,-0.0285043028710778,1,1,1,1,2
0.03,15.2,7.5,22.73,0.0098800903639585,1,1,1,1,2
500.0,321.0,310.0,1131.0,0.2487514502548594,0,0,0,0,0
550.0,313.0,325.0,1188.0,-0.161230370451021,0,0,0,0,2
405.0,320.0,300.0,1025.0,0.0122159174959017,0,0,0,0,2
3.16,18.0,11.83,32.98,-0.20989009312221,1,1,1,1,2
2.83,12.86,10.32,26.02,0.0389762817906761,1,1,1,1,2
5.57,10.83,7.98,24.62,0.2740088704877208,1,1,1,1,0
5.4,10.84,7.54,23.78,-0.121818195689809,1,1,1,1,2
4.94,9.54,7.21,21.69,0.1559373622626754,1,1,1,1,2
260.0,206.0,230.0,696.0,-0.186056799473274,2,2,2,2,2
3.87,5.15,5.62,14.63,0.2341987858265623,1,1,1,1,0
3.82,5.09,5.37,14.28,-0.316485924125972,1,1,1,1,2
3.7,5.03,5.08,13.81,0.2086043716349127,1,1,1,1,0
532.0,339.0,305.0,1176.0,0.0685248539307859,0,0,0,0,2
515.0,300.0,303.0,1118.0,-0.167538410409796,0,0,0,0,2
9.76,14.03,5.85,29.63,0.6196784610709621,1,1,1,1,0
9.87,15.3,5.66,30.83,0.0586860823805314,1,1,1,1,2
10.97,16.37,4.95,32.29,-0.0618131842219935,1,1,1,1,2
11.7,16.4,4.77,32.87,0.0476470274083735,1,1,1,1,2
1.91,8.93,5.53,16.37,0.1464189269166409,1,1,1,1,2
2.29,8.2,5.13,15.62,0.0518460977863068,1,1,1,1,2
2.45,5.37,4.51,12.33,-0.044357820012419,1,1,1,1,2
505.0,300.0,315.0,1120.0,0.2220496608125533,0,0,0,0,0
210.0,258.0,226.0,694.0,-0.223330242818573,2,2,2,2,2
235.0,239.0,235.0,709.0,0.0987797016672359,2,2,2,2,2
1.53,10.32,11.48,23.37,0.2194281378880567,1,1,1,1,0
1.57,10.72,11.43,23.73,-0.012383752704431,1,1,1,1,2
1.62,11.28,10.88,23.78,0.268105447800005,1,1,1,1,0
1.65,11.68,10.67,24.01,0.0880148756825461,1,1,1,1,2
2.97,9.24,9.43,21.64,-0.222055095065316,1,1,1,1,2
2.57,7.19,8.98,18.69,0.40381090271614,1,1,1,1,0
2.85,7.43,9.19,19.47,-0.0966971869860137,1,1,1,1,2
0.98,2.77,3.62,7.39,0.553612160461733,1,1,1,1,0
1.66,2.74,3.58,7.98,0.0132471676027564,1,1,1,1,2
2.13,2.7,3.51,8.33,0.7295186361697544,1,1,1,1,0
1.27,2.48,3.24,6.99,-0.217558310448056,1,1,1,1,2
500.0,300.0,200.0,1000.0,-0.0780861594460239,0,0,2,0,2
8.3,8.16,3.64,20.08,0.0386187833547309,1,1,1,1,2
8.49,9.0,3.72,21.2,-0.578188890145183,1,1,1,1,2
9.18,9.46,3.85,22.48,-0.0728110538320543,1,1,1,1,2
10.21,9.77,3.82,23.8,-0.048638133559123,1,1,1,1,2
530.0,379.0,320.0,1229.0,-0.420529459431528,0,0,0,0,2
1.37,10.9,5.97,18.72,0.6262602140416262,1,1,1,1,0
1.16,10.51,5.51,17.18,0.9440010271091356,1,1,1,1,0
1.14,9.85,5.27,16.26,0.361312052994335,1,1,1,1,0
500.0,308.0,295.0,1103.0,-0.193235626019625,0,0,0,0,2
225.0,209.0,200.0,634.0,-0.157640964714549,2,2,2,2,2
500.0,319.0,300.0,1119.0,-0.140497315482928,0,0,0,0,2
525.0,307.0,310.0,1142.0,0.5153760452158354,0,0,0,0,0
2.02,14.57,11.93,29.1,0.3798844780579098,1,1,1,1,0
1.79,14.04,11.75,27.57,-0.121807533165006,1,1,1,1,2
1.87,12.49,11.16,25.51,0.3117712215302299,1,1,1,1,0
230.0,215.0,205.0,650.0,-0.154880098923397,2,2,2,2,2
8.57,8.62,8.51,25.57,0.0799815648340432,1,1,1,1,2
8.76,8.62,7.96,25.34,0.2394147024877498,1,1,1,1,0
7.37,8.22,7.14,22.74,0.1778901856366253,1,1,1,1,0
6.53,6.53,6.59,19.66,0.0126269975793125,1,1,1,1,2
6.51,12.91,6.55,26.0,-0.0540704163506602,1,1,1,1,2
6.44,13.0,6.45,25.89,0.1957962133322548,1,1,1,1,0
5.83,12.36,6.28,24.48,0.1492791831260666,1,1,1,1,2
4.89,9.42,5.63,19.94,-0.0535190965935797,1,1,1,1,2
2.53,9.1,7.97,19.65,0.7331092971700406,1,1,1,1,0
2.22,9.86,7.89,19.97,0.3572761798536646,1,1,1,1,0
2.65,10.84,8.08,21.57,-0.0219326055946422,1,1,1,1,2
5.57,13.1,7.76,26.43,-0.136024881642601,1,1,1,1,2
508.0,328.0,310.0,1146.0,0.129504489304652,0,0,0,0,2
1.71,9.14,15.89,26.7,0.3727154519644327,1,1,1,1,0
1.71,9.42,15.3,26.42,-0.172789239968,1,1,1,1,2
1.78,9.11,14.53,25.41,0.2973126930207633,1,1,1,1,0
1.83,9.42,13.47,24.72,0.2083770698134999,1,1,1,1,0
520.0,310.0,310.0,1140.0,-0.0426966348912101,0,0,0,0,2
560.0,350.0,345.0,1255.0,-0.163390762504494,0,0,0,0,2
2.1,11.32,12.22,25.91,0.0618617777720069,1,1,1,1,2
2.05,11.94,12.66,26.65,-0.224166658189562,1,1,1,1,2
1.69,13.13,12.11,26.93,0.5354747658717767,1,1,1,1,0
280.0,300.0,230.0,810.0,0.0005661577437791,2,0,2,2,2
1.22,9.3,8.93,19.43,0.3427888613579151,1,1,1,1,0
1.22,9.3,9.09,19.61,0.1552028399647071,1,1,1,1,2
1.89,9.86,8.77,20.51,-0.0372991008755418,1,1,1,1,2
4.56,12.11,8.07,24.74,-0.0480191623281938,1,1,1,1,2
2.79,7.46,6.79,17.03,0.0764774964784741,1,1,1,1,2
2.68,7.32,6.47,16.46,-0.0947739918489811,1,1,1,1,2
1.95,6.55,6.05,14.56,0.2477334740486456,1,1,1,1,0
2.13,6.21,6.24,14.59,0.0372277685048698,1,1,1,1,2
5.37,14.5,5.51,26.54,0.9566416839044202,1,1,1,1,0
4.02,14.73,6.04,24.79,0.6509042100358754,1,1,1,1,0
3.97,14.63,5.68,24.28,0.2607450401564971,1,1,1,1,0
210.0,241.0,213.0,664.0,-0.0786379057785574,2,2,2,2,2
3.32,9.11,6.37,18.76,0.3638165298662707,1,1,1,1,0
3.45,9.01,6.29,18.75,0.261526501020406,1,1,1,1,0
4.14,8.04,5.97,18.14,-0.0419008854226293,1,1,1,1,2
510.0,320.0,300.0,1130.0,-0.104110482252649,0,0,0,0,2
14.98,8.88,5.05,28.77,0.2689822207531084,1,1,1,1,0
13.52,9.07,5.35,27.94,-0.0294305165583095,1,1,1,1,2
12.78,8.22,5.33,26.33,0.0727243355293009,1,1,1,1,2
9.8,5.78,5.52,21.1,0.1011080233211955,1,1,1,1,2
0.14,15.86,6.68,22.68,0.3595116432288226,1,1,1,1,0
0.11,14.13,7.27,21.52,0.040894894765927,1,1,1,1,2
14.48,12.9,7.56,35.24,-0.0056357819954881,1,1,1,1,2
13.81,11.66,6.1,31.57,-0.208196141600501,1,1,1,1,2
17.79,11.9,5.85,35.53,0.2879556875472513,1,1,1,1,0
550.0,320.0,260.0,1130.0,0.1604585042028293,0,0,2,0,2
0.06,12.15,9.6,23.7,-0.244704287021349,1,1,1,1,2
0.06,13.33,10.25,24.61,0.3815278106238535,1,1,1,1,0
0.06,13.46,9.66,23.18,0.4548279500063088,1,1,1,1,0
508.0,309.0,320.0,1137.0,-0.0923466958110091,0,0,0,0,2
3.1,11.59,7.32,22.01,0.1240641233589182,1,1,1,1,2
3.1,10.71,7.0,20.82,0.1477808286065918,1,1,1,1,2
2.83,10.75,6.44,20.03,-0.0666573437519047,1,1,1,1,2
17.2,8.5,8.41,34.35,0.0715109614564717,1,1,1,1,2
15.53,7.84,6.63,30.0,-0.387408051068324,1,1,1,1,2
18.68,9.83,7.03,35.53,0.7822222297574246,1,1,1,1,0
17.45,9.71,7.73,34.88,0.407330341031718,1,1,1,1,0
537.0,306.0,225.0,1068.0,0.0448825443545364,0,0,2,0,2
8.97,9.71,5.43,24.12,0.5085470299447924,1,1,1,1,0
9.15,8.86,5.17,23.18,-0.0222447375499901,1,1,1,1,2
9.4,7.82,4.78,22.0,-0.0983402822290275,1,1,1,1,2
515.0,301.0,305.0,1121.0,0.064270926637509,0,0,0,0,2
2.45,11.3,5.92,19.67,-0.228872737572664,1,1,1,1,2
5.93,6.62,7.12,19.82,-0.0426225738492529,1,1,1,1,2
5.79,6.56,7.48,19.9,0.215906439109153,1,1,1,1,0
5.25,5.62,7.36,18.24,-0.0631036405123698,1,1,1,1,2
5.14,4.82,6.44,16.4,0.7907395756839298,1,1,1,1,0
510.0,322.0,235.0,1067.0,-0.244231390686275,0,0,2,0,2
215.0,241.0,200.0,656.0,-0.257244783568542,2,2,2,2,2
0.6,6.58,6.85,14.08,0.134342489810031,1,1,1,1,2
0.57,6.18,6.27,13.02,-0.068872269636066,1,1,1,1,2
0.44,5.84,6.07,12.35,0.4301511389724895,1,1,1,1,0
280.0,234.0,220.0,734.0,-0.186486535331919,2,2,2,2,2
7.04,12.36,3.19,22.57,0.1909151874276224,1,1,1,1,0
6.64,12.37,3.49,22.5,0.2462236028192873,1,1,1,1,0
5.49,9.3,3.61,18.41,0.2442091108025054,1,1,1,1,0
7.45,9.19,3.55,20.2,-0.0640682800277059,1,1,1,1,2
5.48,12.45,7.48,25.41,0.3097903010503967,1,1,1,1,0
5.09,11.31,7.3,23.7,0.2521049058338631,1,1,1,1,0
4.1,9.46,6.99,20.54,-0.0648143580673539,1,1,1,1,2
483.0,303.0,305.0,1091.0,-0.239865651622875,0,0,0,0,2
23.42,14.01,9.07,46.51,0.5566137920685214,1,1,1,1,0
1.03,11.23,8.17,20.42,0.3156204164995295,1,1,1,1,0
1.06,12.22,7.44,20.71,0.0819512343988182,1,1,1,1,2
1.11,9.5,5.74,16.35,-0.0444294364890325,1,1,1,1,2
610.0,312.0,320.0,1242.0,0.2871307248423542,0,0,0,0,0
530.0,305.0,305.0,1140.0,0.0807610942164858,0,0,0,0,2
540.0,302.0,315.0,1157.0,0.0084622387631725,0,0,0,0,2
20.27,11.7,10.64,42.56,0.1226943007980252,1,1,1,1,2
18.87,11.81,10.1,40.78,-0.300968474009911,1,1,1,1,2
19.06,11.46,10.0,40.51,0.3781561523337826,1,1,1,1,0
21.15,10.07,10.06,41.28,0.461335368878176,1,1,1,1,0
265.0,228.0,200.0,693.0,-0.263236722351972,2,2,2,2,2
535.0,325.0,310.0,1170.0,0.1111110787804308,0,0,0,0,2
515.0,300.0,313.0,1128.0,0.0645890835810788,0,0,0,0,2
550.0,341.0,295.0,1186.0,-0.152270530946166,0,0,0,0,2
560.0,339.0,305.0,1204.0,0.2696220930232558,0,0,0,0,0
335.0,321.0,313.0,969.0,-0.0406225946087659,2,0,0,0,2
247.0,222.0,200.0,669.0,0.0616677897600446,2,2,2,2,2
0.14,10.7,8.46,19.16,0.2970970307357162,1,1,1,1,0
0.14,10.34,8.44,18.92,0.1162419987298178,1,1,1,1,2
0.12,10.08,8.6,18.8,0.441749954223625,1,1,1,1,0
0.13,12.67,8.1,20.9,-0.211051781216523,1,1,1,1,2
9.34,7.01,6.03,22.39,-0.328051156746543,1,1,1,1,2
4.63,18.23,9.86,32.72,0.4428422298168173,1,1,1,1,0
3.35,14.81,8.57,26.74,0.4623316668865164,1,1,1,1,0
1.37,8.23,6.13,15.73,-0.153277038638059,1,1,1,1,2
510.0,316.0,321.0,1147.0,-0.162741451019461,0,0,0,0,2
210.0,263.0,205.0,678.0,0.0196620400813932,2,2,2,2,2
4.17,5.92,7.88,17.91,0.1347611985698205,1,1,1,1,2
3.41,5.38,5.54,14.33,0.1624863929963894,1,1,1,1,2
3.37,5.07,5.52,13.95,0.2634473046422154,1,1,1,1,0
3.23,3.7,6.1,13.02,-0.180029380459176,1,1,1,1,2
3.86,9.85,5.87,19.57,0.1409863568477753,1,1,1,1,2
3.4,8.54,5.82,17.76,0.3055840180094292,1,1,1,1,0
3.4,7.41,4.27,15.08,0.2314972800329783,1,1,1,1,0
500.0,320.0,305.0,1125.0,-0.194065184532306,0,0,0,0,2
225.0,201.0,200.0,626.0,0.1449300173121901,2,2,2,2,2
6.08,14.48,6.98,27.52,0.1962213573842184,1,1,1,1,0
5.22,14.79,6.66,26.67,0.4734465198168223,1,1,1,1,0
7.72,16.68,6.81,31.21,-0.311915899506625,1,1,1,1,2
540.0,313.0,300.0,1153.0,-0.112583782120111,0,0,0,0,2
515.0,309.0,300.0,1124.0,-0.124833557796017,0,0,0,0,2
592.0,313.0,210.0,1115.0,0.1454697133106054,0,0,2,0,2
16.23,10.56,7.19,33.99,0.0592265525255147,1,1,1,1,2
15.8,11.37,6.36,33.54,0.0030674713304268,1,1,1,1,2
15.39,10.4,5.44,31.24,0.1429505657123709,1,1,1,1,2
14.49,8.57,4.59,27.66,0.0947478263753228,1,1,1,1,2
260.0,332.0,300.0,892.0,0.0646970919011308,2,0,0,2,2
17.33,11.07,6.25,34.52,0.1836827110847608,1,1,1,1,0
17.26,9.92,6.62,33.79,-0.396795079287778,1,1,1,1,2
16.85,8.61,7.56,33.01,1.753124952316281,1,1,1,1,0
570.0,301.0,300.0,1171.0,0.4173086143712637,0,0,0,0,0
505.0,326.0,305.0,1136.0,-0.0354938725839366,0,0,0,0,2
6.46,22.43,12.99,41.91,0.8694128835113932,1,1,1,1,0
6.2,17.79,10.64,34.64,0.6916178868531787,1,1,1,1,0
5.93,13.04,8.23,27.21,0.4667959719832205,1,1,1,1,0
5.57,11.43,8.28,25.28,-0.0746333271012737,1,1,1,1,2
360.0,300.0,225.0,885.0,-0.0707192808278898,2,0,2,2,2
1.69,11.13,7.32,20.17,0.3059674903630617,1,1,1,1,0
1.69,11.41,7.72,20.81,0.380115358708841,1,1,1,1,0
1.34,10.79,7.54,19.67,0.3173534192360653,1,1,1,1,0
0.93,9.33,6.71,16.98,-0.185101519747904,1,1,1,1,2
14.41,10.3,7.48,32.17,0.3263917903310241,1,1,1,1,0
13.32,9.8,7.06,30.19,0.1172157209490098,1,1,1,1,2
10.33,8.6,6.54,25.47,0.0761009006325229,1,1,1,1,2
9.48,8.44,6.17,24.09,-0.247485888805636,1,1,1,1,2
700.0,358.0,300.0,1358.0,0.1485647396821032,0,0,0,0,2
0.16,18.63,6.95,25.73,-0.260972032624487,1,1,1,1,2
19.08,12.0,7.86,38.87,0.3422926887232856,1,1,1,1,0
13.66,12.21,6.8,32.67,-0.159148702119574,1,1,1,1,2
11.07,11.59,5.97,28.65,0.0874761285100792,1,1,1,1,2
10.64,10.99,5.86,27.49,0.0512145184014218,1,1,1,1,2
500.0,300.0,300.0,1100.0,-0.283915432955574,0,0,0,0,2
13.15,6.61,7.94,27.65,0.0999168029638387,1,1,1,1,2
12.4,6.24,7.56,26.19,0.2472636427378446,1,1,1,1,0
11.82,5.45,7.24,24.51,-0.111851821711037,1,1,1,1,2
605.0,323.0,315.0,1243.0,-0.0047159960022959,0,0,0,0,2
565.0,316.0,300.0,1181.0,0.0285050958326561,0,0,0,0,2
23.89,12.77,8.05,44.78,-0.0221807313174252,1,1,1,1,2
24.84,12.6,8.26,45.71,-0.408562629122662,1,1,1,1,2
19.63,11.04,8.24,38.91,0.7500000939395519,1,1,1,1,0
550.0,252.0,240.0,1042.0,0.3918261054329944,0,2,2,0,0
4.96,5.26,4.9,15.5,0.6711521250773393,1,1,1,1,0
5.42,5.24,5.49,16.16,0.2230994939677202,1,1,1,1,0
4.52,5.48,5.49,15.5,0.1774925456376571,1,1,1,1,0
515.0,323.0,315.0,1153.0,-0.130593136171954,0,0,0,0,2
4.47,5.43,6.16,16.0,0.2369306088938078,1,1,1,1,0
4.56,5.21,5.76,15.52,-0.271028049658615,1,1,1,1,2
4.41,4.02,4.91,13.34,0.5240821551381726,1,1,1,1,0
2.91,3.0,5.14,11.05,-0.003855458017487,1,1,1,1,2
576.0,409.0,310.0,1295.0,0.0211733365955426,0,0,0,0,2
377.0,304.0,210.0,891.0,-0.0209130453582378,2,0,2,2,2
4.66,7.04,6.03,17.84,0.3987005244138369,1,1,1,1,0
5.02,6.59,5.63,17.24,0.261444792990181,1,1,1,1,0
5.0,6.45,5.68,17.12,0.4365752530352404,1,1,1,1,0
5.2,6.72,5.69,17.6,-0.193090696380369,1,1,1,1,2
653.0,380.0,310.0,1343.0,0.1025299180285473,0,0,0,0,2
235.0,241.0,235.0,711.0,-0.479244444627444,2,2,2,2,2
555.0,310.0,300.0,1165.0,0.0323662536700956,0,0,0,0,2
290.0,333.0,305.0,928.0,-0.0701170695560495,2,0,0,2,2
694.0,403.0,316.0,1413.0,0.2038539301069137,0,0,0,0,0
4.07,9.2,5.14,18.68,0.1684888507654018,1,1,1,1,2
4.01,9.9,5.03,18.94,0.2097430334227049,1,1,1,1,0
4.05,9.23,4.84,18.13,0.4080946777674791,1,1,1,1,0
3.83,7.31,4.96,16.1,-0.280366165509251,1,1,1,1,2
225.0,242.0,305.0,772.0,0.0565361270130473,2,2,0,2,2
3.81,4.28,5.86,13.94,-0.0636563742213348,1,1,1,1,2
292.0,246.0,215.0,753.0,-0.272214423644449,2,2,2,2,2
513.0,271.0,300.0,1084.0,0.2868562937823259,0,2,0,0,0
10.69,8.66,7.05,26.4,-0.123062482257654,1,1,1,1,2
510.0,302.0,300.0,1112.0,-0.349158884208893,0,0,0,0,2
20.58,11.87,6.85,39.97,0.3106892692873207,1,1,1,1,0
20.69,12.42,6.75,39.87,0.949063649007856,1,1,1,1,0
18.17,11.86,5.53,35.56,0.5319383220583427,1,1,1,1,0
17.21,10.28,5.37,32.87,0.1858726897193435,1,1,1,1,0
5.87,9.29,6.11,21.26,0.7033197627349373,1,1,1,1,0
5.18,10.01,6.0,21.19,-0.0067587530311027,1,1,1,1,2
5.29,9.32,5.84,20.45,-0.20808308252456,1,1,1,1,2
510.0,304.0,300.0,1114.0,0.1391492629319259,0,0,0,0,2
1.21,11.87,5.34,18.42,0.3903977654196988,1,1,1,1,0
1.26,12.49,5.47,19.23,-0.184726671974888,1,1,1,1,2
0.34,11.57,6.61,18.51,-0.228403814891249,1,1,1,1,2
1.27,11.14,5.73,18.13,-0.0631001520087991,1,1,1,1,2
395.0,302.0,310.0,1007.0,-0.0403427923818836,2,0,0,0,2
2.23,13.03,11.34,26.6,0.3267155662450495,1,1,1,1,0
2.22,12.98,11.02,26.22,-0.10920843246513,1,1,1,1,2
2.02,12.22,10.22,24.46,0.5688039941638983,1,1,1,1,0
1.39,8.2,9.15,18.73,-0.11320761916159,1,1,1,1,2
410.0,302.0,300.0,1012.0,0.1484705338299939,0,0,0,0,2
16.53,12.54,6.91,36.22,0.5822444443974159,1,1,1,1,0
18.34,12.95,6.97,38.26,0.1450632376224461,1,1,1,1,2
17.86,13.54,7.31,38.71,-0.0502981569516323,1,1,1,1,2
17.03,10.57,7.39,34.99,0.2372467104445981,1,1,1,1,0
295.0,330.0,315.0,940.0,0.0550161003261223,2,0,0,2,2
370.0,331.0,288.0,989.0,-0.222227570657172,2,0,0,0,2
4.1,5.8,7.12,16.98,0.0997863508864443,1,1,1,1,2
3.72,4.9,6.94,15.56,-0.342804200596516,1,1,1,1,2
2.24,4.44,6.08,12.75,0.6009395758235829,1,1,1,1,0
525.0,302.0,300.0,1127.0,-0.0981195303459227,0,0,0,0,2
1.33,13.57,6.17,21.07,1.4028881212623354,1,1,1,1,0
1.23,12.19,5.75,19.17,-0.0838395718572156,1,1,1,1,2
10.5,14.79,7.15,32.39,0.1466526447398539,1,1,1,1,2
10.01,14.6,6.96,31.56,0.09908967262765,1,1,1,1,2
15.52,14.16,5.63,35.32,0.0745070551482718,1,1,1,1,2
540.0,326.0,305.0,1171.0,-0.231033604425895,0,0,0,0,2
510.0,310.0,300.0,1120.0,0.1662201219768612,0,0,0,0,2
533.0,300.0,300.0,1133.0,-0.0461037527133953,0,0,0,0,2
500.0,303.0,300.0,1103.0,-0.14459661593529,0,0,0,0,2
585.0,326.0,365.0,1276.0,0.0553571635363073,0,0,0,0,2
215.0,238.0,215.0,668.0,0.0885152597576461,2,2,2,2,2
7.91,5.2,6.89,20.0,0.0327323253855363,1,1,1,1,2
7.3,5.24,6.87,19.42,-0.0991979344333145,1,1,1,1,2
510.0,303.0,255.0,1068.0,-0.329714351360321,0,0,2,0,2
535.0,311.0,250.0,1096.0,-0.29038365262069,0,0,2,0,2
295.0,362.0,355.0,1012.0,-0.126331387288597,2,0,0,0,2
4.25,5.85,3.41,13.37,0.1171522499533784,1,1,1,1,2
3.71,5.14,3.9,12.75,0.387020126716791,1,1,1,1,0
3.61,5.22,3.78,12.6,-0.0697640838921187,1,1,1,1,2
0.18,14.04,7.57,21.85,0.7977350277926396,1,1,1,1,0
0.18,13.52,7.87,21.58,0.1710791070551511,1,1,1,1,2
0.38,10.96,7.31,18.64,-0.371489717663452,1,1,1,1,2
1.31,10.92,6.95,19.18,0.0310911467880254,1,1,1,1,2
4.93,9.16,5.98,20.0,0.5684886874908661,1,1,1,1,0
5.52,9.66,5.68,20.86,0.225773410114954,1,1,1,1,0
5.87,8.84,4.79,19.5,0.1367392697907129,1,1,1,1,2
205.0,242.0,200.0,647.0,-0.185019797435054,2,2,2,2,2
525.0,305.0,305.0,1135.0,-0.173161916070856,0,0,0,0,2
1.41,5.85,6.75,13.88,0.21381179401637,1,1,1,1,0
1.39,5.25,6.38,13.02,0.201883727263841,1,1,1,1,0
3.21,5.57,6.05,14.83,0.2626449350739354,1,1,1,1,0
3.41,5.48,5.72,14.6,-0.0503951935183927,1,1,1,1,2
255.0,301.0,300.0,856.0,-0.166307961230554,2,0,0,2,2
2.53,12.71,9.53,24.55,0.2801358459710751,1,1,1,1,0
2.48,11.43,8.8,22.72,-0.164682525791305,1,1,1,1,2
2.05,11.31,7.85,21.22,0.2094117706897175,1,1,1,1,0
1.96,10.54,7.79,20.28,-0.13806453827889,1,1,1,1,2
520.0,348.0,305.0,1173.0,0.0165965789589449,0,0,0,0,2
230.0,317.0,205.0,752.0,-0.268982443143915,2,0,2,2,2
535.0,300.0,305.0,1140.0,0.5523680494178259,0,0,0,0,0
1.45,8.58,10.93,20.73,0.3947670618180573,1,1,1,1,0
1.48,8.58,10.51,20.56,-0.196522305153508,1,1,1,1,2
1.65,7.42,9.6,18.67,0.3910940848212486,1,1,1,1,0
1.5,6.22,8.58,16.31,0.0815294898654552,1,1,1,1,2
545.0,315.0,315.0,1175.0,0.1920874038891936,0,0,0,0,0
8.63,8.48,4.05,21.16,0.5689630758471189,1,1,1,1,0
8.22,8.24,3.87,20.33,0.0009896590988925,1,1,1,1,2
8.04,8.13,3.61,19.78,0.405695266984118,1,1,1,1,0
293.0,200.0,205.0,698.0,-0.002372524042503,2,2,2,2,2
4.63,19.88,10.84,35.38,0.3501422693730786,1,1,1,1,0
4.58,17.32,11.61,33.5,0.3978887517094758,1,1,1,1,0
4.45,14.28,11.78,30.51,0.0456159011500563,1,1,1,1,2
515.0,324.0,315.0,1154.0,-0.0023526375656779,0,0,0,0,2
545.0,344.0,308.0,1197.0,-0.0609544796100325,0,0,0,0,2
230.0,359.0,230.0,819.0,-0.0320956713569935,2,0,2,2,2
245.0,211.0,200.0,656.0,-0.0063643030919171,2,2,2,2,2
10.56,12.32,5.12,27.96,0.067692322138497,1,1,1,1,2
10.02,11.23,4.98,26.24,0.0325653797204126,1,1,1,1,2
10.73,10.32,5.04,26.1,0.0454059286557648,1,1,1,1,2
570.0,322.0,300.0,1192.0,0.0955505393412455,0,0,0,0,2
3.52,4.97,6.0,14.36,0.1024883610018908,1,1,1,1,2
3.65,5.68,5.68,15.01,-0.0049114722289595,1,1,1,1,2
3.19,5.66,5.64,14.5,0.1366368541257731,1,1,1,1,2
2.14,5.59,5.76,13.48,0.1805142955275914,1,1,1,1,0
4.02,4.74,5.52,14.28,0.1283454157213538,1,1,1,1,2
3.97,5.15,5.42,14.55,-0.215549575673724,1,1,1,1,2
3.74,5.73,4.91,14.37,0.1813858066701334,1,1,1,1,0
510.0,318.0,318.0,1146.0,0.1194968656339949,0,0,0,0,2
9.14,10.87,5.92,25.95,0.3842531108033487,1,1,1,1,0
8.67,11.18,5.95,25.8,0.0346397218740192,1,1,1,1,2
9.72,10.32,5.29,25.34,0.2644272149951659,1,1,1,1,0
525.0,361.0,300.0,1186.0,0.171609238940229,0,0,0,0,2
462.0,300.0,300.0,1062.0,-0.0017772927208392,0,0,0,0,2
525.0,315.0,320.0,1160.0,0.1087499856948843,0,0,0,0,2
0.42,9.77,7.35,17.62,0.1966788192221687,1,1,1,1,0
0.41,9.96,7.25,17.6,-0.067555527548806,1,1,1,1,2
0.42,9.4,7.43,17.24,0.1109126751617875,1,1,1,1,2
0.47,6.67,7.64,14.77,-0.0560155840632107,1,1,1,1,2
5.43,18.37,11.57,35.44,0.1804049025650904,1,1,1,1,0
5.43,11.82,12.3,29.56,0.9113294744402344,1,1,1,1,0
4.7,9.11,11.45,25.27,0.3090656500450418,1,1,1,1,0
3.6,7.12,9.96,20.69,-0.242320685832398,1,1,1,1,2
10.08,15.9,8.04,33.97,-0.0484588151847792,1,1,1,1,2
10.67,15.4,7.66,33.74,0.1525776476179486,1,1,1,1,2
8.1,13.0,5.95,27.05,-0.193635783460537,1,1,1,1,2
1.3,4.95,6.87,13.12,0.1244492135729753,1,1,1,1,2
1.22,3.6,6.42,11.24,0.0258871917762856,1,1,1,1,2
1.19,3.73,6.29,11.21,-0.117079050227525,1,1,1,1,2
0.11,18.26,7.64,26.01,-0.156127860507516,1,1,1,1,2
1.0,16.45,6.99,24.45,0.1166666840377851,1,1,1,1,2
4.91,5.01,6.93,16.84,0.3022193138890005,1,1,1,1,0
4.33,5.14,6.57,16.05,-0.172974795705679,1,1,1,1,2
3.84,6.03,6.48,16.36,0.03227100882037,1,1,1,1,2
1.08,10.9,5.69,17.58,0.3677806406046006,1,1,1,1,0
1.12,10.83,5.67,17.62,0.4549181309934507,1,1,1,1,0
1.11,9.98,5.62,16.7,0.6938431222535465,1,1,1,1,0
0.05,9.99,6.06,16.15,0.1351351326019676,1,1,1,1,2
0.05,10.0,5.96,16.02,0.0107434462862931,1,1,1,1,2
0.05,9.69,5.98,15.73,0.5956541056066584,1,1,1,1,0
1.77,15.29,8.33,25.48,0.3504937467107743,1,1,1,1,0
1.67,14.74,7.86,24.26,0.1542227861902778,1,1,1,1,2
1.47,12.23,7.09,20.79,0.5811477851838899,1,1,1,1,0
5.23,16.27,11.12,32.62,0.3733423548970985,1,1,1,1,0
4.97,14.08,10.77,29.82,0.3052164682732162,1,1,1,1,0
4.57,11.17,10.03,25.76,-0.220130999673849,1,1,1,1,2
500.0,316.0,315.0,1131.0,-0.108899030905193,0,0,0,0,2
4.64,9.31,6.29,20.23,0.1317236291440758,1,1,1,1,2
4.27,8.87,6.44,19.56,0.1787744605602152,1,1,1,1,0
4.36,9.14,6.43,19.93,-0.206348557014036,1,1,1,1,2
1.47,14.46,10.93,26.29,-0.545602613958126,1,1,1,1,2
1.49,14.47,10.68,26.13,0.0950060571677233,1,1,1,1,2
1.8,12.93,10.41,25.14,0.3124286919155817,1,1,1,1,0
6.32,8.44,6.25,21.02,0.1590330121114591,1,1,1,1,2
4.14,5.63,5.37,15.14,0.5004037312405522,1,1,1,1,0
3.0,6.01,5.32,14.32,-0.160926856064219,1,1,1,1,2
6.0,5.12,7.37,18.3,0.3894198001541244,1,1,1,1,0
6.25,4.73,6.76,17.74,0.1388413670584504,1,1,1,1,2
8.03,2.53,6.02,16.57,0.7444753592330089,1,1,1,1,0
5.13,3.43,5.31,13.87,-0.242054711160503,1,1,1,1,2
0.18,11.52,7.2,18.89,0.1059602931871027,1,1,1,1,2
0.93,9.54,5.23,15.7,0.2000358933611031,1,1,1,1,0
1.3,22.35,11.73,35.54,0.1384530520435087,1,1,1,1,2
1.29,21.19,11.44,33.92,0.0789059446829915,1,1,1,1,2
0.74,19.89,9.29,29.92,0.0879547274733163,1,1,1,1,2
0.74,16.53,8.54,25.82,0.056929597558306,1,1,1,1,2
0.39,8.35,7.75,16.2,-0.0730146991471553,1,1,1,1,2
0.38,9.27,6.52,16.17,0.5871110704210044,1,1,1,1,0
1.66,8.35,6.77,16.79,-0.0145862674756471,1,1,1,1,2
1.16,12.27,9.65,22.95,0.4528400034413738,1,1,1,1,0
1.16,11.98,9.05,22.18,-0.0909935918322265,1,1,1,1,2
1.07,16.13,10.74,27.94,0.2419608321844313,1,1,1,1,0
1.11,16.32,11.65,29.08,-0.211059663048595,1,1,1,1,2
16.46,19.06,6.35,40.59,-0.114854826558284,1,1,1,1,2
11.94,14.12,6.27,32.32,0.0733973014768525,1,1,1,1,2
12.89,14.33,6.77,33.99,0.0378722569387758,1,1,1,1,2
13.95,14.4,6.71,35.06,0.179637453710218,1,1,1,1,0
6.31,7.51,6.46,20.44,0.3305052307290382,1,1,1,1,0
6.13,7.2,6.33,19.83,-0.153838917774443,1,1,1,1,2
6.47,6.9,6.16,19.54,0.4321827935080222,1,1,1,1,0
6.84,6.73,5.96,19.52,0.6412653184711845,1,1,1,1,0
7.59,7.46,6.79,21.85,0.2194148876808427,1,1,1,1,0
7.87,7.28,6.92,22.06,-0.0187044554555527,1,1,1,1,2
8.11,7.22,6.83,22.16,0.0637885498778982,1,1,1,1,2
10.83,10.18,4.44,25.31,0.3927631803909504,1,1,1,1,0
9.23,9.5,4.24,22.97,-0.35670587876264,1,1,1,1,2
8.55,6.06,3.82,18.43,0.1534545204856145,1,1,1,1,2
0.14,9.09,4.2,13.45,0.4163165752474591,1,1,1,1,0
0.11,8.7,4.17,12.98,0.3810179375716516,1,1,1,1,0
0.08,7.92,3.98,11.97,-0.293977349482145,1,1,1,1,2
200.0,201.0,200.0,601.0,0.1054062730433467,2,2,2,2,2
505.0,303.0,313.0,1121.0,0.1213425686215487,0,0,0,0,2
1.22,12.94,7.09,21.09,-0.185036338985225,1,1,1,1,2
1.19,13.15,6.94,20.97,0.8835866286386062,1,1,1,1,0
1.21,12.51,6.71,20.42,0.0678585954846141,1,1,1,1,2
500.0,300.0,300.0,1100.0,0.2214133322920343,0,0,0,0,0
363.0,344.0,220.0,927.0,-0.33727556051419,2,0,2,2,2
0.74,9.63,7.56,17.93,0.19763470823133,1,1,1,1,0
0.67,7.67,6.96,15.3,0.5454724077920671,1,1,1,1,0
0.51,10.26,7.31,18.08,-0.140721803576162,1,1,1,1,2
210.0,240.0,275.0,725.0,-0.0805381425224242,2,2,0,2,2
4.57,5.4,4.0,13.98,-0.0189308609449316,1,1,1,1,2
4.58,5.41,3.81,13.8,0.6938487896570052,1,1,1,1,0
4.08,4.97,3.81,12.87,-0.22004644359233,1,1,1,1,2
510.0,360.0,310.0,1180.0,0.1000327295766271,0,0,0,0,2
7.35,16.61,7.53,31.29,0.5071219498366405,1,1,1,1,0
7.22,16.05,7.25,30.52,-0.0964210552808935,1,1,1,1,2
5.27,15.81,7.63,28.7,0.0012113151796525,1,1,1,1,2
5.27,15.93,7.34,28.53,0.3185406939195606,1,1,1,1,0
700.0,300.0,300.0,1300.0,-0.0592668285853861,0,0,0,0,2
519.0,307.0,300.0,1126.0,0.0329151131321628,0,0,0,0,2
218.0,200.0,200.0,618.0,-0.223456831404284,2,2,2,2,2
4.18,5.65,6.49,16.31,1.1909184713543293,1,1,1,1,0
4.52,5.81,6.44,16.76,0.5966934578496216,1,1,1,1,0
4.94,5.05,5.56,15.56,0.5040260035426307,1,1,1,1,0
4.7,4.15,5.22,14.07,-0.367437215795454,1,1,1,1,2
535.0,327.0,305.0,1167.0,-0.0904043949790872,0,0,0,0,2
10.04,15.43,5.98,31.44,-0.0783132406518386,1,1,1,1,2
11.29,14.89,6.21,32.39,0.0831596086369631,1,1,1,1,2
1.64,9.84,8.49,20.0,0.3545222535228132,1,1,1,1,0
1.59,9.19,8.18,18.96,-0.147109318593942,1,1,1,1,2
1.81,8.1,8.66,18.56,-0.370568564049055,1,1,1,1,2
1.39,7.83,8.54,17.77,-0.027880098909219,1,1,1,1,2
345.0,256.0,300.0,901.0,0.0835830192369382,2,2,0,2,2
16.23,2.75,7.35,25.97,0.1562844745507736,1,1,1,1,2
15.94,2.8,7.1,25.84,-0.0379932321952766,1,1,1,1,2
16.35,2.88,7.1,26.33,-0.0029188826277449,1,1,1,1,2
16.64,2.13,6.02,24.79,0.1573965074034193,1,1,1,1,2
492.0,310.0,250.0,1052.0,-0.0769549636048971,0,0,2,0,2
210.0,230.0,215.0,655.0,-0.0054754194777953,2,2,2,2,2
5.58,7.03,6.29,18.91,0.3890234929574927,1,1,1,1,0
5.75,7.02,5.96,18.73,-0.0427654204842434,1,1,1,1,2
6.03,7.12,5.61,18.76,0.8110347937480054,1,1,1,1,0
315.0,261.0,210.0,786.0,-0.104781388892362,2,2,2,2,2
215.0,200.0,215.0,630.0,0.0935359938058943,2,2,2,2,2
522.0,323.0,305.0,1150.0,-0.296438724547762,0,0,0,0,2
505.0,326.0,305.0,1136.0,-0.0704293161724972,0,0,0,0,2
17.12,9.74,8.52,35.3,0.4902519741479993,1,1,1,1,0
16.04,9.44,8.64,34.12,0.3025559011636852,1,1,1,1,0
15.07,9.32,8.64,33.03,0.2531126228239195,1,1,1,1,0
500.0,300.0,300.0,1100.0,-0.254798860577081,0,0,0,0,2
500.0,303.0,310.0,1113.0,0.3058495950848421,0,0,0,0,0
515.0,308.0,235.0,1058.0,-0.161688869956818,0,0,2,0,2
8.99,10.2,5.8,25.07,0.387405561021366,1,1,1,1,0
9.67,10.8,5.72,26.18,0.0619324330250788,1,1,1,1,2
7.52,10.62,5.16,23.29,0.133697993771914,1,1,1,1,2
520.0,307.0,300.0,1127.0,-0.0308745061490023,0,0,0,0,2
2.48,13.41,9.96,25.88,0.2671729978228988,1,1,1,1,0
2.51,13.97,9.17,25.65,0.0234142960563728,1,1,1,1,2
2.52,13.9,7.73,24.16,-0.117320822167532,1,1,1,1,2
2.37,12.88,7.64,22.9,0.0570098631783409,1,1,1,1,2
517.0,305.0,305.0,1127.0,0.1223387500944743,0,0,0,0,2
2.46,11.05,12.01,26.29,0.3949685503406861,1,1,1,1,0
2.24,11.11,11.98,25.33,-0.0599642064866458,1,1,1,1,2
2.59,12.31,12.01,26.91,0.4162196374809826,1,1,1,1,0
2.34,13.01,10.83,26.16,-0.0763766068268523,1,1,1,1,2
5.55,4.29,4.56,14.41,-0.577822713409614,1,1,1,1,2
5.56,4.54,4.76,14.9,0.1865321209849082,1,1,1,1,0
5.64,4.49,4.71,14.85,0.0322225836554339,1,1,1,1,2
5.44,4.45,4.43,14.33,0.2941677001243252,1,1,1,1,0
570.0,298.0,303.0,1171.0,-0.325279547497651,0,0,0,0,2
10.91,13.72,5.62,30.32,0.0869240757272712,1,1,1,1,2
10.64,15.16,6.16,31.89,0.2318914010111249,1,1,1,1,0
9.03,14.1,5.27,28.4,0.0086657114390578,1,1,1,1,2
500.0,300.0,300.0,1100.0,0.0569198887362723,0,0,0,0,2
230.0,213.0,210.0,653.0,-0.354277616649061,2,2,2,2,2
19.02,5.03,9.14,33.78,0.6493070457986003,1,1,1,1,0
19.19,4.66,8.65,32.51,0.0079866533801315,1,1,1,1,2
17.75,4.9,8.77,31.43,0.5511267218791234,1,1,1,1,0
18.55,4.86,8.82,32.24,-0.174522010979561,1,1,1,1,2
0.07,7.53,10.77,18.41,0.4149099147152999,1,1,1,1,0
0.09,8.06,10.8,18.93,0.0484810810973479,1,1,1,1,2
0.11,8.36,10.88,19.34,0.4929142563653517,1,1,1,1,0
500.0,300.0,300.0,1100.0,-0.0132527253445363,0,0,0,0,2
12.95,13.84,8.23,35.02,0.0150285993303542,1,1,1,1,2
12.62,13.57,7.84,34.03,-0.173508306250523,1,1,1,1,2
515.0,344.0,300.0,1159.0,-0.135364329560143,0,0,0,0,2
500.0,327.0,341.0,1168.0,0.1606502170560386,0,0,0,0,2
515.0,379.0,315.0,1209.0,0.9253165329558936,0,0,0,0,0
21.29,9.48,6.08,37.36,-0.107396796600642,1,1,1,1,2
22.55,9.48,6.11,38.11,0.0357572957972884,1,1,1,1,2
19.36,8.46,5.54,33.36,-0.320630750908231,1,1,1,1,2
15.68,7.07,5.3,28.04,0.5334292446780504,1,1,1,1,0
700.0,366.0,315.0,1381.0,0.353196673565167,0,0,0,0,0
330.0,287.0,235.0,852.0,-0.167571528966069,2,0,2,2,2
1.63,15.46,11.44,28.64,0.3502384552586632,1,1,1,1,0
1.6,15.2,11.06,28.0,0.2079956476041901,1,1,1,1,0
1.63,14.52,11.07,27.22,-0.101888404414016,1,1,1,1,2
0.88,11.28,10.52,22.67,-0.0205034618045065,1,1,1,1,2
500.0,305.0,315.0,1120.0,0.134891637295126,0,0,0,0,2
500.0,300.0,300.0,1100.0,-0.330325312548315,0,0,0,0,2
530.0,313.0,305.0,1148.0,0.6205846825037012,0,0,0,0,0
555.0,303.0,320.0,1178.0,-0.14668276881345,0,0,0,0,2
0.13,13.18,6.93,23.01,0.7843664960910772,1,1,1,1,0
0.41,14.45,5.74,20.6,0.3592377077992729,1,1,1,1,0
1.61,5.41,5.39,12.41,-0.214265950256442,1,1,1,1,2
0.45,9.71,5.23,15.45,0.5841284993858914,1,1,1,1,0
0.46,9.57,5.14,15.17,0.4008061461072847,1,1,1,1,0
0.46,9.11,4.85,14.42,0.5113468259071816,1,1,1,1,0
0.82,8.17,5.1,14.08,-0.16555842707846,1,1,1,1,2
1.4,8.98,5.48,15.46,0.2664025270060722,1,1,1,1,0
1.4,8.55,5.48,15.21,0.4147497561976513,1,1,1,1,0
505.0,305.0,347.0,1157.0,-0.140471754759694,0,0,0,0,2
2.12,12.8,12.74,27.66,-0.252758848346574,1,1,1,1,2
2.04,13.31,11.94,27.29,0.1939671616352082,1,1,1,1,0
2.2,12.77,11.19,26.16,0.0243307002772104,1,1,1,1,2
245.0,389.0,311.0,945.0,-0.306971703125133,2,0,0,0,2
0.92,6.1,5.62,12.71,0.4229749176461108,1,1,1,1,0
0.92,5.21,5.76,11.9,0.4154527340819906,1,1,1,1,0
0.78,5.71,5.51,12.0,0.4694458536255411,1,1,1,1,0
505.0,300.0,240.0,1045.0,-0.220306712426938,0,0,2,0,2
530.0,330.0,300.0,1160.0,-0.253221227572863,0,0,0,0,2
12.47,11.12,3.9,27.67,0.3946991011870295,1,1,1,1,0
12.63,10.98,3.93,27.54,-0.567443444307563,1,1,1,1,2
12.54,10.97,4.47,27.99,-0.18185406473293,1,1,1,1,2
11.98,10.12,4.51,26.61,0.0314585253485543,1,1,1,1,2
2.38,7.95,7.84,18.15,0.3287841253310752,1,1,1,1,0
2.16,7.4,7.3,16.87,0.2375536346211524,1,1,1,1,0
1.59,6.3,6.41,14.3,0.5704030600188501,1,1,1,1,0
1.81,4.56,5.56,11.93,-0.15326975299387,1,1,1,1,2
9.55,13.34,5.65,28.53,0.2663458773375945,1,1,1,1,0
9.45,12.51,5.6,27.56,-0.158212464306933,1,1,1,1,2
668.0,306.0,313.0,1287.0,-0.113573119442412,0,0,0,0,2
10.41,9.06,5.65,25.13,0.2612481799908119,1,1,1,1,0
9.66,9.06,5.04,23.77,0.3752009285612747,1,1,1,1,0
8.91,10.88,4.94,24.73,0.0019385933590733,1,1,1,1,2
7.8,9.37,5.09,22.26,0.3858100242040276,1,1,1,1,0
361.0,322.0,223.0,906.0,0.1503623029410012,2,0,2,2,2
205.0,275.0,200.0,680.0,-0.203366515332652,2,2,2,2,2
505.0,315.0,305.0,1125.0,0.0277777512050627,0,0,0,0,2
500.0,310.0,300.0,1110.0,0.3236714303695223,0,0,0,0,0
505.0,302.0,300.0,1107.0,0.2073911292631349,0,0,0,0,0
550.0,374.0,350.0,1274.0,-0.217276586656582,0,0,0,0,2
19.68,11.27,7.84,38.88,0.0166240805945098,1,1,1,1,2
20.93,11.35,7.91,40.19,-0.0572433464518808,1,1,1,1,2
17.26,8.95,5.55,31.75,0.1417970409151296,1,1,1,1,2
17.26,8.95,5.46,31.66,-0.0932439259641612,1,1,1,1,2
358.0,339.0,330.0,1027.0,-0.118726976353122,2,0,0,0,2
2.77,9.51,6.76,18.63,0.0701392807200199,1,1,1,1,2
2.77,8.15,6.19,17.11,0.3839325436196594,1,1,1,1,0
2.61,7.2,6.05,15.87,-0.17988266345601,1,1,1,1,2
2.54,13.74,11.39,27.78,-0.202689820128498,1,1,1,1,2
2.54,13.0,11.11,27.05,0.2962420577173514,1,1,1,1,0
2.24,12.34,10.83,25.41,-0.125692288961613,1,1,1,1,2
250.0,226.0,225.0,701.0,-0.0811997916440164,2,2,2,2,2
12.3,15.22,9.23,36.75,1.106866018510773,1,1,1,1,0
10.07,14.21,9.39,33.66,0.4389416677037073,1,1,1,1,0
1.91,4.66,6.85,13.49,0.8011329160370634,1,1,1,1,0
2.12,4.26,6.64,13.02,1.1872251820189652,1,1,1,1,0
2.37,4.14,6.63,13.15,1.244386324594044,1,1,1,1,0
2.44,4.46,6.1,13.0,-0.28700316557826,1,1,1,1,2
265.0,206.0,205.0,676.0,-0.26142245395017,2,2,2,2,2
525.0,303.0,315.0,1143.0,0.0251600741859154,0,0,0,0,2
509.0,300.0,300.0,1109.0,-0.0540660915927959,0,0,0,0,2
9.26,7.02,7.84,24.15,0.7697120797573485,1,1,1,1,0
9.02,6.97,7.37,23.36,0.2363734838054056,1,1,1,1,0
7.86,6.61,5.07,19.54,0.420694793101273,1,1,1,1,0
8.51,7.13,5.39,21.02,-0.255659177484522,1,1,1,1,2
500.0,300.0,300.0,1100.0,0.0122681892128037,0,0,0,0,2
467.0,423.0,280.0,1170.0,-0.260598777285428,0,0,0,0,2
515.0,335.0,305.0,1155.0,0.141642194121049,0,0,0,0,2
581.0,326.0,355.0,1262.0,0.2092945074440307,0,0,0,0,0
543.0,333.0,305.0,1181.0,0.0685769024119204,0,0,0,0,2
0.44,9.8,6.69,17.39,0.1903124053393664,1,1,1,1,0
0.43,10.39,6.54,17.67,0.0677590268019293,1,1,1,1,2
0.42,10.62,6.86,17.82,-0.0508723604050937,1,1,1,1,2
0.43,10.96,6.75,18.13,0.2143796111414944,1,1,1,1,0
500.0,300.0,200.0,1000.0,-0.09023250564058,0,0,2,0,2
500.0,300.0,300.0,1100.0,0.01437989510168,0,0,0,0,2
19.72,10.85,6.61,37.17,0.6332394237249633,1,1,1,1,0
505.0,302.0,300.0,1107.0,1.0314961318890166,0,0,0,0,0
470.0,305.0,315.0,1090.0,-0.230810030410999,0,0,0,0,2
0.15,10.92,6.91,18.78,0.3274031699133272,1,1,1,1,0
0.11,9.2,6.84,16.16,0.0898245649728151,1,1,1,1,2
0.32,9.32,6.6,16.25,0.4644351608274918,1,1,1,1,0
500.0,300.0,200.0,1000.0,0.0049996909200435,0,0,2,0,2
8.31,14.87,9.1,32.28,0.0190509353914227,1,1,1,1,2
568.0,343.0,305.0,1216.0,-0.0515522653708393,0,0,0,0,2
535.0,331.0,335.0,1201.0,-0.0304456755133936,0,0,0,0,2
500.0,300.0,205.0,1005.0,0.0878661841557126,0,0,2,0,2
371.0,300.0,220.0,891.0,-0.286562035599508,2,0,2,2,2
719.0,340.0,358.0,1417.0,-0.0017421780317926,0,0,0,0,2
500.0,300.0,300.0,1100.0,-0.0919658302241931,0,0,0,0,2
1.81,9.21,10.99,21.86,0.2705012436318185,1,1,1,1,0
1.94,8.55,11.9,22.39,-0.104997287800497,1,1,1,1,2
2.11,7.55,10.84,20.5,0.4567975751894848,1,1,1,1,0
555.0,320.0,300.0,1175.0,0.0181743046226273,0,0,0,0,2
560.0,422.0,310.0,1292.0,-0.0192961535659486,0,0,0,0,2
2.06,7.78,13.32,23.15,0.2211538610039612,1,1,1,1,0
2.06,8.78,13.41,24.24,0.3376623336411093,1,1,1,1,0
1.95,10.0,12.33,24.27,0.0519573642107667,1,1,1,1,2
1.72,8.38,10.96,21.06,0.0937561035156194,1,1,1,1,2
325.0,303.0,225.0,853.0,-0.13988256660487,2,0,2,2,2
7.62,8.73,5.02,21.47,-0.174617898615981,1,1,1,1,2
7.81,9.42,4.98,22.07,0.0461012794542626,1,1,1,1,2
7.6,8.76,4.96,21.29,-0.223019456552196,1,1,1,1,2
215.0,203.0,240.0,658.0,-0.263736303221113,2,2,2,2,2
13.2,2.1,4.35,19.7,0.367900257807729,1,1,1,1,0
13.24,2.07,4.2,19.5,0.221631715898081,1,1,1,1,0
10.88,1.67,4.02,16.57,-0.0163283701020788,1,1,1,1,2
9.78,1.39,3.77,14.94,0.194635763240762,1,1,1,1,0
515.0,316.0,325.0,1156.0,-0.190593170048548,0,0,0,0,2
579.0,374.0,315.0,1268.0,-0.0341921496857619,0,0,0,0,2
520.0,327.0,315.0,1162.0,0.0725049773176428,0,0,0,0,2
1.94,10.26,8.82,21.7,-0.195111850863277,1,1,1,1,2
1.84,10.28,8.2,20.82,0.3862787908599191,1,1,1,1,0
1.64,10.63,8.17,20.43,-0.0672926447574334,1,1,1,1,2
1.77,12.39,8.53,22.7,0.3396580310289204,1,1,1,1,0
455.0,323.0,300.0,1078.0,-0.144672557284965,0,0,0,0,2
8.73,15.61,6.9,31.27,0.2357219895414402,1,1,1,1,0
9.49,15.52,7.05,32.06,0.1521266936410788,1,1,1,1,2
9.83,14.8,7.25,31.88,0.37610701336445,1,1,1,1,0
433.0,330.0,315.0,1078.0,-0.28207584305699,0,0,0,0,2
11.31,9.81,5.97,27.16,0.0573779785810018,1,1,1,1,2
11.54,10.29,6.16,28.0,-0.112947970879803,1,1,1,1,2
12.15,9.52,6.02,27.7,0.0973676322791832,1,1,1,1,2
525.0,306.0,313.0,1144.0,-0.268445233995418,0,0,0,0,2
13.17,8.8,7.88,29.75,0.2241433440348444,1,1,1,1,0
14.17,8.79,8.73,31.36,-0.12608992628419,1,1,1,1,2
9.91,8.53,7.76,26.19,0.1920364860779652,1,1,1,1,0
9.32,7.69,7.43,24.45,-0.254677514681156,1,1,1,1,2
525.0,306.0,300.0,1131.0,-0.0315090835028379,0,0,0,0,2
285.0,300.0,288.0,873.0,0.0773754658386154,2,0,0,2,2
235.0,245.0,205.0,685.0,0.0944700747191735,2,2,2,2,2
18.59,7.07,4.73,30.39,-0.375981430239164,1,1,1,1,2
18.61,8.08,5.31,31.99,0.0262002330849701,1,1,1,1,2
16.39,7.0,5.9,29.29,0.1366442470554772,1,1,1,1,2
1.81,15.51,6.7,24.04,0.3610244907823801,1,1,1,1,0
1.64,13.55,6.72,22.21,-0.0740603124033411,1,1,1,1,2
1.26,12.1,5.91,19.26,0.0089947683334636,1,1,1,1,2
550.0,302.0,308.0,1160.0,-0.18636663919573,0,0,0,0,2
418.0,319.0,315.0,1052.0,-0.263939181148464,0,0,0,0,2
9.07,16.88,12.02,37.94,0.3734817787712349,1,1,1,1,0
9.07,16.49,11.85,37.41,0.7535913605605078,1,1,1,1,0
8.79,16.88,10.5,36.17,0.6172073511205419,1,1,1,1,0
540.0,382.0,310.0,1232.0,0.1776906264893072,0,0,0,0,0
23.21,11.41,9.37,43.54,0.1754154104055077,1,1,1,1,0
23.34,12.72,9.12,45.19,-0.250822285299196,1,1,1,1,2
17.0,9.81,8.85,35.65,0.581290299001036,1,1,1,1,0
18.43,8.97,9.05,36.45,0.4098732445510377,1,1,1,1,0
0.09,11.64,7.87,19.52,0.3130614442264635,1,1,1,1,0
0.09,11.4,7.21,18.69,1.1393988703450386,1,1,1,1,0
0.22,10.8,6.44,17.45,-0.206980658490531,1,1,1,1,2
370.0,244.0,285.0,899.0,-0.46549294393621,2,2,0,2,2
1.93,6.44,10.73,18.91,0.5699288640422242,1,1,1,1,0
3.51,6.16,10.31,19.97,0.7107242124331729,1,1,1,1,0
6.37,3.49,9.18,19.04,0.1951506547437862,1,1,1,1,0
5.45,4.29,7.81,17.55,-0.251489798693439,1,1,1,1,2
19.64,9.0,7.69,36.33,0.9495136772767256,1,1,1,1,0
15.96,8.91,7.23,32.1,-0.0652122143639996,1,1,1,1,2
14.11,8.64,7.41,30.15,-0.277235922849883,1,1,1,1,2
503.0,327.0,310.0,1140.0,0.0645868525968898,0,0,0,0,2
505.0,276.0,305.0,1086.0,0.057964732501448,0,2,0,0,2
575.0,372.0,365.0,1312.0,-0.0738747844253035,0,0,0,0,2
0.06,16.69,8.1,24.85,0.0199104093748948,1,1,1,1,2
0.03,15.28,7.98,23.3,0.2780687443163016,1,1,1,1,0
0.01,13.76,7.54,21.32,0.2971552051228176,1,1,1,1,0
505.0,327.0,305.0,1137.0,0.17283203125,0,0,0,0,2
490.0,304.0,305.0,1099.0,-0.0794849413473351,0,0,0,0,2
255.0,334.0,310.0,899.0,-0.0275015656217803,2,0,0,2,2
1.69,12.46,14.34,28.48,0.0626457562955056,1,1,1,1,2
1.81,12.49,13.18,27.47,0.5749843544350751,1,1,1,1,0
1.43,11.23,12.39,25.05,0.1087969951551108,1,1,1,1,2
420.0,352.0,303.0,1075.0,-0.0949124665386752,0,0,0,0,2
4.28,12.16,10.98,27.29,0.3837843037484233,1,1,1,1,0
4.42,12.4,10.81,27.62,0.3678250058374183,1,1,1,1,0
4.1,12.5,10.57,27.17,0.2215344413629665,1,1,1,1,0
3.36,12.39,10.68,26.44,-0.0940352132635998,1,1,1,1,2
6.49,9.06,6.73,22.29,0.3645973090409209,1,1,1,1,0
6.06,9.42,6.82,22.3,0.2305465044931907,1,1,1,1,0
5.51,9.52,6.53,21.56,0.3849299573179155,1,1,1,1,0
308.0,243.0,210.0,761.0,-0.249935504990457,2,2,2,2,2
500.0,300.0,305.0,1105.0,0.0198714284312883,0,0,0,0,2
570.0,350.0,340.0,1260.0,-0.0608121584042695,0,0,0,0,2
375.0,325.0,300.0,1000.0,-0.0898013083350639,2,0,0,0,2
12.83,7.81,3.81,24.53,0.2558497100199479,1,1,1,1,0
13.04,6.95,3.79,23.78,0.0733392971637226,1,1,1,1,2
12.11,6.4,3.72,22.22,0.4498855947782506,1,1,1,1,0
293.0,235.0,216.0,744.0,-0.0465550370994989,2,2,2,2,2
520.0,330.0,400.0,1250.0,0.211314990997701,0,0,0,0,0
2.46,8.39,7.36,18.11,0.5052466977255978,1,1,1,1,0
2.36,7.76,7.2,17.32,0.1699357745118544,1,1,1,1,2
2.78,7.05,6.44,16.27,0.3741433437886489,1,1,1,1,0
250.0,251.0,215.0,716.0,-0.0842609328511814,2,2,2,2,2
3.15,12.99,5.11,21.23,0.3806532309611098,1,1,1,1,0
3.18,13.03,4.95,21.15,0.2140263279903555,1,1,1,1,0
2.87,13.53,4.57,20.98,0.0864759171643113,1,1,1,1,2
6.11,14.41,4.24,24.78,-0.317420802208521,1,1,1,1,2
2.15,10.52,12.43,25.1,0.5802329301977802,1,1,1,1,0
2.25,10.15,11.59,23.99,-0.0215206302635896,1,1,1,1,2
555.0,318.0,257.0,1130.0,-0.0004447558288226,0,0,2,0,2
13.54,11.13,6.38,31.05,0.4986388649323275,1,1,1,1,0
13.12,11.2,6.1,30.42,0.2561490795589455,1,1,1,1,0
12.62,11.06,5.79,29.46,0.437407286027456,1,1,1,1,0
295.0,259.0,220.0,774.0,-0.274276899898266,2,2,2,2,2
510.0,340.0,300.0,1150.0,-0.258358946167386,0,0,0,0,2
10.81,16.35,6.39,33.62,0.1187150322839352,1,1,1,1,2
11.03,11.97,6.13,29.13,0.1101507877003963,1,1,1,1,2
11.07,9.85,6.2,27.12,0.1742025544587833,1,1,1,1,0
12.36,12.42,6.17,30.95,0.0319125912686874,1,1,1,1,2
9.92,6.51,7.37,23.78,0.1327134083324191,1,1,1,1,2
9.97,7.0,7.31,24.28,-0.461253709844828,1,1,1,1,2
9.07,9.18,7.08,25.33,0.3564311986606412,1,1,1,1,0
8.1,9.16,6.27,23.53,0.438310623177173,1,1,1,1,0
500.0,300.0,261.0,1061.0,-0.0265983921471647,0,0,2,0,2
1.18,13.05,5.81,19.85,0.6899355627861525,1,1,1,1,0
1.18,12.11,5.45,18.74,0.8476230827822315,1,1,1,1,0
1.1,9.07,4.3,14.46,0.4173076923076923,1,1,1,1,0
2.49,7.16,4.12,13.76,-0.197096436975338,1,1,1,1,2
515.0,307.0,330.0,1152.0,0.1093430345075839,0,0,0,0,2
4.26,4.8,6.71,15.73,-0.104538615879741,1,1,1,1,2
4.47,4.77,5.87,15.12,-0.429221627139788,1,1,1,1,2
5.12,4.58,5.16,14.87,0.8651645743873857,1,1,1,1,0
4.28,4.22,6.05,14.55,-0.203140574165205,1,1,1,1,2
1.41,5.86,6.11,13.39,0.6131032132158626,1,1,1,1,0
1.41,6.07,5.87,13.35,0.1972538959732653,1,1,1,1,0
1.57,5.77,5.37,12.71,0.4227186543450633,1,1,1,1,0
435.0,341.0,310.0,1086.0,-0.180276193674419,0,0,0,0,2
13.21,10.28,5.93,29.4,0.4028522968907005,1,1,1,1,0
13.62,10.28,5.82,29.72,-0.158065141607871,1,1,1,1,2
14.42,10.08,5.6,30.1,0.0396101933365569,1,1,1,1,2
700.0,386.0,310.0,1396.0,0.2924528301886792,0,0,0,0,0
510.0,301.0,305.0,1116.0,0.0055530669249585,0,0,0,0,2
1.89,11.33,8.22,21.44,0.2760122008771896,1,1,1,1,0
1.72,11.85,8.32,21.89,-0.0829133288866989,1,1,1,1,2
1.56,12.43,8.52,22.5,0.2680666027242791,1,1,1,1,0
1.64,11.67,8.34,21.65,-0.192651796308007,1,1,1,1,2
1.61,8.11,5.84,15.55,0.5690929027714909,1,1,1,1,0
1.59,7.88,5.81,15.27,0.0392910620324868,1,1,1,1,2
1.59,3.8,5.21,10.6,0.8137743088196034,1,1,1,1,0
540.0,355.0,300.0,1195.0,-0.279748699094727,0,0,0,0,2
8.14,9.33,5.94,23.4,0.1530768102552648,1,1,1,1,2
9.02,9.34,4.97,23.33,0.1407727328213773,1,1,1,1,2
9.95,9.76,5.4,25.11,0.0006766096276417,1,1,1,1,2
7.25,18.26,9.03,34.1,-0.297795010182815,1,1,1,1,2
6.78,17.29,8.88,32.4,0.4093538064937703,1,1,1,1,0
7.14,16.54,8.56,32.22,0.0681980955176785,1,1,1,1,2
5.72,12.55,8.47,26.74,0.1105746536989727,1,1,1,1,2
555.0,315.0,300.0,1170.0,-0.258977572497178,0,0,0,0,2
15.39,8.99,8.81,33.01,0.8354083834371808,1,1,1,1,0
14.59,9.09,8.46,32.14,0.2530120662739941,1,1,1,1,0
15.26,9.51,8.36,33.12,0.0118045883843942,1,1,1,1,2
13.82,9.32,8.2,31.34,-0.243623463067849,1,1,1,1,2
0.17,12.83,8.7,21.7,0.5555075125232114,1,1,1,1,0
0.15,12.61,8.16,20.92,-0.0395683544362592,1,1,1,1,2
0.13,12.09,7.1,19.33,0.3254285539899543,1,1,1,1,0
325.0,312.0,310.0,947.0,-0.188898426544056,2,0,0,0,2
4.0,20.79,12.28,37.07,0.3468916983256964,1,1,1,1,0
4.46,19.57,12.05,36.08,0.1616572980470982,1,1,1,1,2
4.89,17.11,11.72,33.72,0.0899976254154446,1,1,1,1,2
4.05,14.52,11.57,30.15,-0.0213529463254221,1,1,1,1,2
2.51,5.92,4.56,13.04,0.3761261442327461,1,1,1,1,0
2.56,5.58,4.65,12.8,-0.126969148040754,1,1,1,1,2
2.36,5.03,4.48,11.87,0.059482110849938,1,1,1,1,2
2.66,4.81,4.66,12.13,0.1020694684257298,1,1,1,1,2
210.0,200.0,305.0,715.0,0.0440259340560813,2,2,0,2,2
12.84,17.85,8.29,38.98,-0.0006886659568885,1,1,1,1,2
500.0,300.0,300.0,1100.0,0.09769140625,0,0,0,0,2
510.0,268.0,300.0,1078.0,-0.19075550660845,0,2,0,0,2
200.0,200.0,200.0,600.0,-0.253735026288399,2,2,2,2,2
507.0,328.0,315.0,1150.0,-0.356908915136754,0,0,0,0,2
2.01,13.02,10.39,25.42,-0.15032794832786,1,1,1,1,2
480.0,308.0,300.0,1088.0,-0.121186620925448,0,0,0,0,2
5.39,17.81,8.15,31.47,0.4629824181459777,1,1,1,1,0
4.64,16.47,7.88,28.98,0.0923640930150736,1,1,1,1,2
4.7,16.42,7.89,29.01,-0.200972984409013,1,1,1,1,2
4.81,16.39,8.05,29.26,0.0247807594331753,1,1,1,1,2
2.06,9.33,5.14,16.72,0.9706426610053244,1,1,1,1,0
1.95,8.3,5.16,15.41,0.371213230130471,1,1,1,1,0
1.99,7.63,5.34,14.95,0.3112005531927198,1,1,1,1,0
2.13,7.58,5.06,14.77,0.0265287117744489,1,1,1,1,2
2.14,7.6,5.63,15.35,0.3805110107447169,1,1,1,1,0
2.08,7.36,5.49,14.92,0.1134844101854972,1,1,1,1,2
2.03,7.19,5.39,14.61,0.1115665413867267,1,1,1,1,2
1.94,7.35,5.33,14.61,-0.173018626266325,1,1,1,1,2
527.0,332.0,280.0,1139.0,-0.141917626519596,0,0,0,0,2
4.8,13.6,7.59,25.99,0.7095589604330508,1,1,1,1,0
4.27,14.36,7.72,26.35,-0.136411014732172,1,1,1,1,2
3.49,13.38,7.47,24.33,0.1485833125451698,1,1,1,1,2
1.66,6.82,5.74,14.19,-0.188139725396928,1,1,1,1,2
1.68,6.9,5.86,14.46,0.1443299005271318,1,1,1,1,2
1.16,7.46,5.05,13.66,0.2671659586141064,1,1,1,1,0
483.0,310.0,300.0,1093.0,-0.177273761048879,0,0,0,0,2
2.34,5.42,4.65,12.91,0.3381626034447696,1,1,1,1,0
1.99,4.68,5.27,11.93,0.2943185287703501,1,1,1,1,0
2.79,4.25,5.26,12.3,0.5985155832253808,1,1,1,1,0
550.0,415.0,315.0,1280.0,-0.228473372496105,0,0,0,0,2
2.84,12.56,9.01,24.03,-0.116047514968045,1,1,1,1,2
2.85,12.34,8.84,23.72,0.350476553861218,1,1,1,1,0
2.96,11.72,8.64,23.32,0.2373518698626665,1,1,1,1,0
2.14,11.76,6.36,20.25,0.2914751509518856,1,1,1,1,0
510.0,325.0,310.0,1145.0,-0.295477576334365,0,0,0,0,2
1.55,9.07,12.95,23.58,0.16563111276108,1,1,1,1,2
1.55,9.16,12.09,22.8,0.0207241910717256,1,1,1,1,2
1.44,8.7,11.02,21.16,0.1123514701299715,1,1,1,1,2
1.08,8.2,10.53,19.79,0.1741015016760669,1,1,1,1,0
500.0,300.0,200.0,1000.0,-0.0424586117760823,0,0,2,0,2
2.8,17.62,10.38,31.03,0.3666448660232485,1,1,1,1,0
2.77,17.34,11.12,31.22,7.311778212336737,1,1,1,1,1
2.87,17.31,10.86,31.04,0.4688516345902458,1,1,1,1,0
555.0,160.0,278.0,993.0,-0.141799172293617,0,2,0,0,2
14.94,13.61,14.67,42.77,-0.341715979809567,1,1,1,1,2
14.28,14.25,13.28,41.72,0.7164404099562451,1,1,1,1,0
15.3,15.55,12.96,43.81,-0.292490105995641,1,1,1,1,2
12.66,13.47,10.03,36.16,0.3502711005640425,1,1,1,1,0
530.0,374.0,340.0,1244.0,0.0986418043940161,0,0,0,0,2
700.0,389.0,320.0,1409.0,-0.261153810539425,0,0,0,0,2
225.0,307.0,310.0,842.0,-0.219859706113851,2,0,0,2,2
6.77,5.0,7.25,18.97,0.3830313748561699,1,1,1,1,0
6.59,5.22,6.33,18.14,0.2710446734030807,1,1,1,1,0
6.97,5.38,5.8,18.14,0.1450181909603117,1,1,1,1,2
8.81,5.03,6.32,20.16,-0.0802881213539948,1,1,1,1,2
10.29,19.16,7.44,37.36,-0.191739886728299,1,1,1,1,2
10.6,19.61,7.36,37.85,-0.0148001320271181,1,1,1,1,2
10.99,19.99,7.19,38.18,0.072808049934345,1,1,1,1,2
9.8,18.25,7.34,35.39,0.602989974934364,1,1,1,1,0
500.0,300.0,200.0,1000.0,-0.114422026590488,0,0,2,0,2
400.0,306.0,305.0,1011.0,-0.245297427639013,0,0,0,0,2
205.0,203.0,221.0,629.0,0.010297804298763,2,2,2,2,2
5.74,6.91,6.06,18.73,0.1901120990156921,1,1,1,1,0
4.76,5.57,5.84,16.17,-0.177440083453033,1,1,1,1,2
3.77,4.23,5.17,13.17,0.5610200677096383,1,1,1,1,0
3.2,3.83,5.28,12.31,-0.0409726690033494,1,1,1,1,2
3.33,21.49,9.65,34.48,-0.0590711118242184,1,1,1,1,2
3.45,19.39,8.72,31.57,0.1612755011718141,1,1,1,1,2
205.0,242.0,200.0,647.0,0.0047135161515951,2,2,2,2,2
0.03,15.1,6.01,20.94,0.1999184121890939,1,1,1,1,0
0.03,14.9,5.95,20.88,0.1928701937904544,1,1,1,1,0
0.03,15.16,5.79,20.99,0.428766530679868,1,1,1,1,0
0.03,11.59,5.89,17.51,0.0696400146484359,1,1,1,1,2
290.0,257.0,245.0,792.0,-0.0277985914556091,2,2,2,2,2
5.53,9.35,6.18,21.06,0.4309992646140279,1,1,1,1,0
5.6,9.35,5.89,20.84,0.272802874741465,1,1,1,1,0
4.92,9.45,5.36,19.72,-0.124062382395717,1,1,1,1,2
472.0,318.0,300.0,1090.0,-0.0065714528513252,0,0,0,0,2
1.54,13.15,12.08,26.78,-0.216579801643444,1,1,1,1,2
336.0,317.0,300.0,953.0,-0.0600927716930965,2,0,0,0,2
504.0,368.0,310.0,1182.0,-0.0217451769649807,0,0,0,0,2
505.0,301.0,300.0,1106.0,-0.237655997933481,0,0,0,0,2
18.96,8.76,5.57,34.3,0.2686264144274313,1,1,1,1,0
21.93,9.9,5.41,37.25,-0.402198020324036,1,1,1,1,2
608.0,307.0,330.0,1245.0,0.3833772610635705,0,0,0,0,0
18.95,4.93,8.9,33.2,0.4768205691606564,1,1,1,1,0
19.61,4.85,8.83,33.29,0.0228275693696069,1,1,1,1,2
15.18,5.17,8.59,28.93,0.3928739416985896,1,1,1,1,0
15.61,4.56,8.98,29.15,-0.161372315781969,1,1,1,1,2
540.0,326.0,325.0,1191.0,-0.0145134577222965,0,0,0,0,2
0.11,15.0,6.73,22.01,0.3950489685244235,1,1,1,1,0
0.11,14.58,6.74,21.43,0.3906082397870515,1,1,1,1,0
0.11,14.69,6.46,21.25,0.1017822206300322,1,1,1,1,2
615.0,366.0,300.0,1281.0,-0.0630765192803256,0,0,0,0,2
548.0,354.0,325.0,1227.0,-0.146998296166369,0,0,0,0,2
0.16,18.09,7.9,26.16,0.1047333780924466,1,1,1,1,2
0.16,18.04,7.85,26.08,0.3581662913571997,1,1,1,1,0
0.15,17.22,7.5,24.88,-0.0769618648932422,1,1,1,1,2
0.52,15.88,7.41,23.82,0.3186646889912595,1,1,1,1,0
4.84,4.67,4.95,14.38,-0.0048259010184019,1,1,1,1,2
4.8,4.45,4.57,13.82,-0.154482742835736,1,1,1,1,2
3.4,4.03,4.71,12.14,0.043691290519573,1,1,1,1,2
2.75,4.28,5.38,12.4,0.1817296063230966,1,1,1,1,0
500.0,300.0,200.0,1000.0,-0.194117666858293,0,0,2,0,2
1.97,11.33,6.37,19.67,-0.0428478498264705,1,1,1,1,2
1.71,10.2,6.14,18.05,-0.118724560866614,1,1,1,1,2
3.16,9.04,5.63,17.83,0.0338006941913877,1,1,1,1,2
607.0,311.0,320.0,1238.0,-0.0376646379800559,0,0,0,0,2
270.0,292.0,235.0,797.0,-0.20645276596303,2,0,2,2,2
2.63,10.04,4.5,17.49,-0.122619021398408,1,1,1,1,2
2.38,10.59,4.51,17.48,-0.327260426968108,1,1,1,1,2
1.89,11.04,4.67,17.6,0.2984815092109229,1,1,1,1,0
2.1,11.52,4.73,18.35,-0.142556394709498,1,1,1,1,2
3.16,9.26,7.09,19.65,-0.540802381819014,1,1,1,1,2
3.01,7.75,7.39,18.25,0.7557399319960327,1,1,1,1,0
2.53,4.39,5.69,12.61,0.1867151624946467,1,1,1,1,0
2.01,4.07,5.62,11.7,-0.295209123154558,1,1,1,1,2
18.46,10.5,5.74,34.46,0.04260126175002,1,1,1,1,2
17.19,9.94,5.7,32.84,0.3345391772883171,1,1,1,1,0
17.43,9.59,5.6,32.62,-0.0040043586631161,1,1,1,1,2
17.85,9.24,5.26,32.36,0.0539630977529236,1,1,1,1,2
635.0,438.0,300.0,1373.0,0.0626094304689602,0,0,0,0,2
437.0,326.0,300.0,1063.0,0.1145542560083251,0,0,0,0,2
1.16,14.57,15.3,31.07,0.1816384950470106,1,1,1,1,0
1.15,14.17,15.41,30.72,-0.439554296000965,1,1,1,1,2
1.24,14.89,15.4,31.53,0.5824538266874311,1,1,1,1,0
1.94,15.4,15.51,32.84,-0.0527284245853927,1,1,1,1,2
500.0,301.0,300.0,1101.0,-0.276379985213175,0,0,0,0,2
613.0,408.0,285.0,1306.0,-0.0439118009550714,0,0,0,0,2
15.42,13.17,3.36,32.0,0.0880734010774576,1,1,1,1,2
13.77,10.26,3.33,27.36,-0.162489607778541,1,1,1,1,2
9.0,8.52,3.22,20.75,0.2827587139997336,1,1,1,1,0
9.53,9.79,3.16,22.49,0.3593571220276119,1,1,1,1,0
3.47,19.64,8.07,30.14,0.2968135871824777,1,1,1,1,0
3.7,17.6,7.34,28.66,0.2127712700342239,1,1,1,1,0
3.36,17.22,6.83,27.41,0.0027026984158075,1,1,1,1,2
4.4,15.79,6.31,26.49,0.0908333460489861,1,1,1,1,2
2.02,10.89,16.47,29.32,0.4227865460834829,1,1,1,1,0
1.72,10.62,15.62,27.96,-0.0441790680006973,1,1,1,1,2
2.0,8.15,14.57,24.73,0.2387610751183078,1,1,1,1,0
360.0,294.0,300.0,954.0,0.237364033944257,2,0,0,0,0
555.0,324.0,305.0,1184.0,0.1185036063587851,0,0,0,0,2
540.0,330.0,305.0,1175.0,-0.182545306676624,0,0,0,0,2
700.0,340.0,300.0,1340.0,-0.0373944320514069,0,0,0,0,2
3.6,13.9,10.58,28.07,0.4435550885921776,1,1,1,1,0
3.61,11.88,11.4,26.89,-0.205758103828511,1,1,1,1,2
3.78,11.69,11.54,27.0,-0.248431287947634,1,1,1,1,2
3.55,11.98,10.94,26.47,-0.140583228965071,1,1,1,1,2
223.0,201.0,205.0,629.0,0.0987288252176403,2,2,2,2,2
18.52,10.29,8.46,37.42,-0.186470977216946,1,1,1,1,2
18.64,10.16,8.46,37.27,0.0360801835223415,1,1,1,1,2
16.14,9.91,8.01,34.06,0.476236369129795,1,1,1,1,0
18.75,10.06,8.13,36.93,0.434193328279045,1,1,1,1,0
530.0,318.0,305.0,1153.0,-0.119504753312704,0,0,0,0,2
2.82,9.81,5.48,18.14,0.1990564908430432,1,1,1,1,0
2.94,9.56,5.37,17.86,0.2858766574849183,1,1,1,1,0
3.53,7.81,5.11,16.45,0.175340582217857,1,1,1,1,0
374.0,254.0,210.0,838.0,-0.300058231174904,2,2,2,2,2
4.1,10.86,5.39,20.36,0.1058294808058133,1,1,1,1,2
3.35,10.55,4.58,18.48,0.0759167087896468,1,1,1,1,2
3.82,12.39,4.5,20.72,0.2737112904615276,1,1,1,1,0
4.25,12.13,4.74,21.12,-0.111360045659479,1,1,1,1,2
3.8,18.2,12.41,34.25,0.4543334285203789,1,1,1,1,0
4.3,18.72,11.08,34.1,0.0274036826698212,1,1,1,1,2
4.74,17.84,10.35,32.94,-0.183914708803084,1,1,1,1,2
520.0,330.0,310.0,1160.0,0.01908126475857,0,0,0,0,2
320.0,317.0,300.0,937.0,-0.335089884284941,2,0,0,2,2
200.0,200.0,200.0,600.0,-0.0150282229667818,2,2,2,2,2
2.72,13.98,11.49,28.19,0.2533131099976748,1,1,1,1,0
1.98,9.39,10.63,21.99,0.4700602336102168,1,1,1,1,0
520.0,348.0,310.0,1178.0,-0.226959394767222,0,0,0,0,2
