environment_score_start,social_score_start,governance_score_start,total_score_start,Annual_Return,environment_cluster,governance_cluster,social_cluster,total_cluster,Annual_Return_Cluster
0.88,9.48,7.19,17.6,0.282857106,0,0,0,0,1
0.87,9.42,6.86,17.14,0.3793945955643759,0,0,0,0,2
0.87,9.44,6.29,16.6,0.3422733362993932,0,0,0,0,2
573,231,233,1037,-0.204779859,2,1,1,2,0
270,211,265,746,0.042238095,1,2,1,1,1
264,261,210,735,-0.091256677,1,1,1,1,0
0.55,13.58,10.47,24.32,0.8958615472504776,0,0,0,0,2
0.18,7.69,8.86,16.72,0.3299131339291293,0,0,0,0,2
0.65,6.86,8.95,16.45,-0.070516833,0,0,0,0,0
1.03,17.06,11.66,30.63,-0.029592251,0,0,0,0,0
0.96,17.05,12.54,30.56,0.2028513619599402,0,0,0,0,1
0.65,17,11.08,28.73,0.2632953303877389,0,0,0,0,1
505,317,300,1122,0.1986558833836829,2,2,2,2,1
505,300,315,1120,0.2159451236039055,2,2,2,2,1
500,324,305,1129,-0.14502797,2,2,2,2,0
3.71,15.31,11.96,30.84,0.2339821191009301,0,0,0,0,1
3.36,15.86,11.11,30.34,0.2722519285365197,0,0,0,0,1
3.02,15.68,10.4,29.1,0.2849448284643596,0,0,0,0,1
515,305,305,1125,-0.155920472,2,2,2,2,0
0.92,8.62,5.8,15.16,0.304225591,0,0,0,0,2
0.97,8.13,5.86,15.1,-0.081368114,0,0,0,0,0
0.96,8.1,6.19,15.26,0.5156554986339222,0,0,0,0,2
0.76,6.58,5.98,13.32,0.2387839832067958,0,0,0,0,1
515,360,305,1180,-0.229561572,2,2,2,2,0
0.47,7.97,5.23,13.87,0.4997498616085923,0,0,0,0,2
0.45,8.06,5.05,13.54,0.5155151367187485,0,0,0,0,2
0.48,5.65,4.74,10.88,0.1334399588137733,0,0,0,0,1
1.42,5.84,4.64,11.9,-0.258025264,0,0,0,0,0
350,318,300,968,-0.106582168,1,2,2,2,0
16.38,14.2,5.9,36.36,0.142469776,0,0,0,0,1
15.89,13.51,5.38,34.78,0.082456521,0,0,0,0,1
15.91,13.49,4.85,34.25,0.3410713153090907,0,0,0,0,2
587,353,305,1245,0.4335799681890346,2,2,2,2,2
0.08,9.82,6.32,16.34,0.144657214,0,0,0,0,1
0.07,8.36,6.52,14.63,0.3200680951205229,0,0,0,0,2
0.07,7.55,6,13.63,0.024656839,0,0,0,0,1
0.27,7.09,5.54,12.9,0.4012615793631288,0,0,0,0,2
500,300,200,1000,-0.064718848,2,1,2,2,0
1.27,12.97,5.63,19.73,0.4631151416132247,0,0,0,0,2
1.28,12.77,5.46,19.52,0.6575646556062178,0,0,0,0,2
1.37,9.22,4.78,15.36,-0.075367413,0,0,0,0,0
2.73,8.53,4.6,15.86,-0.299219934,0,0,0,0,0
18.26,12.17,6.6,37.02,0.014556734,0,0,0,0,1
15.2,8.37,5.62,29.18,0.078431373,0,0,0,0,1
17.84,9.38,5.56,32.76,-0.118836014,0,0,0,0,0
19.5,9.83,5.28,34.61,0.067682698,0,0,0,0,1
16.17,7.29,5.52,28.97,0.1513032164918855,0,0,0,0,1
525,326,370,1221,0,2,2,2,2,0
2.05,8.23,13.59,23.87,-0.16157616,0,0,0,0,0
2.38,7.88,13.01,23.27,0.3091928562178988,0,0,0,0,2
0.47,7.26,9.57,17.3,0.1142759788654186,0,0,0,0,1
1.86,11.58,16.31,29.62,0.3195372703753348,0,0,0,0,2
1.9,12.79,15.84,30.54,-0.266847385,0,0,0,0,0
1.94,12.46,14.88,29.29,0.5102257186169972,0,0,0,0,2
518,323,310,1151,0.1023084722437746,2,2,2,2,1
1.36,11.17,13.48,26.01,0.035735985,0,0,0,0,1
1.34,10.54,13.14,25.01,0.1442624838699425,0,0,0,0,1
438,316,300,1054,0.2104354740747406,2,2,2,2,1
0.12,11.03,13.26,23.46,0.159716724,0,0,0,0,1
0.12,11.04,13.46,23.99,0.3106248081101334,0,0,0,0,2
0.14,11.14,13.56,24.86,0.2939022936380795,0,0,0,0,1
530,344,310,1184,0.066867551,2,2,2,2,1
1.91,11.8,7.34,21.05,0.209005093,0,0,0,0,1
1.98,11.51,7.62,21.11,0.112864914,0,0,0,0,1
1.93,10.35,7.45,19.73,0.015532984,0,0,0,0,1
17.64,8.71,8.43,35.3,-0.036411636,0,0,0,0,0
19.39,8.91,8.7,36.99,1.0070748880606804,0,0,0,0,2
19.09,8.97,8.77,36.83,0.5289078718389382,0,0,0,0,2
545,322,315,1182,-0.109153875,2,2,2,2,0
235,285,255,775,-0.375559935,1,1,2,1,0
515,303,259,1077,0.080401058,2,1,2,2,1
530,300,220,1050,0.1988110714404161,2,1,2,2,1
542,322,315,1179,-0.187244619,2,2,2,2,0
525,317,300,1142,-0.281349077,2,2,2,2,0
200,208,200,608,-0.358825975,1,1,1,1,0
540,329,270,1139,-0.137181643,2,2,2,2,0
0.03,16.38,7.07,23.41,0.110179592,0,0,0,0,1
0.03,14.73,6.76,21.51,-0.053827168,0,0,0,0,0
0.03,13.18,6.5,19.71,-0.027156751,0,0,0,0,0
575,312,328,1215,0.135894105,2,2,2,2,1
2.3,12.19,13.25,27.75,0.1599021703383316,0,0,0,0,1
2.4,10.04,12.73,25.17,0.544598049,0,0,0,0,2
2.72,7.43,12.47,22.62,-0.042643513,0,0,0,0,0
5.81,6.68,5.63,18.12,0.4627968075322928,0,0,0,0,2
5.81,6.68,5.6,18.09,-0.022727212,0,0,0,0,0
3.73,3.78,4.9,12.42,0.2938469966098223,0,0,0,0,1
2.41,3.48,5.01,10.89,-0.125970525,0,0,0,0,0
6.66,15.55,11,33.69,0.2611520798525851,0,0,0,0,1
5.74,13.46,10.8,30,0.7370292968749973,0,0,0,0,2
5.44,12.93,9.73,28.09,0.019675868,0,0,0,0,1
5.71,14.62,9.86,30.18,-0.094559868,0,0,0,0,0
444,310,295,1049,-0.121521236,2,2,2,2,0
0.75,9.96,5.22,15.93,0.8361509321586353,0,0,0,0,2
0.94,9.46,4.99,15.4,0.4155090228770776,0,0,0,0,2
1.13,8.96,4.88,14.98,0.1069959662222174,0,0,0,0,1
0.86,7.32,4.93,13.12,-0.292317388,0,0,0,0,0
485,304,288,1077,0.093543933,2,2,2,2,1
13.6,4.11,7.25,24.83,-0.305126115,0,0,0,0,0
10.21,13.15,7.72,31.07,0.1442287595370415,0,0,0,0,1
7.12,11.35,6.39,24.87,-0.25687321,0,0,0,0,0
21.98,8.88,7.96,38.81,0.8354948866781068,0,0,0,0,2
510,316,325,1151,0.6129985387089295,2,2,2,2,2
6.28,1.68,3.67,11.64,0.1614027682070266,0,0,0,0,1
6.05,1.46,3.65,11.17,0.1048331224138371,0,0,0,0,1
5.94,1.28,3.59,10.81,-0.189412829,0,0,0,0,0
512,303,475,1290,-0.198405526,2,2,2,2,0
4.12,7.54,7.65,19.3,0.573653747,0,0,0,0,2
3.97,6.38,6.82,17.17,0.3580361681323126,0,0,0,0,2
3.77,4.71,5.33,13.81,0.255709472,0,0,0,0,1
555,339,310,1204,-0.353828591,2,2,2,2,0
600,337,345,1282,-0.12089985,2,2,2,2,0
15.9,15.4,7.04,38.35,0.2120489706434832,0,0,0,0,1
14.34,14.54,6.65,35.54,-0.148250629,0,0,0,0,0
13.42,13.09,6.75,33.26,0.098217977,0,0,0,0,1
14.15,13.05,6.58,33.79,0.1403809320358953,0,0,0,0,1
280,347,330,957,0.1879891240940953,1,2,2,2,1
3.57,3.6,5.96,13,-0.025421319,0,0,0,0,0
3.54,3.69,5.62,12.81,0.2151589966283396,0,0,0,0,1
3.51,3.55,5.35,12.42,-0.23771744,0,0,0,0,0
500,300,298,1098,-0.036340913,2,2,2,2,0
8.99,8.39,8.71,26.09,0.3711950271219582,0,0,0,0,2
8.96,8.66,7.9,25.52,0.5146017651473884,0,0,0,0,2
210,212,200,622,-0.13877721,1,1,1,1,0
13.3,1.58,4.38,19.25,0.4758574935131994,0,0,0,0,2
12.78,1.76,4.22,18.74,0.1792747057697586,0,0,0,0,1
12.19,1.93,4,18.12,0.3930914574243359,0,0,0,0,2
535,347,325,1207,-0.232092582,2,2,2,2,0
11.17,9.76,5.66,26.6,0.2124664919627377,0,0,0,0,1
11.97,9.92,5.98,27.93,-0.002527509,0,0,0,0,0
12.78,10.06,6.24,29.14,0.3582089841796114,0,0,0,0,2
13.23,9.74,5.5,28.48,0.2301179060246261,0,0,0,0,1
653,395,300,1348,-0.120706977,2,2,2,2,0
0.07,13.13,10.19,23.25,0.3256308487824932,0,0,0,0,2
0.06,11.74,9.87,21.68,-0.030081822,0,0,0,0,0
0.05,10.17,9.41,19.62,0.3487221928074411,0,0,0,0,2
230,226,208,664,0.1012097119399164,1,1,1,1,1
260,222,213,695,0.041930458,1,1,1,1,1
220,224,235,679,-0.108137243,1,1,1,1,0
220,394,265,879,-0.166777566,1,2,2,1,0
2.5,17.47,8.88,28.56,0.2669697385845758,0,0,0,0,1
2.56,16.84,9.05,28.45,-0.056000025,0,0,0,0,0
2.51,15.96,9.22,27.7,0.066467867,0,0,0,0,1
500,316,300,1116,-0.106173931,2,2,2,2,0
2.55,8.35,5.18,16.08,-0.253361982,0,0,0,0,0
2.11,5.2,4.6,11.92,0.1289738839755438,0,0,0,0,1
430,231,300,961,-0.083862188,2,2,1,2,0
3.45,16.51,11.25,31.84,0.047561468,0,0,0,0,1
3.4,18.48,11.17,33.05,0.2252556682464067,0,0,0,0,1
3.41,18.26,10.64,32.31,-0.080377794,0,0,0,0,0
3.55,16.17,9.57,29.3,0.001912349,0,0,0,0,1
607,384,315,1306,0.1128641268231669,2,2,2,2,1
321,349,310,980,-0.241471362,1,2,2,2,0
0.04,14.99,8.49,23.52,-0.000370521,0,0,0,0,0
0.03,15.3,8.03,23.36,-0.181234526,0,0,0,0,0
0.02,14.65,7.54,22.2,-0.023683597,0,0,0,0,0
0.02,13.07,7.82,20.91,-0.114928135,0,0,0,0,0
275,227,300,802,-0.271188674,1,2,1,1,0
2.38,12.18,10.22,24.81,0.081203065,0,0,0,0,1
2.21,10.69,10.32,23.22,-0.158937784,0,0,0,0,0
1.99,9.46,10.7,22.15,0.3665882783777553,0,0,0,0,2
500,300,300,1100,-0.193003376,2,2,2,2,0
4.37,9.5,6.23,20.31,0.2143266699002217,0,0,0,0,1
3.88,9.4,6.15,19.43,0.076808221,0,0,0,0,1
3.88,9.68,6.31,19.87,0.066324436,0,0,0,0,1
558,306,310,1174,-0.080771754,2,2,2,2,0
1.52,14.37,9.69,26.01,-0.133580411,0,0,0,0,0
1.53,17.05,10.24,28.38,-0.153420224,0,0,0,0,0
1.37,15.77,10.98,28.1,-0.028504303,0,0,0,0,0
0.03,15.2,7.5,22.73,0.00988009,0,0,0,0,1
500,321,310,1131,0.2487514502548594,2,2,2,2,1
550,313,325,1188,-0.16123037,2,2,2,2,0
405,320,300,1025,0.012215917,2,2,2,2,1
3.16,18,11.83,32.98,-0.209890093,0,0,0,0,0
2.83,12.86,10.32,26.02,0.038976282,0,0,0,0,1
5.57,10.83,7.98,24.62,0.2740088704877208,0,0,0,0,1
5.4,10.84,7.54,23.78,-0.121818196,0,0,0,0,0
4.94,9.54,7.21,21.69,0.1559373622626754,0,0,0,0,1
260,206,230,696,-0.186056799,1,1,1,1,0
3.87,5.15,5.62,14.63,0.2341987858265623,0,0,0,0,1
3.82,5.09,5.37,14.28,-0.316485924,0,0,0,0,0
3.7,5.03,5.08,13.81,0.2086043716349127,0,0,0,0,1
532,339,305,1176,0.068524854,2,2,2,2,1
515,300,303,1118,-0.16753841,2,2,2,2,0
9.76,14.03,5.85,29.63,0.6196784610709621,0,0,0,0,2
9.87,15.3,5.66,30.83,0.058686082,0,0,0,0,1
10.97,16.37,4.95,32.29,-0.061813184,0,0,0,0,0
11.7,16.4,4.77,32.87,0.047647027,0,0,0,0,1
1.91,8.93,5.53,16.37,0.1464189269166409,0,0,0,0,1
2.29,8.2,5.13,15.62,0.051846098,0,0,0,0,1
2.45,5.37,4.51,12.33,-0.04435782,0,0,0,0,0
505,300,315,1120,0.2220496608125533,2,2,2,2,1
210,258,226,694,-0.223330243,1,1,1,1,0
235,239,235,709,0.098779702,1,1,1,1,1
1.53,10.32,11.48,23.37,0.2194281378880567,0,0,0,0,1
1.57,10.72,11.43,23.73,-0.012383753,0,0,0,0,0
1.62,11.28,10.88,23.78,0.268105448,0,0,0,0,1
1.65,11.68,10.67,24.01,0.088014876,0,0,0,0,1
2.97,9.24,9.43,21.64,-0.222055095,0,0,0,0,0
2.57,7.19,8.98,18.69,0.403810903,0,0,0,0,2
2.85,7.43,9.19,19.47,-0.096697187,0,0,0,0,0
0.98,2.77,3.62,7.39,0.55361216,0,0,0,0,2
1.66,2.74,3.58,7.98,0.013247168,0,0,0,0,1
2.13,2.7,3.51,8.33,0.7295186361697544,0,0,0,0,2
1.27,2.48,3.24,6.99,-0.21755831,0,0,0,0,0
500,300,200,1000,-0.078086159,2,1,2,2,0
8.3,8.16,3.64,20.08,0.038618783,0,0,0,0,1
8.49,9,3.72,21.2,-0.57818889,0,0,0,0,0
9.18,9.46,3.85,22.48,-0.072811054,0,0,0,0,0
10.21,9.77,3.82,23.8,-0.048638134,0,0,0,0,0
530,379,320,1229,-0.420529459,2,2,2,2,0
1.37,10.9,5.97,18.72,0.6262602140416262,0,0,0,0,2
1.16,10.51,5.51,17.18,0.9440010271091356,0,0,0,0,2
1.14,9.85,5.27,16.26,0.361312053,0,0,0,0,2
500,308,295,1103,-0.193235626,2,2,2,2,0
225,209,200,634,-0.157640965,1,1,1,1,0
500,319,300,1119,-0.140497315,2,2,2,2,0
525,307,310,1142,0.5153760452158354,2,2,2,2,2
2.02,14.57,11.93,29.1,0.3798844780579098,0,0,0,0,2
1.79,14.04,11.75,27.57,-0.121807533,0,0,0,0,0
1.87,12.49,11.16,25.51,0.3117712215302299,0,0,0,0,2
230,215,205,650,-0.154880099,1,1,1,1,0
8.57,8.62,8.51,25.57,0.079981565,0,0,0,0,1
8.76,8.62,7.96,25.34,0.2394147024877498,0,0,0,0,1
7.37,8.22,7.14,22.74,0.1778901856366253,0,0,0,0,1
6.53,6.53,6.59,19.66,0.012626998,0,0,0,0,1
6.51,12.91,6.55,26,-0.054070416,0,0,0,0,0
6.44,13,6.45,25.89,0.1957962133322548,0,0,0,0,1
5.83,12.36,6.28,24.48,0.1492791831260666,0,0,0,0,1
4.89,9.42,5.63,19.94,-0.053519097,0,0,0,0,0
2.53,9.1,7.97,19.65,0.7331092971700406,0,0,0,0,2
2.22,9.86,7.89,19.97,0.3572761798536646,0,0,0,0,2
2.65,10.84,8.08,21.57,-0.021932606,0,0,0,0,0
5.57,13.1,7.76,26.43,-0.136024882,0,0,0,0,0
508,328,310,1146,0.129504489,2,2,2,2,1
1.71,9.14,15.89,26.7,0.3727154519644327,0,0,0,0,2
1.71,9.42,15.3,26.42,-0.17278924,0,0,0,0,0
1.78,9.11,14.53,25.41,0.2973126930207633,0,0,0,0,1
1.83,9.42,13.47,24.72,0.2083770698134999,0,0,0,0,1
520,310,310,1140,-0.042696635,2,2,2,2,0
560,350,345,1255,-0.163390763,2,2,2,2,0
2.1,11.32,12.22,25.91,0.061861778,0,0,0,0,1
2.05,11.94,12.66,26.65,-0.224166658,0,0,0,0,0
1.69,13.13,12.11,26.93,0.5354747658717767,0,0,0,0,2
280,300,230,810,0.000566158,1,1,2,1,1
1.22,9.3,8.93,19.43,0.3427888613579151,0,0,0,0,2
1.22,9.3,9.09,19.61,0.1552028399647071,0,0,0,0,1
1.89,9.86,8.77,20.51,-0.037299101,0,0,0,0,0
4.56,12.11,8.07,24.74,-0.048019162,0,0,0,0,0
2.79,7.46,6.79,17.03,0.076477496,0,0,0,0,1
2.68,7.32,6.47,16.46,-0.094773992,0,0,0,0,0
1.95,6.55,6.05,14.56,0.2477334740486456,0,0,0,0,1
2.13,6.21,6.24,14.59,0.037227769,0,0,0,0,1
5.37,14.5,5.51,26.54,0.9566416839044202,0,0,0,0,2
4.02,14.73,6.04,24.79,0.6509042100358754,0,0,0,0,2
3.97,14.63,5.68,24.28,0.2607450401564971,0,0,0,0,1
210,241,213,664,-0.078637906,1,1,1,1,0
3.32,9.11,6.37,18.76,0.3638165298662707,0,0,0,0,2
3.45,9.01,6.29,18.75,0.261526501,0,0,0,0,1
4.14,8.04,5.97,18.14,-0.041900885,0,0,0,0,0
510,320,300,1130,-0.104110482,2,2,2,2,0
14.98,8.88,5.05,28.77,0.2689822207531084,0,0,0,0,1
13.52,9.07,5.35,27.94,-0.029430517,0,0,0,0,0
12.78,8.22,5.33,26.33,0.072724336,0,0,0,0,1
9.8,5.78,5.52,21.1,0.1011080233211955,0,0,0,0,1
0.14,15.86,6.68,22.68,0.3595116432288226,0,0,0,0,2
0.11,14.13,7.27,21.52,0.040894895,0,0,0,0,1
14.48,12.9,7.56,35.24,-0.005635782,0,0,0,0,0
13.81,11.66,6.1,31.57,-0.208196142,0,0,0,0,0
17.79,11.9,5.85,35.53,0.2879556875472513,0,0,0,0,1
550,320,260,1130,0.1604585042028293,2,1,2,2,1
0.06,12.15,9.6,23.7,-0.244704287,0,0,0,0,0
0.06,13.33,10.25,24.61,0.3815278106238535,0,0,0,0,2
0.06,13.46,9.66,23.18,0.4548279500063088,0,0,0,0,2
508,309,320,1137,-0.092346696,2,2,2,2,0
3.1,11.59,7.32,22.01,0.1240641233589182,0,0,0,0,1
3.1,10.71,7,20.82,0.1477808286065918,0,0,0,0,1
2.83,10.75,6.44,20.03,-0.066657344,0,0,0,0,0
17.2,8.5,8.41,34.35,0.071510961,0,0,0,0,1
15.53,7.84,6.63,30,-0.387408051,0,0,0,0,0
18.68,9.83,7.03,35.53,0.7822222297574246,0,0,0,0,2
17.45,9.71,7.73,34.88,0.407330341,0,0,0,0,2
537,306,225,1068,0.044882544,2,1,2,2,1
8.97,9.71,5.43,24.12,0.5085470299447924,0,0,0,0,2
9.15,8.86,5.17,23.18,-0.022244738,0,0,0,0,0
9.4,7.82,4.78,22,-0.098340282,0,0,0,0,0
515,301,305,1121,0.064270927,2,2,2,2,1
2.45,11.3,5.92,19.67,-0.228872738,0,0,0,0,0
5.93,6.62,7.12,19.82,-0.042622574,0,0,0,0,0
5.79,6.56,7.48,19.9,0.215906439,0,0,0,0,1
5.25,5.62,7.36,18.24,-0.063103641,0,0,0,0,0
5.14,4.82,6.44,16.4,0.7907395756839298,0,0,0,0,2
510,322,235,1067,-0.244231391,2,1,2,2,0
215,241,200,656,-0.257244784,1,1,1,1,0
0.6,6.58,6.85,14.08,0.13434249,0,0,0,0,1
0.57,6.18,6.27,13.02,-0.06887227,0,0,0,0,0
0.44,5.84,6.07,12.35,0.4301511389724895,0,0,0,0,2
280,234,220,734,-0.186486535,1,1,1,1,0
7.04,12.36,3.19,22.57,0.1909151874276224,0,0,0,0,1
6.64,12.37,3.49,22.5,0.2462236028192873,0,0,0,0,1
5.49,9.3,3.61,18.41,0.2442091108025054,0,0,0,0,1
7.45,9.19,3.55,20.2,-0.06406828,0,0,0,0,0
5.48,12.45,7.48,25.41,0.3097903010503967,0,0,0,0,2
5.09,11.31,7.3,23.7,0.2521049058338631,0,0,0,0,1
4.1,9.46,6.99,20.54,-0.064814358,0,0,0,0,0
483,303,305,1091,-0.239865652,2,2,2,2,0
23.42,14.01,9.07,46.51,0.5566137920685214,0,0,0,0,2
1.03,11.23,8.17,20.42,0.3156204164995295,0,0,0,0,2
1.06,12.22,7.44,20.71,0.081951234,0,0,0,0,1
1.11,9.5,5.74,16.35,-0.044429436,0,0,0,0,0
610,312,320,1242,0.2871307248423542,2,2,2,2,1
530,305,305,1140,0.080761094,2,2,2,2,1
540,302,315,1157,0.008462239,2,2,2,2,1
20.27,11.7,10.64,42.56,0.1226943007980252,0,0,0,0,1
18.87,11.81,10.1,40.78,-0.300968474,0,0,0,0,0
19.06,11.46,10,40.51,0.3781561523337826,0,0,0,0,2
21.15,10.07,10.06,41.28,0.461335369,0,0,0,0,2
265,228,200,693,-0.263236722,1,1,1,1,0
535,325,310,1170,0.1111110787804308,2,2,2,2,1
515,300,313,1128,0.064589084,2,2,2,2,1
550,341,295,1186,-0.152270531,2,2,2,2,0
560,339,305,1204,0.2696220930232558,2,2,2,2,1
335,321,313,969,-0.040622595,1,2,2,2,0
247,222,200,669,0.06166779,1,1,1,1,1
0.14,10.7,8.46,19.16,0.2970970307357162,0,0,0,0,1
0.14,10.34,8.44,18.92,0.1162419987298178,0,0,0,0,1
0.12,10.08,8.6,18.8,0.441749954,0,0,0,0,2
0.13,12.67,8.1,20.9,-0.211051781,0,0,0,0,0
9.34,7.01,6.03,22.39,-0.328051157,0,0,0,0,0
4.63,18.23,9.86,32.72,0.4428422298168173,0,0,0,0,2
3.35,14.81,8.57,26.74,0.4623316668865164,0,0,0,0,2
1.37,8.23,6.13,15.73,-0.153277039,0,0,0,0,0
510,316,321,1147,-0.162741451,2,2,2,2,0
210,263,205,678,0.01966204,1,1,1,1,1
4.17,5.92,7.88,17.91,0.1347611985698205,0,0,0,0,1
3.41,5.38,5.54,14.33,0.1624863929963894,0,0,0,0,1
3.37,5.07,5.52,13.95,0.2634473046422154,0,0,0,0,1
3.23,3.7,6.1,13.02,-0.18002938,0,0,0,0,0
3.86,9.85,5.87,19.57,0.1409863568477753,0,0,0,0,1
3.4,8.54,5.82,17.76,0.3055840180094292,0,0,0,0,2
3.4,7.41,4.27,15.08,0.2314972800329783,0,0,0,0,1
500,320,305,1125,-0.194065185,2,2,2,2,0
225,201,200,626,0.1449300173121901,1,1,1,1,1
6.08,14.48,6.98,27.52,0.1962213573842184,0,0,0,0,1
5.22,14.79,6.66,26.67,0.4734465198168223,0,0,0,0,2
7.72,16.68,6.81,31.21,-0.3119159,0,0,0,0,0
540,313,300,1153,-0.112583782,2,2,2,2,0
515,309,300,1124,-0.124833558,2,2,2,2,0
592,313,210,1115,0.1454697133106054,2,1,2,2,1
16.23,10.56,7.19,33.99,0.059226553,0,0,0,0,1
15.8,11.37,6.36,33.54,0.003067471,0,0,0,0,1
15.39,10.4,5.44,31.24,0.1429505657123709,0,0,0,0,1
14.49,8.57,4.59,27.66,0.094747826,0,0,0,0,1
260,332,300,892,0.064697092,1,2,2,1,1
17.33,11.07,6.25,34.52,0.1836827110847608,0,0,0,0,1
17.26,9.92,6.62,33.79,-0.396795079,0,0,0,0,0
16.85,8.61,7.56,33.01,1.753124952316281,0,0,0,0,2
570,301,300,1171,0.4173086143712637,2,2,2,2,2
505,326,305,1136,-0.035493873,2,2,2,2,0
6.46,22.43,12.99,41.91,0.8694128835113932,0,0,0,0,2
6.2,17.79,10.64,34.64,0.6916178868531787,0,0,0,0,2
5.93,13.04,8.23,27.21,0.4667959719832205,0,0,0,0,2
5.57,11.43,8.28,25.28,-0.074633327,0,0,0,0,0
360,300,225,885,-0.070719281,1,1,2,1,0
1.69,11.13,7.32,20.17,0.3059674903630617,0,0,0,0,2
1.69,11.41,7.72,20.81,0.380115359,0,0,0,0,2
1.34,10.79,7.54,19.67,0.3173534192360653,0,0,0,0,2
0.93,9.33,6.71,16.98,-0.18510152,0,0,0,0,0
14.41,10.3,7.48,32.17,0.3263917903310241,0,0,0,0,2
13.32,9.8,7.06,30.19,0.1172157209490098,0,0,0,0,1
10.33,8.6,6.54,25.47,0.076100901,0,0,0,0,1
9.48,8.44,6.17,24.09,-0.247485889,0,0,0,0,0
700,358,300,1358,0.1485647396821032,2,2,2,2,1
0.16,18.63,6.95,25.73,-0.260972033,0,0,0,0,0
19.08,12,7.86,38.87,0.3422926887232856,0,0,0,0,2
13.66,12.21,6.8,32.67,-0.159148702,0,0,0,0,0
11.07,11.59,5.97,28.65,0.087476129,0,0,0,0,1
10.64,10.99,5.86,27.49,0.051214518,0,0,0,0,1
500,300,300,1100,-0.283915433,2,2,2,2,0
13.15,6.61,7.94,27.65,0.099916803,0,0,0,0,1
12.4,6.24,7.56,26.19,0.2472636427378446,0,0,0,0,1
11.82,5.45,7.24,24.51,-0.111851822,0,0,0,0,0
605,323,315,1243,-0.004715996,2,2,2,2,0
565,316,300,1181,0.028505096,2,2,2,2,1
23.89,12.77,8.05,44.78,-0.022180731,0,0,0,0,0
24.84,12.6,8.26,45.71,-0.408562629,0,0,0,0,0
19.63,11.04,8.24,38.91,0.7500000939395519,0,0,0,0,2
550,252,240,1042,0.3918261054329944,2,1,1,2,2
4.96,5.26,4.9,15.5,0.6711521250773393,0,0,0,0,2
5.42,5.24,5.49,16.16,0.2230994939677202,0,0,0,0,1
4.52,5.48,5.49,15.5,0.1774925456376571,0,0,0,0,1
515,323,315,1153,-0.130593136,2,2,2,2,0
4.47,5.43,6.16,16,0.2369306088938078,0,0,0,0,1
4.56,5.21,5.76,15.52,-0.27102805,0,0,0,0,0
4.41,4.02,4.91,13.34,0.5240821551381726,0,0,0,0,2
2.91,3,5.14,11.05,-0.003855458,0,0,0,0,0
576,409,310,1295,0.021173337,2,2,2,2,1
377,304,210,891,-0.020913045,1,1,2,1,0
4.66,7.04,6.03,17.84,0.3987005244138369,0,0,0,0,2
5.02,6.59,5.63,17.24,0.261444793,0,0,0,0,1
5,6.45,5.68,17.12,0.4365752530352404,0,0,0,0,2
5.2,6.72,5.69,17.6,-0.193090696,0,0,0,0,0
653,380,310,1343,0.1025299180285473,2,2,2,2,1
235,241,235,711,-0.479244445,1,1,1,1,0
555,310,300,1165,0.032366254,2,2,2,2,1
290,333,305,928,-0.07011707,1,2,2,1,0
694,403,316,1413,0.2038539301069137,2,2,2,2,1
4.07,9.2,5.14,18.68,0.1684888507654018,0,0,0,0,1
4.01,9.9,5.03,18.94,0.2097430334227049,0,0,0,0,1
4.05,9.23,4.84,18.13,0.4080946777674791,0,0,0,0,2
3.83,7.31,4.96,16.1,-0.280366166,0,0,0,0,0
225,242,305,772,0.056536127,1,2,1,1,1
3.81,4.28,5.86,13.94,-0.063656374,0,0,0,0,0
292,246,215,753,-0.272214424,1,1,1,1,0
513,271,300,1084,0.2868562937823259,2,2,1,2,1
10.69,8.66,7.05,26.4,-0.123062482,0,0,0,0,0
510,302,300,1112,-0.349158884,2,2,2,2,0
20.58,11.87,6.85,39.97,0.3106892692873207,0,0,0,0,2
20.69,12.42,6.75,39.87,0.949063649,0,0,0,0,2
18.17,11.86,5.53,35.56,0.5319383220583427,0,0,0,0,2
17.21,10.28,5.37,32.87,0.1858726897193435,0,0,0,0,1
5.87,9.29,6.11,21.26,0.7033197627349373,0,0,0,0,2
5.18,10.01,6,21.19,-0.006758753,0,0,0,0,0
5.29,9.32,5.84,20.45,-0.208083083,0,0,0,0,0
510,304,300,1114,0.1391492629319259,2,2,2,2,1
1.21,11.87,5.34,18.42,0.3903977654196988,0,0,0,0,2
1.26,12.49,5.47,19.23,-0.184726672,0,0,0,0,0
0.34,11.57,6.61,18.51,-0.228403815,0,0,0,0,0
1.27,11.14,5.73,18.13,-0.063100152,0,0,0,0,0
395,302,310,1007,-0.040342792,1,2,2,2,0
2.23,13.03,11.34,26.6,0.3267155662450495,0,0,0,0,2
2.22,12.98,11.02,26.22,-0.109208432,0,0,0,0,0
2.02,12.22,10.22,24.46,0.5688039941638983,0,0,0,0,2
1.39,8.2,9.15,18.73,-0.113207619,0,0,0,0,0
410,302,300,1012,0.1484705338299939,2,2,2,2,1
16.53,12.54,6.91,36.22,0.5822444443974159,0,0,0,0,2
18.34,12.95,6.97,38.26,0.1450632376224461,0,0,0,0,1
17.86,13.54,7.31,38.71,-0.050298157,0,0,0,0,0
17.03,10.57,7.39,34.99,0.2372467104445981,0,0,0,0,1
295,330,315,940,0.0550161,1,2,2,1,1
370,331,288,989,-0.222227571,1,2,2,2,0
4.1,5.8,7.12,16.98,0.099786351,0,0,0,0,1
3.72,4.9,6.94,15.56,-0.342804201,0,0,0,0,0
2.24,4.44,6.08,12.75,0.6009395758235829,0,0,0,0,2
525,302,300,1127,-0.09811953,2,2,2,2,0
1.33,13.57,6.17,21.07,1.4028881212623354,0,0,0,0,2
1.23,12.19,5.75,19.17,-0.083839572,0,0,0,0,0
10.5,14.79,7.15,32.39,0.1466526447398539,0,0,0,0,1
10.01,14.6,6.96,31.56,0.099089673,0,0,0,0,1
15.52,14.16,5.63,35.32,0.074507055,0,0,0,0,1
540,326,305,1171,-0.231033604,2,2,2,2,0
510,310,300,1120,0.1662201219768612,2,2,2,2,1
533,300,300,1133,-0.046103753,2,2,2,2,0
500,303,300,1103,-0.144596616,2,2,2,2,0
585,326,365,1276,0.055357164,2,2,2,2,1
215,238,215,668,0.08851526,1,1,1,1,1
7.91,5.2,6.89,20,0.032732325,0,0,0,0,1
7.3,5.24,6.87,19.42,-0.099197934,0,0,0,0,0
510,303,255,1068,-0.329714351,2,1,2,2,0
535,311,250,1096,-0.290383653,2,1,2,2,0
295,362,355,1012,-0.126331387,1,2,2,2,0
4.25,5.85,3.41,13.37,0.1171522499533784,0,0,0,0,1
3.71,5.14,3.9,12.75,0.387020127,0,0,0,0,2
3.61,5.22,3.78,12.6,-0.069764084,0,0,0,0,0
0.18,14.04,7.57,21.85,0.7977350277926396,0,0,0,0,2
0.18,13.52,7.87,21.58,0.1710791070551511,0,0,0,0,1
0.38,10.96,7.31,18.64,-0.371489718,0,0,0,0,0
1.31,10.92,6.95,19.18,0.031091147,0,0,0,0,1
4.93,9.16,5.98,20,0.5684886874908661,0,0,0,0,2
5.52,9.66,5.68,20.86,0.22577341,0,0,0,0,1
5.87,8.84,4.79,19.5,0.1367392697907129,0,0,0,0,1
205,242,200,647,-0.185019797,1,1,1,1,0
525,305,305,1135,-0.173161916,2,2,2,2,0
1.41,5.85,6.75,13.88,0.213811794,0,0,0,0,1
1.39,5.25,6.38,13.02,0.201883727,0,0,0,0,1
3.21,5.57,6.05,14.83,0.2626449350739354,0,0,0,0,1
3.41,5.48,5.72,14.6,-0.050395194,0,0,0,0,0
255,301,300,856,-0.166307961,1,2,2,1,0
2.53,12.71,9.53,24.55,0.2801358459710751,0,0,0,0,1
2.48,11.43,8.8,22.72,-0.164682526,0,0,0,0,0
2.05,11.31,7.85,21.22,0.2094117706897175,0,0,0,0,1
1.96,10.54,7.79,20.28,-0.138064538,0,0,0,0,0
520,348,305,1173,0.016596579,2,2,2,2,1
230,317,205,752,-0.268982443,1,1,2,1,0
535,300,305,1140,0.5523680494178259,2,2,2,2,2
1.45,8.58,10.93,20.73,0.3947670618180573,0,0,0,0,2
1.48,8.58,10.51,20.56,-0.196522305,0,0,0,0,0
1.65,7.42,9.6,18.67,0.3910940848212486,0,0,0,0,2
1.5,6.22,8.58,16.31,0.08152949,0,0,0,0,1
545,315,315,1175,0.1920874038891936,2,2,2,2,1
8.63,8.48,4.05,21.16,0.5689630758471189,0,0,0,0,2
8.22,8.24,3.87,20.33,0.000989659,0,0,0,0,1
8.04,8.13,3.61,19.78,0.405695267,0,0,0,0,2
293,200,205,698,-0.002372524,1,1,1,1,0
4.63,19.88,10.84,35.38,0.3501422693730786,0,0,0,0,2
4.58,17.32,11.61,33.5,0.3978887517094758,0,0,0,0,2
4.45,14.28,11.78,30.51,0.045615901,0,0,0,0,1
515,324,315,1154,-0.002352638,2,2,2,2,0
545,344,308,1197,-0.06095448,2,2,2,2,0
230,359,230,819,-0.032095671,1,1,2,1,0
245,211,200,656,-0.006364303,1,1,1,1,0
10.56,12.32,5.12,27.96,0.067692322,0,0,0,0,1
10.02,11.23,4.98,26.24,0.03256538,0,0,0,0,1
10.73,10.32,5.04,26.1,0.045405929,0,0,0,0,1
570,322,300,1192,0.095550539,2,2,2,2,1
3.52,4.97,6,14.36,0.1024883610018908,0,0,0,0,1
3.65,5.68,5.68,15.01,-0.004911472,0,0,0,0,0
3.19,5.66,5.64,14.5,0.1366368541257731,0,0,0,0,1
2.14,5.59,5.76,13.48,0.1805142955275914,0,0,0,0,1
4.02,4.74,5.52,14.28,0.1283454157213538,0,0,0,0,1
3.97,5.15,5.42,14.55,-0.215549576,0,0,0,0,0
3.74,5.73,4.91,14.37,0.1813858066701334,0,0,0,0,1
510,318,318,1146,0.1194968656339949,2,2,2,2,1
9.14,10.87,5.92,25.95,0.3842531108033487,0,0,0,0,2
8.67,11.18,5.95,25.8,0.034639722,0,0,0,0,1
9.72,10.32,5.29,25.34,0.2644272149951659,0,0,0,0,1
525,361,300,1186,0.171609239,2,2,2,2,1
462,300,300,1062,-0.001777293,2,2,2,2,0
525,315,320,1160,0.1087499856948843,2,2,2,2,1
0.42,9.77,7.35,17.62,0.1966788192221687,0,0,0,0,1
0.41,9.96,7.25,17.6,-0.067555528,0,0,0,0,0
0.42,9.4,7.43,17.24,0.1109126751617875,0,0,0,0,1
0.47,6.67,7.64,14.77,-0.056015584,0,0,0,0,0
5.43,18.37,11.57,35.44,0.1804049025650904,0,0,0,0,1
5.43,11.82,12.3,29.56,0.9113294744402344,0,0,0,0,2
4.7,9.11,11.45,25.27,0.3090656500450418,0,0,0,0,2
3.6,7.12,9.96,20.69,-0.242320686,0,0,0,0,0
10.08,15.9,8.04,33.97,-0.048458815,0,0,0,0,0
10.67,15.4,7.66,33.74,0.1525776476179486,0,0,0,0,1
8.1,13,5.95,27.05,-0.193635783,0,0,0,0,0
1.3,4.95,6.87,13.12,0.1244492135729753,0,0,0,0,1
1.22,3.6,6.42,11.24,0.025887192,0,0,0,0,1
1.19,3.73,6.29,11.21,-0.11707905,0,0,0,0,0
0.11,18.26,7.64,26.01,-0.156127861,0,0,0,0,0
1,16.45,6.99,24.45,0.1166666840377851,0,0,0,0,1
4.91,5.01,6.93,16.84,0.3022193138890005,0,0,0,0,2
4.33,5.14,6.57,16.05,-0.172974796,0,0,0,0,0
3.84,6.03,6.48,16.36,0.032271009,0,0,0,0,1
1.08,10.9,5.69,17.58,0.3677806406046006,0,0,0,0,2
1.12,10.83,5.67,17.62,0.4549181309934507,0,0,0,0,2
1.11,9.98,5.62,16.7,0.6938431222535465,0,0,0,0,2
0.05,9.99,6.06,16.15,0.1351351326019676,0,0,0,0,1
0.05,10,5.96,16.02,0.010743446,0,0,0,0,1
0.05,9.69,5.98,15.73,0.5956541056066584,0,0,0,0,2
1.77,15.29,8.33,25.48,0.3504937467107743,0,0,0,0,2
1.67,14.74,7.86,24.26,0.1542227861902778,0,0,0,0,1
1.47,12.23,7.09,20.79,0.5811477851838899,0,0,0,0,2
5.23,16.27,11.12,32.62,0.3733423548970985,0,0,0,0,2
4.97,14.08,10.77,29.82,0.3052164682732162,0,0,0,0,2
4.57,11.17,10.03,25.76,-0.220131,0,0,0,0,0
500,316,315,1131,-0.108899031,2,2,2,2,0
4.64,9.31,6.29,20.23,0.1317236291440758,0,0,0,0,1
4.27,8.87,6.44,19.56,0.1787744605602152,0,0,0,0,1
4.36,9.14,6.43,19.93,-0.206348557,0,0,0,0,0
1.47,14.46,10.93,26.29,-0.545602614,0,0,0,0,0
1.49,14.47,10.68,26.13,0.095006057,0,0,0,0,1
1.8,12.93,10.41,25.14,0.3124286919155817,0,0,0,0,2
6.32,8.44,6.25,21.02,0.1590330121114591,0,0,0,0,1
4.14,5.63,5.37,15.14,0.5004037312405522,0,0,0,0,2
3,6.01,5.32,14.32,-0.160926856,0,0,0,0,0
6,5.12,7.37,18.3,0.3894198001541244,0,0,0,0,2
6.25,4.73,6.76,17.74,0.1388413670584504,0,0,0,0,1
8.03,2.53,6.02,16.57,0.7444753592330089,0,0,0,0,2
5.13,3.43,5.31,13.87,-0.242054711,0,0,0,0,0
0.18,11.52,7.2,18.89,0.1059602931871027,0,0,0,0,1
0.93,9.54,5.23,15.7,0.2000358933611031,0,0,0,0,1
1.3,22.35,11.73,35.54,0.1384530520435087,0,0,0,0,1
1.29,21.19,11.44,33.92,0.078905945,0,0,0,0,1
0.74,19.89,9.29,29.92,0.087954727,0,0,0,0,1
0.74,16.53,8.54,25.82,0.056929598,0,0,0,0,1
0.39,8.35,7.75,16.2,-0.073014699,0,0,0,0,0
0.38,9.27,6.52,16.17,0.5871110704210044,0,0,0,0,2
1.66,8.35,6.77,16.79,-0.014586267,0,0,0,0,0
1.16,12.27,9.65,22.95,0.4528400034413738,0,0,0,0,2
1.16,11.98,9.05,22.18,-0.090993592,0,0,0,0,0
1.07,16.13,10.74,27.94,0.2419608321844313,0,0,0,0,1
1.11,16.32,11.65,29.08,-0.211059663,0,0,0,0,0
16.46,19.06,6.35,40.59,-0.114854827,0,0,0,0,0
11.94,14.12,6.27,32.32,0.073397301,0,0,0,0,1
12.89,14.33,6.77,33.99,0.037872257,0,0,0,0,1
13.95,14.4,6.71,35.06,0.179637454,0,0,0,0,1
6.31,7.51,6.46,20.44,0.3305052307290382,0,0,0,0,2
6.13,7.2,6.33,19.83,-0.153838918,0,0,0,0,0
6.47,6.9,6.16,19.54,0.4321827935080222,0,0,0,0,2
6.84,6.73,5.96,19.52,0.6412653184711845,0,0,0,0,2
7.59,7.46,6.79,21.85,0.2194148876808427,0,0,0,0,1
7.87,7.28,6.92,22.06,-0.018704455,0,0,0,0,0
8.11,7.22,6.83,22.16,0.06378855,0,0,0,0,1
10.83,10.18,4.44,25.31,0.3927631803909504,0,0,0,0,2
9.23,9.5,4.24,22.97,-0.356705879,0,0,0,0,0
8.55,6.06,3.82,18.43,0.1534545204856145,0,0,0,0,1
0.14,9.09,4.2,13.45,0.4163165752474591,0,0,0,0,2
0.11,8.7,4.17,12.98,0.3810179375716516,0,0,0,0,2
0.08,7.92,3.98,11.97,-0.293977349,0,0,0,0,0
200,201,200,601,0.1054062730433467,1,1,1,1,1
505,303,313,1121,0.1213425686215487,2,2,2,2,1
1.22,12.94,7.09,21.09,-0.185036339,0,0,0,0,0
1.19,13.15,6.94,20.97,0.8835866286386062,0,0,0,0,2
1.21,12.51,6.71,20.42,0.067858595,0,0,0,0,1
500,300,300,1100,0.2214133322920343,2,2,2,2,1
363,344,220,927,-0.337275561,1,1,2,1,0
0.74,9.63,7.56,17.93,0.197634708,0,0,0,0,1
0.67,7.67,6.96,15.3,0.5454724077920671,0,0,0,0,2
0.51,10.26,7.31,18.08,-0.140721804,0,0,0,0,0
210,240,275,725,-0.080538143,1,2,1,1,0
4.57,5.4,4,13.98,-0.018930861,0,0,0,0,0
4.58,5.41,3.81,13.8,0.6938487896570052,0,0,0,0,2
4.08,4.97,3.81,12.87,-0.220046444,0,0,0,0,0
510,360,310,1180,0.1000327295766271,2,2,2,2,1
7.35,16.61,7.53,31.29,0.5071219498366405,0,0,0,0,2
7.22,16.05,7.25,30.52,-0.096421055,0,0,0,0,0
5.27,15.81,7.63,28.7,0.001211315,0,0,0,0,1
5.27,15.93,7.34,28.53,0.3185406939195606,0,0,0,0,2
700,300,300,1300,-0.059266829,2,2,2,2,0
519,307,300,1126,0.032915113,2,2,2,2,1
218,200,200,618,-0.223456831,1,1,1,1,0
4.18,5.65,6.49,16.31,1.1909184713543293,0,0,0,0,2
4.52,5.81,6.44,16.76,0.5966934578496216,0,0,0,0,2
4.94,5.05,5.56,15.56,0.5040260035426307,0,0,0,0,2
4.7,4.15,5.22,14.07,-0.367437216,0,0,0,0,0
535,327,305,1167,-0.090404395,2,2,2,2,0
10.04,15.43,5.98,31.44,-0.078313241,0,0,0,0,0
11.29,14.89,6.21,32.39,0.083159609,0,0,0,0,1
1.64,9.84,8.49,20,0.3545222535228132,0,0,0,0,2
1.59,9.19,8.18,18.96,-0.147109319,0,0,0,0,0
1.81,8.1,8.66,18.56,-0.370568564,0,0,0,0,0
1.39,7.83,8.54,17.77,-0.027880099,0,0,0,0,0
345,256,300,901,0.083583019,1,2,1,1,1
16.23,2.75,7.35,25.97,0.1562844745507736,0,0,0,0,1
15.94,2.8,7.1,25.84,-0.037993232,0,0,0,0,0
16.35,2.88,7.1,26.33,-0.002918883,0,0,0,0,0
16.64,2.13,6.02,24.79,0.1573965074034193,0,0,0,0,1
492,310,250,1052,-0.076954964,2,1,2,2,0
210,230,215,655,-0.005475419,1,1,1,1,0
5.58,7.03,6.29,18.91,0.3890234929574927,0,0,0,0,2
5.75,7.02,5.96,18.73,-0.04276542,0,0,0,0,0
6.03,7.12,5.61,18.76,0.8110347937480054,0,0,0,0,2
315,261,210,786,-0.104781389,1,1,1,1,0
215,200,215,630,0.093535994,1,1,1,1,1
522,323,305,1150,-0.296438725,2,2,2,2,0
505,326,305,1136,-0.070429316,2,2,2,2,0
17.12,9.74,8.52,35.3,0.4902519741479993,0,0,0,0,2
16.04,9.44,8.64,34.12,0.3025559011636852,0,0,0,0,2
15.07,9.32,8.64,33.03,0.2531126228239195,0,0,0,0,1
500,300,300,1100,-0.254798861,2,2,2,2,0
500,303,310,1113,0.3058495950848421,2,2,2,2,2
515,308,235,1058,-0.16168887,2,1,2,2,0
8.99,10.2,5.8,25.07,0.387405561,0,0,0,0,2
9.67,10.8,5.72,26.18,0.061932433,0,0,0,0,1
7.52,10.62,5.16,23.29,0.133697994,0,0,0,0,1
520,307,300,1127,-0.030874506,2,2,2,2,0
2.48,13.41,9.96,25.88,0.2671729978228988,0,0,0,0,1
2.51,13.97,9.17,25.65,0.023414296,0,0,0,0,1
2.52,13.9,7.73,24.16,-0.117320822,0,0,0,0,0
2.37,12.88,7.64,22.9,0.057009863,0,0,0,0,1
517,305,305,1127,0.1223387500944743,2,2,2,2,1
2.46,11.05,12.01,26.29,0.3949685503406861,0,0,0,0,2
2.24,11.11,11.98,25.33,-0.059964206,0,0,0,0,0
2.59,12.31,12.01,26.91,0.4162196374809826,0,0,0,0,2
2.34,13.01,10.83,26.16,-0.076376607,0,0,0,0,0
5.55,4.29,4.56,14.41,-0.577822713,0,0,0,0,0
5.56,4.54,4.76,14.9,0.1865321209849082,0,0,0,0,1
5.64,4.49,4.71,14.85,0.032222584,0,0,0,0,1
5.44,4.45,4.43,14.33,0.2941677001243252,0,0,0,0,1
570,298,303,1171,-0.325279547,2,2,2,2,0
10.91,13.72,5.62,30.32,0.086924076,0,0,0,0,1
10.64,15.16,6.16,31.89,0.2318914010111249,0,0,0,0,1
9.03,14.1,5.27,28.4,0.008665711,0,0,0,0,1
500,300,300,1100,0.056919889,2,2,2,2,1
230,213,210,653,-0.354277617,1,1,1,1,0
19.02,5.03,9.14,33.78,0.6493070457986003,0,0,0,0,2
19.19,4.66,8.65,32.51,0.007986653,0,0,0,0,1
17.75,4.9,8.77,31.43,0.5511267218791234,0,0,0,0,2
18.55,4.86,8.82,32.24,-0.174522011,0,0,0,0,0
0.07,7.53,10.77,18.41,0.4149099147152999,0,0,0,0,2
0.09,8.06,10.8,18.93,0.048481081,0,0,0,0,1
0.11,8.36,10.88,19.34,0.4929142563653517,0,0,0,0,2
500,300,300,1100,-0.013252725,2,2,2,2,0
12.95,13.84,8.23,35.02,0.015028599,0,0,0,0,1
12.62,13.57,7.84,34.03,-0.173508306,0,0,0,0,0
515,344,300,1159,-0.13536433,2,2,2,2,0
500,327,341,1168,0.1606502170560386,2,2,2,2,1
515,379,315,1209,0.9253165329558936,2,2,2,2,2
21.29,9.48,6.08,37.36,-0.107396797,0,0,0,0,0
22.55,9.48,6.11,38.11,0.035757296,0,0,0,0,1
19.36,8.46,5.54,33.36,-0.320630751,0,0,0,0,0
15.68,7.07,5.3,28.04,0.5334292446780504,0,0,0,0,2
700,366,315,1381,0.353196674,2,2,2,2,2
330,287,235,852,-0.167571529,1,1,2,1,0
1.63,15.46,11.44,28.64,0.3502384552586632,0,0,0,0,2
1.6,15.2,11.06,28,0.2079956476041901,0,0,0,0,1
1.63,14.52,11.07,27.22,-0.101888404,0,0,0,0,0
0.88,11.28,10.52,22.67,-0.020503462,0,0,0,0,0
500,305,315,1120,0.134891637,2,2,2,2,1
500,300,300,1100,-0.330325313,2,2,2,2,0
530,313,305,1148,0.6205846825037012,2,2,2,2,2
555,303,320,1178,-0.146682769,2,2,2,2,0
0.13,13.18,6.93,23.01,0.7843664960910772,0,0,0,0,2
0.41,14.45,5.74,20.6,0.3592377077992729,0,0,0,0,2
1.61,5.41,5.39,12.41,-0.21426595,0,0,0,0,0
0.45,9.71,5.23,15.45,0.5841284993858914,0,0,0,0,2
0.46,9.57,5.14,15.17,0.4008061461072847,0,0,0,0,2
0.46,9.11,4.85,14.42,0.5113468259071816,0,0,0,0,2
0.82,8.17,5.1,14.08,-0.165558427,0,0,0,0,0
1.4,8.98,5.48,15.46,0.2664025270060722,0,0,0,0,1
1.4,8.55,5.48,15.21,0.4147497561976513,0,0,0,0,2
505,305,347,1157,-0.140471755,2,2,2,2,0
2.12,12.8,12.74,27.66,-0.252758848,0,0,0,0,0
2.04,13.31,11.94,27.29,0.1939671616352082,0,0,0,0,1
2.2,12.77,11.19,26.16,0.0243307,0,0,0,0,1
245,389,311,945,-0.306971703,1,2,2,2,0
0.92,6.1,5.62,12.71,0.4229749176461108,0,0,0,0,2
0.92,5.21,5.76,11.9,0.4154527340819906,0,0,0,0,2
0.78,5.71,5.51,12,0.4694458536255411,0,0,0,0,2
505,300,240,1045,-0.220306712,2,1,2,2,0
530,330,300,1160,-0.253221228,2,2,2,2,0
12.47,11.12,3.9,27.67,0.3946991011870295,0,0,0,0,2
12.63,10.98,3.93,27.54,-0.567443444,0,0,0,0,0
12.54,10.97,4.47,27.99,-0.181854065,0,0,0,0,0
11.98,10.12,4.51,26.61,0.031458525,0,0,0,0,1
2.38,7.95,7.84,18.15,0.3287841253310752,0,0,0,0,2
2.16,7.4,7.3,16.87,0.2375536346211524,0,0,0,0,1
1.59,6.3,6.41,14.3,0.5704030600188501,0,0,0,0,2
1.81,4.56,5.56,11.93,-0.153269753,0,0,0,0,0
9.55,13.34,5.65,28.53,0.2663458773375945,0,0,0,0,1
9.45,12.51,5.6,27.56,-0.158212464,0,0,0,0,0
668,306,313,1287,-0.113573119,2,2,2,2,0
10.41,9.06,5.65,25.13,0.2612481799908119,0,0,0,0,1
9.66,9.06,5.04,23.77,0.3752009285612747,0,0,0,0,2
8.91,10.88,4.94,24.73,0.001938593,0,0,0,0,1
7.8,9.37,5.09,22.26,0.3858100242040276,0,0,0,0,2
361,322,223,906,0.1503623029410012,1,1,2,1,1
205,275,200,680,-0.203366515,1,1,1,1,0
505,315,305,1125,0.027777751,2,2,2,2,1
500,310,300,1110,0.3236714303695223,2,2,2,2,2
505,302,300,1107,0.2073911292631349,2,2,2,2,1
550,374,350,1274,-0.217276587,2,2,2,2,0
19.68,11.27,7.84,38.88,0.016624081,0,0,0,0,1
20.93,11.35,7.91,40.19,-0.057243346,0,0,0,0,0
17.26,8.95,5.55,31.75,0.1417970409151296,0,0,0,0,1
17.26,8.95,5.46,31.66,-0.093243926,0,0,0,0,0
358,339,330,1027,-0.118726976,1,2,2,2,0
2.77,9.51,6.76,18.63,0.070139281,0,0,0,0,1
2.77,8.15,6.19,17.11,0.3839325436196594,0,0,0,0,2
2.61,7.2,6.05,15.87,-0.179882663,0,0,0,0,0
2.54,13.74,11.39,27.78,-0.20268982,0,0,0,0,0
2.54,13,11.11,27.05,0.2962420577173514,0,0,0,0,1
2.24,12.34,10.83,25.41,-0.125692289,0,0,0,0,0
250,226,225,701,-0.081199792,1,1,1,1,0
12.3,15.22,9.23,36.75,1.106866018510773,0,0,0,0,2
10.07,14.21,9.39,33.66,0.4389416677037073,0,0,0,0,2
1.91,4.66,6.85,13.49,0.8011329160370634,0,0,0,0,2
2.12,4.26,6.64,13.02,1.1872251820189652,0,0,0,0,2
2.37,4.14,6.63,13.15,1.244386324594044,0,0,0,0,2
2.44,4.46,6.1,13,-0.287003166,0,0,0,0,0
265,206,205,676,-0.261422454,1,1,1,1,0
525,303,315,1143,0.025160074,2,2,2,2,1
509,300,300,1109,-0.054066092,2,2,2,2,0
9.26,7.02,7.84,24.15,0.7697120797573485,0,0,0,0,2
9.02,6.97,7.37,23.36,0.2363734838054056,0,0,0,0,1
7.86,6.61,5.07,19.54,0.420694793,0,0,0,0,2
8.51,7.13,5.39,21.02,-0.255659177,0,0,0,0,0
500,300,300,1100,0.012268189,2,2,2,2,1
467,423,280,1170,-0.260598777,2,2,2,2,0
515,335,305,1155,0.141642194,2,2,2,2,1
581,326,355,1262,0.2092945074440307,2,2,2,2,1
543,333,305,1181,0.068576902,2,2,2,2,1
0.44,9.8,6.69,17.39,0.1903124053393664,0,0,0,0,1
0.43,10.39,6.54,17.67,0.067759027,0,0,0,0,1
0.42,10.62,6.86,17.82,-0.05087236,0,0,0,0,0
0.43,10.96,6.75,18.13,0.2143796111414944,0,0,0,0,1
500,300,200,1000,-0.090232506,2,1,2,2,0
500,300,300,1100,0.014379895,2,2,2,2,1
19.72,10.85,6.61,37.17,0.6332394237249633,0,0,0,0,2
505,302,300,1107,1.0314961318890166,2,2,2,2,2
470,305,315,1090,-0.23081003,2,2,2,2,0
0.15,10.92,6.91,18.78,0.3274031699133272,0,0,0,0,2
0.11,9.2,6.84,16.16,0.089824565,0,0,0,0,1
0.32,9.32,6.6,16.25,0.4644351608274918,0,0,0,0,2
500,300,200,1000,0.004999691,2,1,2,2,1
8.31,14.87,9.1,32.28,0.019050935,0,0,0,0,1
568,343,305,1216,-0.051552265,2,2,2,2,0
535,331,335,1201,-0.030445676,2,2,2,2,0
500,300,205,1005,0.087866184,2,1,2,2,1
371,300,220,891,-0.286562036,1,1,2,1,0
719,340,358,1417,-0.001742178,2,2,2,2,0
500,300,300,1100,-0.09196583,2,2,2,2,0
1.81,9.21,10.99,21.86,0.2705012436318185,0,0,0,0,1
1.94,8.55,11.9,22.39,-0.104997288,0,0,0,0,0
2.11,7.55,10.84,20.5,0.4567975751894848,0,0,0,0,2
555,320,300,1175,0.018174305,2,2,2,2,1
560,422,310,1292,-0.019296154,2,2,2,2,0
2.06,7.78,13.32,23.15,0.2211538610039612,0,0,0,0,1
2.06,8.78,13.41,24.24,0.3376623336411093,0,0,0,0,2
1.95,10,12.33,24.27,0.051957364,0,0,0,0,1
1.72,8.38,10.96,21.06,0.093756104,0,0,0,0,1
325,303,225,853,-0.139882567,1,1,2,1,0
7.62,8.73,5.02,21.47,-0.174617899,0,0,0,0,0
7.81,9.42,4.98,22.07,0.046101279,0,0,0,0,1
7.6,8.76,4.96,21.29,-0.223019457,0,0,0,0,0
215,203,240,658,-0.263736303,1,1,1,1,0
13.2,2.1,4.35,19.7,0.367900258,0,0,0,0,2
13.24,2.07,4.2,19.5,0.221631716,0,0,0,0,1
10.88,1.67,4.02,16.57,-0.01632837,0,0,0,0,0
9.78,1.39,3.77,14.94,0.194635763,0,0,0,0,1
515,316,325,1156,-0.19059317,2,2,2,2,0
579,374,315,1268,-0.03419215,2,2,2,2,0
520,327,315,1162,0.072504977,2,2,2,2,1
1.94,10.26,8.82,21.7,-0.195111851,0,0,0,0,0
1.84,10.28,8.2,20.82,0.3862787908599191,0,0,0,0,2
1.64,10.63,8.17,20.43,-0.067292645,0,0,0,0,0
1.77,12.39,8.53,22.7,0.3396580310289204,0,0,0,0,2
455,323,300,1078,-0.144672557,2,2,2,2,0
8.73,15.61,6.9,31.27,0.2357219895414402,0,0,0,0,1
9.49,15.52,7.05,32.06,0.1521266936410788,0,0,0,0,1
9.83,14.8,7.25,31.88,0.376107013,0,0,0,0,2
433,330,315,1078,-0.282075843,2,2,2,2,0
11.31,9.81,5.97,27.16,0.057377979,0,0,0,0,1
11.54,10.29,6.16,28,-0.112947971,0,0,0,0,0
12.15,9.52,6.02,27.7,0.097367632,0,0,0,0,1
525,306,313,1144,-0.268445234,2,2,2,2,0
13.17,8.8,7.88,29.75,0.2241433440348444,0,0,0,0,1
14.17,8.79,8.73,31.36,-0.126089926,0,0,0,0,0
9.91,8.53,7.76,26.19,0.1920364860779652,0,0,0,0,1
9.32,7.69,7.43,24.45,-0.254677515,0,0,0,0,0
525,306,300,1131,-0.031509084,2,2,2,2,0
285,300,288,873,0.077375466,1,2,2,1,1
235,245,205,685,0.094470075,1,1,1,1,1
18.59,7.07,4.73,30.39,-0.37598143,0,0,0,0,0
18.61,8.08,5.31,31.99,0.026200233,0,0,0,0,1
16.39,7,5.9,29.29,0.1366442470554772,0,0,0,0,1
1.81,15.51,6.7,24.04,0.3610244907823801,0,0,0,0,2
1.64,13.55,6.72,22.21,-0.074060312,0,0,0,0,0
1.26,12.1,5.91,19.26,0.008994768,0,0,0,0,1
550,302,308,1160,-0.186366639,2,2,2,2,0
418,319,315,1052,-0.263939181,2,2,2,2,0
9.07,16.88,12.02,37.94,0.3734817787712349,0,0,0,0,2
9.07,16.49,11.85,37.41,0.7535913605605078,0,0,0,0,2
8.79,16.88,10.5,36.17,0.6172073511205419,0,0,0,0,2
540,382,310,1232,0.1776906264893072,2,2,2,2,1
23.21,11.41,9.37,43.54,0.1754154104055077,0,0,0,0,1
23.34,12.72,9.12,45.19,-0.250822285,0,0,0,0,0
17,9.81,8.85,35.65,0.581290299,0,0,0,0,2
18.43,8.97,9.05,36.45,0.4098732445510377,0,0,0,0,2
0.09,11.64,7.87,19.52,0.3130614442264635,0,0,0,0,2
0.09,11.4,7.21,18.69,1.1393988703450386,0,0,0,0,2
0.22,10.8,6.44,17.45,-0.206980658,0,0,0,0,0
370,244,285,899,-0.465492944,1,2,1,1,0
1.93,6.44,10.73,18.91,0.5699288640422242,0,0,0,0,2
3.51,6.16,10.31,19.97,0.7107242124331729,0,0,0,0,2
6.37,3.49,9.18,19.04,0.1951506547437862,0,0,0,0,1
5.45,4.29,7.81,17.55,-0.251489799,0,0,0,0,0
19.64,9,7.69,36.33,0.9495136772767256,0,0,0,0,2
15.96,8.91,7.23,32.1,-0.065212214,0,0,0,0,0
14.11,8.64,7.41,30.15,-0.277235923,0,0,0,0,0
503,327,310,1140,0.064586853,2,2,2,2,1
505,276,305,1086,0.057964733,2,2,1,2,1
575,372,365,1312,-0.073874784,2,2,2,2,0
0.06,16.69,8.1,24.85,0.019910409,0,0,0,0,1
0.03,15.28,7.98,23.3,0.2780687443163016,0,0,0,0,1
0.01,13.76,7.54,21.32,0.2971552051228176,0,0,0,0,1
505,327,305,1137,0.172832031,2,2,2,2,1
490,304,305,1099,-0.079484941,2,2,2,2,0
255,334,310,899,-0.027501566,1,2,2,1,0
1.69,12.46,14.34,28.48,0.062645756,0,0,0,0,1
1.81,12.49,13.18,27.47,0.5749843544350751,0,0,0,0,2
1.43,11.23,12.39,25.05,0.1087969951551108,0,0,0,0,1
420,352,303,1075,-0.094912467,2,2,2,2,0
4.28,12.16,10.98,27.29,0.3837843037484233,0,0,0,0,2
4.42,12.4,10.81,27.62,0.3678250058374183,0,0,0,0,2
4.1,12.5,10.57,27.17,0.2215344413629665,0,0,0,0,1
3.36,12.39,10.68,26.44,-0.094035213,0,0,0,0,0
6.49,9.06,6.73,22.29,0.3645973090409209,0,0,0,0,2
6.06,9.42,6.82,22.3,0.2305465044931907,0,0,0,0,1
5.51,9.52,6.53,21.56,0.3849299573179155,0,0,0,0,2
308,243,210,761,-0.249935505,1,1,1,1,0
500,300,305,1105,0.019871428,2,2,2,2,1
570,350,340,1260,-0.060812158,2,2,2,2,0
375,325,300,1000,-0.089801308,1,2,2,2,0
12.83,7.81,3.81,24.53,0.2558497100199479,0,0,0,0,1
13.04,6.95,3.79,23.78,0.073339297,0,0,0,0,1
12.11,6.4,3.72,22.22,0.4498855947782506,0,0,0,0,2
293,235,216,744,-0.046555037,1,1,1,1,0
520,330,400,1250,0.211314991,2,2,2,2,1
2.46,8.39,7.36,18.11,0.5052466977255978,0,0,0,0,2
2.36,7.76,7.2,17.32,0.1699357745118544,0,0,0,0,1
2.78,7.05,6.44,16.27,0.3741433437886489,0,0,0,0,2
250,251,215,716,-0.084260933,1,1,1,1,0
3.15,12.99,5.11,21.23,0.3806532309611098,0,0,0,0,2
3.18,13.03,4.95,21.15,0.2140263279903555,0,0,0,0,1
2.87,13.53,4.57,20.98,0.086475917,0,0,0,0,1
6.11,14.41,4.24,24.78,-0.317420802,0,0,0,0,0
2.15,10.52,12.43,25.1,0.5802329301977802,0,0,0,0,2
2.25,10.15,11.59,23.99,-0.02152063,0,0,0,0,0
555,318,257,1130,-0.000444756,2,1,2,2,0
13.54,11.13,6.38,31.05,0.4986388649323275,0,0,0,0,2
13.12,11.2,6.1,30.42,0.2561490795589455,0,0,0,0,1
12.62,11.06,5.79,29.46,0.437407286,0,0,0,0,2
295,259,220,774,-0.2742769,1,1,1,1,0
510,340,300,1150,-0.258358946,2,2,2,2,0
10.81,16.35,6.39,33.62,0.1187150322839352,0,0,0,0,1
11.03,11.97,6.13,29.13,0.1101507877003963,0,0,0,0,1
11.07,9.85,6.2,27.12,0.1742025544587833,0,0,0,0,1
12.36,12.42,6.17,30.95,0.031912591,0,0,0,0,1
9.92,6.51,7.37,23.78,0.1327134083324191,0,0,0,0,1
9.97,7,7.31,24.28,-0.46125371,0,0,0,0,0
9.07,9.18,7.08,25.33,0.3564311986606412,0,0,0,0,2
8.1,9.16,6.27,23.53,0.438310623,0,0,0,0,2
500,300,261,1061,-0.026598392,2,1,2,2,0
1.18,13.05,5.81,19.85,0.6899355627861525,0,0,0,0,2
1.18,12.11,5.45,18.74,0.8476230827822315,0,0,0,0,2
1.1,9.07,4.3,14.46,0.4173076923076923,0,0,0,0,2
2.49,7.16,4.12,13.76,-0.197096437,0,0,0,0,0
515,307,330,1152,0.1093430345075839,2,2,2,2,1
4.26,4.8,6.71,15.73,-0.104538616,0,0,0,0,0
4.47,4.77,5.87,15.12,-0.429221627,0,0,0,0,0
5.12,4.58,5.16,14.87,0.8651645743873857,0,0,0,0,2
4.28,4.22,6.05,14.55,-0.203140574,0,0,0,0,0
1.41,5.86,6.11,13.39,0.6131032132158626,0,0,0,0,2
1.41,6.07,5.87,13.35,0.1972538959732653,0,0,0,0,1
1.57,5.77,5.37,12.71,0.4227186543450633,0,0,0,0,2
435,341,310,1086,-0.180276194,2,2,2,2,0
13.21,10.28,5.93,29.4,0.4028522968907005,0,0,0,0,2
13.62,10.28,5.82,29.72,-0.158065142,0,0,0,0,0
14.42,10.08,5.6,30.1,0.039610193,0,0,0,0,1
700,386,310,1396,0.2924528301886792,2,2,2,2,1
510,301,305,1116,0.005553067,2,2,2,2,1
1.89,11.33,8.22,21.44,0.2760122008771896,0,0,0,0,1
1.72,11.85,8.32,21.89,-0.082913329,0,0,0,0,0
1.56,12.43,8.52,22.5,0.2680666027242791,0,0,0,0,1
1.64,11.67,8.34,21.65,-0.192651796,0,0,0,0,0
1.61,8.11,5.84,15.55,0.5690929027714909,0,0,0,0,2
1.59,7.88,5.81,15.27,0.039291062,0,0,0,0,1
1.59,3.8,5.21,10.6,0.8137743088196034,0,0,0,0,2
540,355,300,1195,-0.279748699,2,2,2,2,0
8.14,9.33,5.94,23.4,0.1530768102552648,0,0,0,0,1
9.02,9.34,4.97,23.33,0.1407727328213773,0,0,0,0,1
9.95,9.76,5.4,25.11,0.00067661,0,0,0,0,1
7.25,18.26,9.03,34.1,-0.29779501,0,0,0,0,0
6.78,17.29,8.88,32.4,0.4093538064937703,0,0,0,0,2
7.14,16.54,8.56,32.22,0.068198096,0,0,0,0,1
5.72,12.55,8.47,26.74,0.1105746536989727,0,0,0,0,1
555,315,300,1170,-0.258977572,2,2,2,2,0
15.39,8.99,8.81,33.01,0.8354083834371808,0,0,0,0,2
14.59,9.09,8.46,32.14,0.2530120662739941,0,0,0,0,1
15.26,9.51,8.36,33.12,0.011804588,0,0,0,0,1
13.82,9.32,8.2,31.34,-0.243623463,0,0,0,0,0
0.17,12.83,8.7,21.7,0.5555075125232114,0,0,0,0,2
0.15,12.61,8.16,20.92,-0.039568354,0,0,0,0,0
0.13,12.09,7.1,19.33,0.3254285539899543,0,0,0,0,2
325,312,310,947,-0.188898427,1,2,2,2,0
4,20.79,12.28,37.07,0.3468916983256964,0,0,0,0,2
4.46,19.57,12.05,36.08,0.1616572980470982,0,0,0,0,1
4.89,17.11,11.72,33.72,0.089997625,0,0,0,0,1
4.05,14.52,11.57,30.15,-0.021352946,0,0,0,0,0
2.51,5.92,4.56,13.04,0.3761261442327461,0,0,0,0,2
2.56,5.58,4.65,12.8,-0.126969148,0,0,0,0,0
2.36,5.03,4.48,11.87,0.059482111,0,0,0,0,1
2.66,4.81,4.66,12.13,0.1020694684257298,0,0,0,0,1
210,200,305,715,0.044025934,1,2,1,1,1
12.84,17.85,8.29,38.98,-0.000688666,0,0,0,0,0
500,300,300,1100,0.097691406,2,2,2,2,1
510,268,300,1078,-0.190755507,2,2,1,2,0
200,200,200,600,-0.253735026,1,1,1,1,0
507,328,315,1150,-0.356908915,2,2,2,2,0
2.01,13.02,10.39,25.42,-0.150327948,0,0,0,0,0
480,308,300,1088,-0.121186621,2,2,2,2,0
5.39,17.81,8.15,31.47,0.4629824181459777,0,0,0,0,2
4.64,16.47,7.88,28.98,0.092364093,0,0,0,0,1
4.7,16.42,7.89,29.01,-0.200972984,0,0,0,0,0
4.81,16.39,8.05,29.26,0.024780759,0,0,0,0,1
2.06,9.33,5.14,16.72,0.9706426610053244,0,0,0,0,2
1.95,8.3,5.16,15.41,0.37121323,0,0,0,0,2
1.99,7.63,5.34,14.95,0.3112005531927198,0,0,0,0,2
2.13,7.58,5.06,14.77,0.026528712,0,0,0,0,1
2.14,7.6,5.63,15.35,0.3805110107447169,0,0,0,0,2
2.08,7.36,5.49,14.92,0.1134844101854972,0,0,0,0,1
2.03,7.19,5.39,14.61,0.1115665413867267,0,0,0,0,1
1.94,7.35,5.33,14.61,-0.173018626,0,0,0,0,0
527,332,280,1139,-0.141917627,2,2,2,2,0
4.8,13.6,7.59,25.99,0.7095589604330508,0,0,0,0,2
4.27,14.36,7.72,26.35,-0.136411015,0,0,0,0,0
3.49,13.38,7.47,24.33,0.1485833125451698,0,0,0,0,1
1.66,6.82,5.74,14.19,-0.188139725,0,0,0,0,0
1.68,6.9,5.86,14.46,0.1443299005271318,0,0,0,0,1
1.16,7.46,5.05,13.66,0.2671659586141064,0,0,0,0,1
483,310,300,1093,-0.177273761,2,2,2,2,0
2.34,5.42,4.65,12.91,0.3381626034447696,0,0,0,0,2
1.99,4.68,5.27,11.93,0.2943185287703501,0,0,0,0,1
2.79,4.25,5.26,12.3,0.5985155832253808,0,0,0,0,2
550,415,315,1280,-0.228473372,2,2,2,2,0
2.84,12.56,9.01,24.03,-0.116047515,0,0,0,0,0
2.85,12.34,8.84,23.72,0.350476554,0,0,0,0,2
2.96,11.72,8.64,23.32,0.2373518698626665,0,0,0,0,1
2.14,11.76,6.36,20.25,0.2914751509518856,0,0,0,0,1
510,325,310,1145,-0.295477576,2,2,2,2,0
1.55,9.07,12.95,23.58,0.165631113,0,0,0,0,1
1.55,9.16,12.09,22.8,0.020724191,0,0,0,0,1
1.44,8.7,11.02,21.16,0.1123514701299715,0,0,0,0,1
1.08,8.2,10.53,19.79,0.1741015016760669,0,0,0,0,1
500,300,200,1000,-0.042458612,2,1,2,2,0
2.8,17.62,10.38,31.03,0.3666448660232485,0,0,0,0,2
2.77,17.34,11.12,31.22,7.311778212336737,0,0,0,0,2
2.87,17.31,10.86,31.04,0.4688516345902458,0,0,0,0,2
555,160,278,993,-0.141799172,2,2,1,2,0
14.94,13.61,14.67,42.77,-0.34171598,0,0,0,0,0
14.28,14.25,13.28,41.72,0.7164404099562451,0,0,0,0,2
15.3,15.55,12.96,43.81,-0.292490106,0,0,0,0,0
12.66,13.47,10.03,36.16,0.3502711005640425,0,0,0,0,2
530,374,340,1244,0.098641804,2,2,2,2,1
700,389,320,1409,-0.261153811,2,2,2,2,0
225,307,310,842,-0.219859706,1,2,2,1,0
6.77,5,7.25,18.97,0.3830313748561699,0,0,0,0,2
6.59,5.22,6.33,18.14,0.2710446734030807,0,0,0,0,1
6.97,5.38,5.8,18.14,0.1450181909603117,0,0,0,0,1
8.81,5.03,6.32,20.16,-0.080288121,0,0,0,0,0
10.29,19.16,7.44,37.36,-0.191739887,0,0,0,0,0
10.6,19.61,7.36,37.85,-0.014800132,0,0,0,0,0
10.99,19.99,7.19,38.18,0.07280805,0,0,0,0,1
9.8,18.25,7.34,35.39,0.602989975,0,0,0,0,2
500,300,200,1000,-0.114422027,2,1,2,2,0
400,306,305,1011,-0.245297428,1,2,2,2,0
205,203,221,629,0.010297804,1,1,1,1,1
5.74,6.91,6.06,18.73,0.1901120990156921,0,0,0,0,1
4.76,5.57,5.84,16.17,-0.177440083,0,0,0,0,0
3.77,4.23,5.17,13.17,0.5610200677096383,0,0,0,0,2
3.2,3.83,5.28,12.31,-0.040972669,0,0,0,0,0
3.33,21.49,9.65,34.48,-0.059071112,0,0,0,0,0
3.45,19.39,8.72,31.57,0.1612755011718141,0,0,0,0,1
205,242,200,647,0.004713516,1,1,1,1,1
0.03,15.1,6.01,20.94,0.1999184121890939,0,0,0,0,1
0.03,14.9,5.95,20.88,0.1928701937904544,0,0,0,0,1
0.03,15.16,5.79,20.99,0.428766531,0,0,0,0,2
0.03,11.59,5.89,17.51,0.069640015,0,0,0,0,1
290,257,245,792,-0.027798591,1,1,1,1,0
5.53,9.35,6.18,21.06,0.4309992646140279,0,0,0,0,2
5.6,9.35,5.89,20.84,0.272802875,0,0,0,0,1
4.92,9.45,5.36,19.72,-0.124062382,0,0,0,0,0
472,318,300,1090,-0.006571453,2,2,2,2,0
1.54,13.15,12.08,26.78,-0.216579802,0,0,0,0,0
336,317,300,953,-0.060092772,1,2,2,2,0
504,368,310,1182,-0.021745177,2,2,2,2,0
505,301,300,1106,-0.237655998,2,2,2,2,0
18.96,8.76,5.57,34.3,0.2686264144274313,0,0,0,0,1
21.93,9.9,5.41,37.25,-0.40219802,0,0,0,0,0
608,307,330,1245,0.3833772610635705,2,2,2,2,2
18.95,4.93,8.9,33.2,0.4768205691606564,0,0,0,0,2
19.61,4.85,8.83,33.29,0.022827569,0,0,0,0,1
15.18,5.17,8.59,28.93,0.3928739416985896,0,0,0,0,2
15.61,4.56,8.98,29.15,-0.161372316,0,0,0,0,0
540,326,325,1191,-0.014513458,2,2,2,2,0
0.11,15,6.73,22.01,0.3950489685244235,0,0,0,0,2
0.11,14.58,6.74,21.43,0.3906082397870515,0,0,0,0,2
0.11,14.69,6.46,21.25,0.1017822206300322,0,0,0,0,1
615,366,300,1281,-0.063076519,2,2,2,2,0
548,354,325,1227,-0.146998296,2,2,2,2,0
0.16,18.09,7.9,26.16,0.1047333780924466,0,0,0,0,1
0.16,18.04,7.85,26.08,0.3581662913571997,0,0,0,0,2
0.15,17.22,7.5,24.88,-0.076961865,0,0,0,0,0
0.52,15.88,7.41,23.82,0.3186646889912595,0,0,0,0,2
4.84,4.67,4.95,14.38,-0.004825901,0,0,0,0,0
4.8,4.45,4.57,13.82,-0.154482743,0,0,0,0,0
3.4,4.03,4.71,12.14,0.043691291,0,0,0,0,1
2.75,4.28,5.38,12.4,0.1817296063230966,0,0,0,0,1
500,300,200,1000,-0.194117667,2,1,2,2,0
1.97,11.33,6.37,19.67,-0.04284785,0,0,0,0,0
1.71,10.2,6.14,18.05,-0.118724561,0,0,0,0,0
3.16,9.04,5.63,17.83,0.033800694,0,0,0,0,1
607,311,320,1238,-0.037664638,2,2,2,2,0
270,292,235,797,-0.206452766,1,1,2,1,0
2.63,10.04,4.5,17.49,-0.122619021,0,0,0,0,0
2.38,10.59,4.51,17.48,-0.327260427,0,0,0,0,0
1.89,11.04,4.67,17.6,0.2984815092109229,0,0,0,0,1
2.1,11.52,4.73,18.35,-0.142556395,0,0,0,0,0
3.16,9.26,7.09,19.65,-0.540802382,0,0,0,0,0
3.01,7.75,7.39,18.25,0.7557399319960327,0,0,0,0,2
2.53,4.39,5.69,12.61,0.1867151624946467,0,0,0,0,1
2.01,4.07,5.62,11.7,-0.295209123,0,0,0,0,0
18.46,10.5,5.74,34.46,0.042601262,0,0,0,0,1
17.19,9.94,5.7,32.84,0.3345391772883171,0,0,0,0,2
17.43,9.59,5.6,32.62,-0.004004359,0,0,0,0,0
17.85,9.24,5.26,32.36,0.053963098,0,0,0,0,1
635,438,300,1373,0.06260943,2,2,2,2,1
437,326,300,1063,0.1145542560083251,2,2,2,2,1
1.16,14.57,15.3,31.07,0.1816384950470106,0,0,0,0,1
1.15,14.17,15.41,30.72,-0.439554296,0,0,0,0,0
1.24,14.89,15.4,31.53,0.5824538266874311,0,0,0,0,2
1.94,15.4,15.51,32.84,-0.052728425,0,0,0,0,0
500,301,300,1101,-0.276379985,2,2,2,2,0
613,408,285,1306,-0.043911801,2,2,2,2,0
15.42,13.17,3.36,32,0.088073401,0,0,0,0,1
13.77,10.26,3.33,27.36,-0.162489608,0,0,0,0,0
9,8.52,3.22,20.75,0.2827587139997336,0,0,0,0,1
9.53,9.79,3.16,22.49,0.3593571220276119,0,0,0,0,2
3.47,19.64,8.07,30.14,0.2968135871824777,0,0,0,0,1
3.7,17.6,7.34,28.66,0.2127712700342239,0,0,0,0,1
3.36,17.22,6.83,27.41,0.002702698,0,0,0,0,1
4.4,15.79,6.31,26.49,0.090833346,0,0,0,0,1
2.02,10.89,16.47,29.32,0.4227865460834829,0,0,0,0,2
1.72,10.62,15.62,27.96,-0.044179068,0,0,0,0,0
2,8.15,14.57,24.73,0.2387610751183078,0,0,0,0,1
360,294,300,954,0.237364034,1,2,2,2,1
555,324,305,1184,0.1185036063587851,2,2,2,2,1
540,330,305,1175,-0.182545307,2,2,2,2,0
700,340,300,1340,-0.037394432,2,2,2,2,0
3.6,13.9,10.58,28.07,0.4435550885921776,0,0,0,0,2
3.61,11.88,11.4,26.89,-0.205758104,0,0,0,0,0
3.78,11.69,11.54,27,-0.248431288,0,0,0,0,0
3.55,11.98,10.94,26.47,-0.140583229,0,0,0,0,0
223,201,205,629,0.098728825,1,1,1,1,1
18.52,10.29,8.46,37.42,-0.186470977,0,0,0,0,0
18.64,10.16,8.46,37.27,0.036080184,0,0,0,0,1
16.14,9.91,8.01,34.06,0.476236369,0,0,0,0,2
18.75,10.06,8.13,36.93,0.434193328,0,0,0,0,2
530,318,305,1153,-0.119504753,2,2,2,2,0
2.82,9.81,5.48,18.14,0.1990564908430432,0,0,0,0,1
2.94,9.56,5.37,17.86,0.2858766574849183,0,0,0,0,1
3.53,7.81,5.11,16.45,0.175340582,0,0,0,0,1
374,254,210,838,-0.300058231,1,1,1,1,0
4.1,10.86,5.39,20.36,0.1058294808058133,0,0,0,0,1
3.35,10.55,4.58,18.48,0.075916709,0,0,0,0,1
3.82,12.39,4.5,20.72,0.2737112904615276,0,0,0,0,1
4.25,12.13,4.74,21.12,-0.111360046,0,0,0,0,0
3.8,18.2,12.41,34.25,0.4543334285203789,0,0,0,0,2
4.3,18.72,11.08,34.1,0.027403683,0,0,0,0,1
4.74,17.84,10.35,32.94,-0.183914709,0,0,0,0,0
520,330,310,1160,0.019081265,2,2,2,2,1
320,317,300,937,-0.335089884,1,2,2,1,0
200,200,200,600,-0.015028223,1,1,1,1,0
2.72,13.98,11.49,28.19,0.2533131099976748,0,0,0,0,1
1.98,9.39,10.63,21.99,0.4700602336102168,0,0,0,0,2
520,348,310,1178,-0.226959395,2,2,2,2,0
