environment_score,social_score,governance_score,esg_momentum,Annual_Return,Optimized_Return
0.9653644784534838,0.5911602209944751,0.7082018927444795,0.3808411214953272,0.0216137082096378,0.366444862029201
0.9653644784534838,0.5901557006529381,0.7531545741324925,0.3896028037383178,0.0312410717160228,0.23323156472769302
0.9931534434152238,0.6780512305374184,0.550473186,0.8171728971962617,0.03441289,0.40121958510517103
0.9742247281514298,0.7197388247112002,0.543375394,0.3732476635514019,0.049903841,0.5085674022175913
0.9617398308497788,0.2079357106981414,0.2602523659305995,0.3107476635514019,0.022673927,0.28162784914757727
0.9742247281514298,0.2104470115519838,0.3753943217665614,0.463785046728972,0.0273447741251423,0.37558797930681326
0.8650825614176401,0.2677046710195878,0.3730283911671925,0.3954439252336449,0.0219082130363385,0.28475018006264513
0.8787756745871931,0.2767453540934201,0.4290220820189274,0.4293224299065421,0.0284344410709702,0.3342935932078471
0.9613370922271448,0.6559517830236063,0.7870662460567823,0.3796728971962617,0.0416076407029249,0.3620628393102962
0.9617398308497788,0.6574585635359114,0.7610410094637228,0.3405373831775701,0.0377054517491397,0.2788110267122336
0.9697946033024568,0.733802109,0.777602524,0.4702102803738318,0.058191207,0.33704280427764477
0.982279500604108,0.6594676042189853,0.8509463722397479,0.3639018691588785,0.094792266,0.4592916051399869
0.9810712847362064,0.780512305,0.8753943217665618,0.5146028037383178,0.1392359907542304,0.3963578436255818
0.9432138542086188,0.7709693621295832,0.8832807570977925,0.2973130841121496,0.1625107068549864,0.5061530920549915
0.3604510672573502,0.3857358111501756,0.8249211356466879,0.4567757009345795,0.009880637,0.4872161482076924
0.3596455900120823,0.3867403314917128,0.8667192429022084,0.3884345794392524,0.010987975,0.5026201277168783
0.9975835682641968,0.6443997990959316,0.7350157728706628,0.431658879,0.034627877,0.2892327317934885
0.9975835682641968,0.6850828729281768,0.7760252365930604,0.4351635514018692,0.0464610834865067,0.32973528247754696
0.9895287958115186,0.7081868407835259,0.812302839,0.3995327102803739,0.0460605567454908,0.420514235391748
0.9488521949254936,0.4229030637870417,0.8186119873817037,0.3785046728971963,0.051617861,0.4222170102670542
0.9452275473217884,0.6012054244098444,0.8722397476340698,0.5992990654205608,0.083721831,0.47239578262843834
0.8904550946435765,0.6358613761928678,0.8864353312302842,0.32885514,0.079857929,0.49891292604786774
0.388240032,0.6438975389251631,0.8059936908517353,0.8154205607476637,0.0223882573410443,0.5011728222264175
0.2150624244865082,0.5705675539929684,0.8328075709779181,0.2505841121495327,0.0203149430930715,0.3737869791870012
0.3491743858236007,0.6981416373681566,0.8138801261829656,0.6863317757009346,0.0223970921265495,0.47343436086503937
0.9045509464357632,0.6685082872928176,0.2231861198738167,0.3925233644859813,0.009020682,0.5412487090913176
0.9814740233588404,0.6996484178804621,0.494479495268139,0.7061915887850468,0.0134618156402724,0.3771312983474934
0.9238824,0.4218985434455047,0.0,0.3119158878504673,0.011544589,0.4357474722134675
0.9222714458316554,0.4384731290808636,0.075709779,0.4304906542056075,0.007235984,0.43291713887883554
0.9464357631896902,0.5349070818684079,0.2129337539432181,0.4153037383177571,0.035208052,0.44586697940072295
0.9955698751510272,0.509794073,0.1876971608832804,0.3452102803738318,0.0174729710648167,0.5372837823813792
0.9947643979057592,0.5047714716223004,0.1798107255520502,0.3446261682242991,0.024429176,0.5329562724830765
0.9206604913411198,0.4861878453038672,0.6482649842271297,0.3539719626168225,0.0272947065964752,0.41465879385782345
0.9226741844542894,0.5444500251130084,0.6616719242902209,0.4380841121495328,0.0309082820570139,0.43560760120371506
0.2194925493354815,0.6167754897036661,0.5630914826498423,0.227803738317757,0.017685015,0.5143679926287564
0.2315747080144987,0.6137619286790557,0.5575709779179814,0.3674065420560748,0.0412512923953585,0.477069789015728
0.9991945227547324,0.3244600703164237,0.7160883280757098,0.471962617,0.06701163,0.5911672080288017
0.9991945227547324,0.4023103967855348,0.7365930599369088,0.4632009345794393,0.063053484,0.47023543215630514
0.9037454691904956,0.5600200904068307,0.2452681388012618,0.5075934579439253,0.0517003223803311,0.35366812244567514
0.8908578332662105,0.6911099949773982,0.2657728706624609,0.5064252336448599,0.085907061,0.5606631014357275
0.7664115988723319,0.7287795077850325,0.8075709779179814,0.3592289719626169,0.063595372,0.2984406565284548
0.8501812323801854,0.8744349573078853,0.8627760252365935,0.6892523364485983,0.060974281,0.453175206550806
0.9033427305678616,0.8895027624309391,0.854100946,0.44567757,0.080641313,0.42266922489989067
0.7692307692307694,0.3882471120040178,0.3974763406940065,0.5449766355140188,0.555274128,0.325855335361073
0.7813129279097868,0.4148669010547463,0.4818611987381702,0.4684579439252337,0.934778901,0.30767195378076034
0.770438985,0.3299849321948769,0.4716088328075711,0.2353971962616823,1.0,0.4136128624527483
0.9625453080950466,0.5891511803114011,0.8556782334384865,0.3890186915887851,0.072751526,0.4381660569542894
0.954893274,0.6142641888498241,0.8643533123028395,0.3820093457943926,0.1016365645653755,0.46191549158899664
0.9657672170761178,0.6966348568558516,0.8604100946372242,0.4661214953271029,0.1127747302786867,0.4053905733240964
0.5892066049134113,0.4038171772978403,0.6403785488958995,0.0,0.0103695149599143,0.4909183235773012
0.7136528393072898,0.4942240080361626,0.7452681388012623,0.7207943925233646,0.0209127875290331,0.6671535896409686
0.7567458719291182,0.9909593169261676,0.961356466876972,0.3849299065420561,0.075287217,0.3841218710156886
0.7611759967780913,1.0,0.9660883280757102,0.3779205607476636,0.083418491,0.37540327659354045
0.8405155054369715,0.7438473129080863,0.7113564668769721,0.4824766355140187,0.024664778,0.3458380476977703
0.8485702778896498,0.8277247614264187,0.8288643533123032,0.5537383177570094,0.034442338,0.39483993014350205
0.4228755537656063,0.3340030135610246,0.7247634069400632,0.5216121495327104,0.0288084612290143,0.42286045296792896
0.459927507047926,0.406830738,0.716876972,0.490070093,0.023993308,0.3510942158628345
0.4305275875956504,0.4088397790055247,0.7302839116719246,0.3271028037383178,0.0272269717232543,0.4558393135368937
0.8578332662102299,0.8789552988448017,0.8059936908517353,0.3738317757009346,0.046131235,0.47662193892490906
0.8590414820781314,0.8859869412355601,0.8272870662460572,0.383177570093458,0.0573342011581905,0.48583716082693706
0.639548933,0.6293319939728779,0.6261829652996846,0.3907710280373832,0.1215303620160537,0.4596940676796453
0.4857027788964962,0.975891512,0.9164037854889596,0.3866822429906543,0.0343834376868113,0.5700429895050835
0.5094643576318971,0.96735308890005,0.933753943,0.3948598130841122,0.041036301,0.5918382790492271
0.5183246073298431,0.566047212,0.777602524,0.2827102803738318,0.0225355097543947,0.3313186333539889
0.4857027788964962,0.5590155700652937,0.7570977917981079,0.2867990654205608,0.022444212,0.30064486180499334
0.4675795408779704,0.5750878955298844,0.8154574132492116,0.3931074766355141,0.040547426,0.3885010868483226
0.9979863068868304,0.4746358613761929,0.4708201892744483,0.4579439252336449,0.033364451,0.7056575366736549
0.9983890455094644,0.5534907081868408,0.5070977917981074,0.4766355140186916,0.0310643692617595,0.7375829467813823
0.8973016512283529,0.2184831742842792,0.5354889589905363,0.3808411214953272,0.0215901495316297,0.37017802455471105
0.8993153443415225,0.2626820693119034,0.5220820189274451,0.4018691588785047,0.0198967467781003,0.29628890363747534
0.8634716069271045,0.136112506,0.3682965299684544,0.25,0.059534795,0.4920341863601841
0.8630688683044705,0.147162230035158,0.4100946372239753,0.4007009345794393,0.074607694,0.4541592224524933
0.8574305275875957,0.2521346057257658,0.494479495268139,0.5338785046728973,0.068332592,0.18985727265853106
0.9991945227547324,0.2958312405826218,0.6159305993690851,0.3668224299065421,0.082956117,0.5009104556577617
0.9995972613773664,0.3284781516825714,0.6545741324921139,0.4246495327102804,0.067850966,0.5431077291939933
0.9995972613773664,0.4078352586639879,0.6324921135646693,0.4334112149532711,0.068201427,0.5056549173548445
0.9113975030205396,0.527373179,0.4353312302839121,0.4485981308411215,0.011297204,0.5445565673222243
0.920257752718486,0.5891511803114011,0.4053627760252367,0.4199766355140187,0.008578925,0.5402335314683393
0.8441401530406767,0.592164741,0.7641955835962149,0.3966121495327103,0.6072748656012072,0.27270515007464324
0.8441401530406767,0.5781014565544953,0.751577287,0.3317757009345795,0.6336330475909263,0.25041195613466655
0.9387837293596456,0.2079357106981414,0.4416403785488962,0.1682242990654206,0.0143571105814421,0.42492708299290133
0.9452275473217884,0.2722250125565042,0.3832807570977921,0.3983644859813084,0.0149549550203488,0.3077318465488053
0.9991945227547324,0.3008538422903062,0.657728707,0.6723130841121496,0.0143777258309597,0.5375294490591426
0.8864277084172374,0.4183827222501253,0.4353312302839121,0.7651869158878506,0.009000067,0.4333887557381253
0.7829238824003224,0.5198392767453541,0.6545741324921139,0.3925233644859813,0.009244507,0.4115901038531732
0.8014498590414822,0.5851330989452537,0.6805993690851735,0.4795560747663552,0.007509873,0.3952420944302482
0.8465565847764802,0.8086388749372175,0.8257097791798111,0.3785046728971963,0.0362299841871454,0.43163877398128436
0.8513894482480873,0.811652436,0.8485804416403786,0.3849299065420561,0.023047948,0.4578016562355156
0.6028997180829643,0.2958312405826218,0.8028391167192432,0.2879672897196262,0.006205217,0.5649170103678394
0.5585984695932342,0.2420894023103967,0.8588328075709781,0.272196261682243,0.006900248,0.5774328439033058
0.5291985501409586,0.2405826217980913,0.873028391,0.3235981308411215,0.006331854,0.5501190494837517
0.9081755940394688,0.6524359618282269,0.8446372239747637,0.401285046728972,0.0110527660665636,0.44441326152543964
0.901731776,0.7945755901557008,0.8935331230283912,0.5496495327102804,0.0118891598215145,0.4307785262781967
0.93717277486911,0.5258663987945755,0.3477917981072553,0.334696261682243,0.042249664,0.5502596278703961
0.9351590817559404,0.4977398292315418,0.3911671924290223,0.3539719626168225,0.040397226,0.5036972303865582
0.9339508658880388,0.4776494224008034,0.407728706624606,0.3446261682242991,0.0526810239833533,0.4769136898560838
0.8968989126057192,0.7031642390758415,0.5410094637223977,0.5268691588785048,0.023575111,0.5456533113643752
0.8856222311719695,0.6911099949773982,0.5244479495268144,0.3148364485981309,0.034133111,0.4569356827020536
0.9335481272654048,0.9266700150678052,0.966876972,0.3218457943925234,0.0144071758630374,0.5809076236522881
0.9146194120016112,0.9286790557508788,0.9723974763406944,0.3364485981308411,0.0138240564416421,0.5577162968853604
0.9492549335481276,0.9397287795077852,0.9936908517350164,0.4363317757009346,0.028304858,0.424572928551454
0.658477648,0.6122551481667502,0.9558359621451108,0.2926401869158879,0.0114120623144344,0.4221691743550666
0.630688683,0.5891511803114011,0.9455835962145116,0.2827102803738318,0.002303027,0.4055278187628414
0.5892066049134113,0.5735811150175789,0.9479495268138804,0.2809579439252337,0.002606368,0.373079090116001
0.9536850583971004,0.5364138623807131,0.8146687697160884,0.419392523364486,0.017340445,0.3491377959681686
0.9544905356423684,0.5695630336514315,0.8335962145110414,0.4112149532710281,0.036282993,0.4117139228623886
0.928312525171164,0.3591160220994476,0.3225552050473186,0.4123831775700935,0.008302091,0.46515108526273885
0.9250906161900928,0.4369663485685586,0.3690851735015772,0.4778037383177571,0.006761831,0.45876916043848437
0.6476037051953283,0.6313410346559518,0.6214511041009465,0.3785046728971963,0.016925192,0.46056263232483935
0.703584374,0.651431441,0.6861198738170353,0.5099299065420562,0.021805137,0.2389637533719657
0.7374144180426905,0.7363134103465594,0.7294952681388018,0.5373831775700936,0.0262551049116273,0.25890040152184796
0.7410390656463957,0.4113510798593671,0.7405362776025242,0.3621495327102804,0.0192223304540111,0.3427540458393763
0.7656061216270642,0.4434957307885483,0.7539432176656153,0.4404205607476636,0.0235044309051847,0.3130063917927233
0.8034635521546518,0.5911602209944751,0.8052050473186121,0.6220794392523366,0.0280780904957166,0.5064223870658284
0.910994764397906,0.569060773,0.6269716088328079,0.3358644859813084,0.1407350192619199,0.4441131183007785
0.8936770036246477,0.5198392767453541,0.6119873817034702,0.2640186915887851,0.1868544859021372,0.4214559074548742
0.776077326,0.4063284781516825,0.637223975,0.073598131,0.1870164599638638,0.5303644203644616
0.9315344341522354,0.5911602209944751,0.042586751,0.3755841121495328,0.02750675,0.43257797209942744
0.928715263793798,0.6067302862882973,0.1033123028391167,0.4164719626168225,0.0211866771091614,0.4641230444035844
0.9267015706806284,0.5911602209944751,0.1869085173501581,0.3983644859813084,0.0296124603777733,0.4838195009686464
0.9178413209826825,0.4645906579608236,0.2507886435331228,0.298481308,0.0174317405687265,0.5630863543092133
0.9323399113975032,0.404821697639377,0.2941640378548893,0.3411214953271029,0.012646037134839,0.5386671955111064
0.9512686266612972,0.5971873430436965,0.5323343848580446,0.3481308411214954,0.009662703,0.4975621790898443
0.924285139,0.569060773,0.5575709779179814,0.3043224299065421,0.0111764575548341,0.4324267623476481
0.8167539267015707,0.4560522350577598,0.6127760252365935,0.1109813084112149,0.0112441946545115,0.49319499389026517
0.8924687877567461,0.6966348568558516,0.7389589905362781,0.3907710280373832,0.0557468203189762,0.2748305609309806
0.9218687072090216,0.7353088900050224,0.7720820189274451,0.4696261682242991,0.0491057355933594,0.31688194646935736
0.9146194120016112,0.7523857358111501,0.7570977917981079,0.3557242990654206,0.062700079,0.266954881782106
0.8385018123238022,0.3244600703164237,0.7728706624605683,0.3919392523364486,0.2490421171860921,0.4533743062333221
0.8405155054369715,0.3294826720241084,0.8012618296529972,0.387266355,0.3847882247779426,0.45616622052610334
0.8614579138139349,0.6117528879959817,0.7531545741324925,0.3603971962616823,0.049111627,0.24593563442253366
0.8336689488521951,0.6604721245605223,0.7783911671924293,0.3925233644859813,0.061495551,0.32274518376158334
0.4559001208215869,0.6087393269713712,0.8272870662460572,0.4141355140186916,0.0144749118377064,0.4131433036677544
0.4857027788964962,0.651431441,0.8288643533123032,0.4515186915887851,0.0138564521522271,0.39161630880966875
0.6057188884414018,0.7739829231541937,0.8138801261829656,0.6629672897196263,0.0153584263178087,0.5189165856286267
0.9959726137736612,0.3545956805625312,0.6758675078864358,0.4258177570093459,0.0206418436303573,0.5314502586907219
0.4442207007652035,0.4786539427423404,0.7681388012618298,0.5543224299065421,0.004237925,0.32612135345755316
0.2839307289569071,0.4665996986438974,0.7878548895899056,0.1255841121495327,0.002585752,0.34979397357896036
0.9979863068868304,0.3947764942240079,0.440851735,0.2505841121495327,0.0190544627940881,0.4237756087605885
0.9979863068868304,0.3882471120040178,0.4873817034700316,0.3843457943925234,0.02511537,0.5271956388519499
0.8755537656061219,0.5263686589653438,0.6971608832807572,0.427570093,0.1015158165262108,0.3863826136989385
0.8864277084172374,0.5243596182822701,0.741324921,0.4036214953271029,0.1204642559864705,0.25357784078602447
0.3749496576721709,0.6705173279758916,0.7263406940063093,0.5975467289719627,0.0155793049378342,0.48022576785055887
0.248086991542489,0.5705675539929684,0.6947949526813884,0.0338785046728972,0.007954575,0.4110172383788352
0.2976238421264601,0.5765946760421898,0.6395899053627763,0.3954439252336449,0.018026639,0.4965692666494234
0.6318968989126059,0.6192867905575086,0.8414826498422716,0.4117990654205608,0.010581559,0.43655448090823934
0.6218284333467581,0.6715218483174286,0.8722397476340698,0.4264018691588785,0.0105933381334388,0.4545636200307491
0.7672170761175998,0.7348066298342539,0.6593059936908521,0.3481308411214954,0.0211218856879913,0.35820174973875635
0.7889649617398311,0.782019086,0.6687697160883284,0.4509345794392524,0.0272416956393176,0.3670414049925085
0.7933950865888042,0.8221998995479658,0.741324921,0.4643691588785048,0.0246618349624702,0.3702167440517694
0.9774466371325012,0.7538925163234556,0.7547318611987386,0.4164719626168225,0.0105609424228537,0.2722107384979592
0.982682239,0.7709693621295832,0.770504732,0.3966121495327103,0.009247451,0.3320030217378842
0.7329842931937176,0.44299347061778,0.9739747634069404,0.3627336448598131,0.003485956,0.44820957735195155
0.7792992347966172,0.5971873430436965,0.9645110410094636,0.596962617,0.004938846,0.42512468265133074
0.7003624647603706,0.6027122049221498,0.9692429022082024,0.2529205607476636,0.007221259,0.39153648928299817
0.7954087797019738,0.4962330487192363,0.6735015772870665,0.4573598130841122,0.09749288,0.3202444008690025
0.8352799033427307,0.5891511803114011,0.6979495268138804,0.5414719626168225,0.1211975701188082,0.3900739743259444
0.9577124446234396,0.4505273731793069,0.6624605678233442,0.3405373831775701,0.019690592,0.42816709857488944
0.955698752,0.5871421396283276,0.796529968,0.6127336448598132,0.022679816,0.4550628923693708
0.2404349577124447,0.4711200401808135,0.4526813880126186,0.4643691588785048,0.03206274,0.3717945691388509
0.2327829238824004,0.4886991461577095,0.4605678233438488,0.3726635514018692,0.0212485228518241,0.5187415267847366
0.1486105517519131,0.5585133098945252,0.4558359621451102,0.3130841121495328,0.0314236655037403,0.5873100991023964
0.9947643979057592,0.5449522852837771,0.5835962145110414,0.3796728971962617,0.0274390155813351,0.4833178299066912
0.9955698751510272,0.5580110497237567,0.570977918,0.3644859813084112,0.0319714446581066,0.4776456982505417
0.9951671365283932,0.4279256654947263,0.6104100946372242,0.2348130841121495,0.044702889,0.4118631294659106
0.8654853,0.3204419889502761,0.5733438485804419,0.7073598130841122,0.0620433304509885,0.44878323196375375
0.9452275473217884,0.6509291813159215,0.7657728706624609,1.0,0.089293866,0.3886032248160438
0.8630688683044705,0.7940733299849323,0.812302839,0.5700934579439253,0.031052589,0.4065027178316206
0.8646798227950063,0.8096433952787545,0.8138801261829656,0.379088785046729,0.0361445752841112,0.4152581161728596
0.8703181635118808,0.8784530386740332,0.7681388012618298,0.4117990654205608,0.0478658682703163,0.4459873335967111
0.8634716069271045,0.6353591160220997,0.7902208201892749,0.463785046728972,0.027795366,0.3495650372060728
0.8634716069271045,0.6921145153189352,0.9124605678233442,0.5140186915887851,0.0378762651081853,0.37198312641424763
0.7901731776077328,0.3214465092918133,0.723974763,0.4082943925233645,0.1080656009858887,0.3979100464918943
0.689488522,0.2265193370165743,0.7121451104100949,0.09228972,0.1592269708513551,0.5188547892348748
0.3640757148610554,0.4932194876946258,0.7476340694006312,0.3837616822429907,0.022906584,0.3656736539994504
0.3805879983890456,0.5419387242591662,0.8201892744479502,0.4918224299065421,0.022721047,0.4578192298894241
0.4168344744260976,0.6338523355097943,0.8872239747634074,0.566588785,0.0267793231497489,0.49336400269280556
0.3052758759565042,0.566047212,0.7271293375394325,0.4071261682242991,0.003896299,0.47321235764632896
0.3217881594844947,0.6318432948267203,0.6529968454258674,0.4030373831775701,0.001051382,0.5203281023926316
0.7507047925896095,0.1707684580612758,0.4100946372239753,0.7809579439252338,0.0609094895776349,0.34530725953919744
0.7615787354007251,0.4093420391762934,0.6001577287066246,0.7914719626168225,0.1016571730707326,0.4919543376422979
0.776077326,0.4902059266700149,0.5962145110410098,0.4696261682242991,0.1496761814713343,0.29795272852923843
0.9323399113975032,0.4912104470115519,0.6403785488958995,0.3177570093457944,0.006991544,0.372049885002042
0.9464357631896902,0.5223505775991963,0.6545741324921139,0.4246495327102804,0.011468018,0.42207129156239614
0.9629480467176804,0.595680563,0.7200315457413251,0.5151869158878506,0.0159739425747974,0.32752655472015013
0.4639548932742652,0.5720743345052739,0.6924290220820191,0.4748831775700936,0.052324671,0.3408867240998692
0.5843737414418044,0.6323455549974888,0.7334384858044167,0.6325934579439254,0.059416348,0.47837418109108437
0.6186065243656869,0.6403817177297841,0.7626182965299688,0.4380841121495328,0.063987064,0.27631870501612893
0.4502617801047122,0.4510296333500752,0.7129337539432181,0.7237149532710281,0.0182062874530613,0.3703932317113254
0.5545710833668951,0.4821697639377198,0.7783911671924293,0.5934579439252338,0.014115616714844,0.4032173797729044
0.5718888441401533,0.5123053741838273,0.7870662460567823,0.4240654205607477,0.0161830407337556,0.2883861150156566
0.5010068465565849,0.7508789552988451,0.6529968454258674,0.4450934579439253,0.019469713430552,0.24422172412263532
0.5243656866693518,0.7905575087895529,0.6782334384858051,0.4561915887850468,0.031532631,0.3380446668645554
0.0,0.4314414866901055,0.5977917981072558,0.2996495327102804,0.0210806551919011,0.5291312729739549
0.2098268223922674,0.509794073,0.5993690851735018,0.754088785,0.0109850300918946,0.28891365280409903
0.7821184051550545,0.8011049723756907,0.8162460567823349,0.2973130841121496,0.1669223834161199,0.39028160478309326
0.8183648811921065,0.7890507282772474,0.8162460567823349,0.3960280373831776,0.2002632813260203,0.41191298504879886
0.8167539267015707,0.8026117528879957,0.7949526813880126,0.3884345794392524,0.0197936682893305,0.38964821362745217
0.8227950060410794,0.8623807132094425,0.8619873817034702,0.4853971962616823,0.0132350467882406,0.3603718955875218
0.883205799,0.9136112506278252,0.8438485804416409,0.4912383177570094,0.0231186280537266,0.36673736254941786
0.79822795,0.7332998493219489,0.8052050473186121,0.3860981308411215,0.024535198,0.37382349432712425
0.7990334273056787,0.7403314917127073,0.8012618296529972,0.3639018691588785,0.031273467,0.3776549411080438
0.7909786548530005,0.726770467,0.8004731861198744,0.3294392523364486,0.0459722044139661,0.3642252222665626
0.8389045509464359,0.567051733,0.8525236593059939,0.3265186915887851,0.0193754719743592,0.4303878103550171
0.8372935964559003,0.6007031642390759,0.8675078864353316,0.405373832,0.0234867590871026,0.44542218513882365
0.8461538461538463,0.6971371170266196,0.8580441640378549,0.4754672897196262,0.034819304,0.3659464983140054
0.167136528393073,0.4404821697639376,0.716876972,0.324766355,0.000188483,0.4159708976052708
0.2686266612968184,0.4686087393269711,0.8130914826498423,0.6086448598130842,0.00429388,0.47311276279734354
0.3072895690696737,0.5479658463083876,0.8257097791798111,0.5151869158878506,0.008517079,0.5156433447097261
0.7917841320982684,0.5615268709191361,0.7760252365930604,0.3621495327102804,0.070866697,0.3222214246962923
0.7873540072492955,0.5961828227021599,0.7886435331230288,0.4007009345794393,0.072445239,0.3473920606573878
0.9496576721707612,0.4369663485685586,0.8178233438485809,0.3107476635514019,0.067792066,0.4071437530613774
0.9492549335481276,0.5047714716223004,0.7973186119873819,0.3796728971962617,0.029839228,0.2974489624698819
0.910994764397906,0.4123556002009039,0.380126183,0.3796728971962617,0.005436559,0.5230322083347844
0.9190495368505842,0.4505273731793069,0.4432176656151423,0.4602803738317758,0.004320386,0.5586242550892988
0.9444220700765208,0.6524359618282269,0.527602524,0.691588785,0.009456549,0.4071022429822274
0.261780104712042,0.4138623807132093,0.6995268138801265,0.2242990654205608,0.0257161605339309,0.34760517899188953
0.2811115585984696,0.3842290306378704,0.6727129337539433,0.3311915887850468,0.029615406,0.4583342640180208
0.3145388642770843,0.5334003013561024,0.6664037854889595,0.574766355,0.028740726,0.442774536062662
0.8505839710028194,0.8181818181818183,0.7018927444794958,0.4427570093457945,0.033196583588613,0.4038848321196064
0.9101892871526382,0.8412857860371674,0.7697160883280758,0.5210280373831777,0.02052993,0.36324931575338437
0.9508658880386632,0.4520341536916124,0.7957413249211358,0.4684579439252337,0.094406466,0.36401506559599256
0.5972613773660895,0.3309894525364139,0.7003154574132493,0.4082943925233645,0.0154130258310564,0.45306988677968346
0.3753523962948049,0.3530889000502257,0.8052050473186121,0.1390186915887851,0.016565896,0.4851583661853184
0.7064035440998793,0.8011049723756907,0.7074132492113567,0.3919392523364486,0.007253653,0.37703718896402844
0.8509867096254531,0.8061275740833751,0.9416403785488964,0.4018691588785047,0.0252920751119619,0.4690974428577569
0.8550140958517922,0.8021094927172276,0.9511041009463724,0.3656542056074767,0.036922068,0.4823924647661318
0.9931534434152238,0.3852335509794073,0.6285488958990539,0.3703271028037384,0.0509817298963696,0.4914835895763062
0.9850986709625452,0.5138121546961325,0.6727129337539433,0.5280373831775702,0.0573283097952857,0.41121824429991505
0.9476439790575916,0.5158211953792065,0.7011041009463725,0.3265186915887851,0.038032352,0.3561764864804557
0.7780910189287156,0.5791059768960318,0.8012618296529972,0.3113317757009346,0.0252626228328124,0.35698845520836847
0.7639951671365286,0.620291311,0.871451104,0.4369158878504673,0.0312881935779627,0.33014900519141266
0.9444220700765208,0.8006027122049222,0.7460567823343851,0.4153037383177571,0.097819776,0.3899381195166235
0.8711236407571488,0.7845303867403315,0.7720820189274451,0.2517523364485982,0.1122534599749794,0.36428900101889733
0.8630688683044705,0.7890507282772474,0.7981072555205051,0.3703271028037384,0.1465573854286382,0.38104623404470495
0.9005235602094241,0.4902059266700149,0.5552050473186121,0.4778037383177571,0.000715647,0.5431942913618215
0.9178413209826825,0.4962330487192363,0.630126183,0.4450934579439253,0.0,0.459274157236182
0.9214659685863876,0.5349070818684079,0.6348580441640381,0.4112149532710281,0.000954196,0.45448914407107316
0.9407974224728152,0.6333500753390253,0.4203470031545739,0.3802570093457945,0.014251089,0.5389936051390664
0.9339508658880388,0.6916122551481667,0.4921135646687697,0.4684579439252337,0.0105226576052709,0.608070387283998
0.9399919452275476,0.7518834756403816,0.5725552050473186,0.4959112149532711,0.0167720503871571,0.5632491403825474
0.6693515908175596,0.6504269211451534,0.9440063091482656,0.4059579439252337,0.029123581,0.4289238232218343
0.6766008860249699,0.6559517830236063,0.9645110410094636,0.3896028037383178,0.0279485076651567,0.42893562195084656
0.815948449,0.1943746860873931,0.3335962145110409,0.4649532710280374,0.0116358854879589,0.35992553242676417
0.821184052,0.3470617780010043,0.3201892744479497,0.5327102803738318,0.017835213,0.39403508837784357
0.5968586387434558,0.50025113,0.8564668769716093,0.4608644859813084,0.009350529,0.27034120885991964
0.5682641965364479,0.5459568056253139,0.8517350157728711,0.3656542056074767,0.009939538,0.38256113152580384
0.8534031413612566,0.7790055248618786,0.8012618296529972,0.3271028037383178,0.0160681840309902,0.39602426765226895
0.8719291180024167,0.7800100452034151,0.8044164037854893,0.3878504672897197,0.0158826445500402,0.39026046303960976
0.9142166733789774,0.7835258663987945,0.7949526813880126,0.4158878504672898,0.0191045280756834,0.37627309824013144
0.8405155054369715,0.8056253139126066,0.8217665615141958,0.3422897196261683,0.001669842,0.42619263645655414
0.8497784937575517,0.7764942240080361,0.8619873817034702,0.3668224299065421,0.000468262,0.4508853084896139
0.6512283527990337,0.5027624309392265,0.7799684542586753,0.365070093,0.038697936,0.2796563721485739
0.608940797,0.5459568056253139,0.8320189274447953,0.3849299065420561,0.040741796,0.3878195658380819
0.9838904550946436,0.5640381717729781,0.6774447949526818,0.3528037383177571,0.0344289777044261,0.42306414266464776
0.98348771647201,0.592164741,0.663249211,0.379088785046729,0.031196744999393,0.45179633656592194
0.9814740233588404,0.729281768,0.6466876971608837,0.5017523364485982,0.036365454,0.47093393849232223
0.7817156665324205,0.4706177800100453,0.2791798107255521,0.6974299065420562,0.074350685,0.47831778204392367
0.8111155859846961,0.6067302862882973,0.3462145110410097,0.6080607476635516,0.1411296546400311,0.4799378345883321
0.8554168344744262,0.7066800602712204,0.4637223974763409,0.625,0.1821365128355468,0.48042370586238636
0.5706806282722514,0.2908086388749371,0.6451104100946372,0.3744158878504673,0.047338707,0.5006649938143081
0.6741844542891664,0.4113510798593671,0.7799684542586753,0.7476635514018692,0.064240338,0.5694799216563288
0.9512686266612972,0.8834756403817177,0.742902208,0.4672897196261683,0.1046081172065689,0.3766108309143448
0.9524768425291988,0.8769462581617278,0.7531545741324925,0.3592289719626169,0.1084690711553951,0.37137545140906136
0.960128876,0.2380713209442491,0.6979495268138804,0.4491822429906543,0.0180855416432981,0.6085671682964271
0.8260169150221508,0.8061275740833751,0.7310725552050479,0.4047897196261683,0.0142186929535969,0.38736013099745004
0.8457511075312125,0.7614264188849824,0.7381703470031549,0.3393691588785047,0.0109290734562297,0.28306149725494556
0.9552960128876362,0.5203415369161224,0.8020504731861204,0.3603971962616823,0.074686425,0.32943079627666416
0.955698752,0.5630336514314416,0.8059936908517353,0.4106308411214954,0.1057684669305815,0.3876257820370223
0.9983890455094644,0.5620291310899046,0.7791798107255521,0.3627336448598131,0.002989224,0.3310408704765535
0.9983890455094644,0.5775991963837268,0.777602524,0.3744158878504673,0.003115861,0.3243444865154797
0.933145389,0.3239578101456555,0.6293375394321767,0.4228971962616823,0.0423645202868816,0.5113061119290084
0.9412001610954492,0.4500251130085382,0.6900630914826502,0.5607476635514019,0.048310573,0.41010841161460454
0.8002416431735806,0.3571069814163736,0.3998422712933758,0.5210280373831777,0.074835637,0.35713164724615365
0.8163511880789369,0.5032646911099949,0.4582018927444795,0.5940420560747665,0.1023227568652236,0.4357570288314468
0.8284333467579543,0.6187845303867405,0.741324921,0.3960280373831776,0.056123786,0.2564754534007702
0.8248086991542489,0.6052235057759923,0.7421135646687698,0.3370327102803739,0.068007053,0.26930084953342276
0.9403946838501815,0.3375188347564037,0.4069400630914828,0.3703271028037384,0.001260481,0.48513803760513224
0.9279097865485302,0.4148669010547463,0.4282334384858042,0.4450934579439253,0.001292876,0.5460383693441601
0.8336689488521951,0.7815168257157206,0.8257097791798111,0.7003504672897197,0.0360120489956103,0.41724111834711936
0.879581152,0.7624309392265194,0.8296529968454265,0.4047897196261683,0.055743872,0.42726096651200907
0.748691099,0.8267202410848817,0.7160883280757098,0.401285046728972,0.00849352,0.41906670825267694
0.6770036246476039,0.9372174786539428,0.7744479495268144,0.4252336448598132,0.009901252,0.4923929553783879
0.7937978252114379,0.8920140632847815,0.8304416403785488,0.5157710280373833,0.01966997680106,0.39521827316897423
0.9629480467176804,0.5851330989452537,0.8367507886435335,0.5443925233644861,0.0468085970321284,0.39397554339607743
0.9484494563028598,0.0,0.347003155,0.4427570093457945,0.039289889,0.49774395162368135
0.9706000805477248,0.065293822,0.5165615141955842,0.5911214953271029,0.042391025,0.41678107546425724
0.9706000805477248,0.2340532395781012,0.5757097791798111,0.5975467289719627,0.046820375,0.43446791574572263
0.9850986709625452,0.5986941235560019,0.7350157728706628,0.3761682242990655,0.002959774,0.2840711722513711
0.9335481272654048,0.6449020592667001,0.715299685,0.3218457943925234,0.00671471,0.3643816161999333
0.9536850583971004,0.4625816172777497,0.5354889589905363,0.4094626168224299,0.037852704,0.5580392918256256
0.9573097060008058,0.2541436464088396,0.4022082018927446,0.02161215,0.033370343,0.5772436175598248
0.955698752,0.244600703,0.3304416403785488,0.2908878504672897,0.043922449,0.16297257125281184
0.519532823,0.3550979407332999,0.7547318611987386,0.9147196261682244,0.005610317,0.520889978463581
0.4812726540475234,0.3445504771471621,0.715299685,0.2605140186915888,0.006381919,0.5387379079939003
0.4385823600483287,0.3410346559517829,0.7200315457413251,0.2949766355140187,0.006944424,0.5397981929837636
0.7535239629480468,0.702661979,0.75,0.3936915887850468,0.027556815715536,0.21967343371249679
0.73983085,0.7177297840281267,0.7634069400630916,0.365070093,0.0500687676135912,0.27276287327068927
0.7249295207410393,0.7262682069311901,0.7791798107255521,0.3574766355140174,0.072969457,0.31823749412971847
0.6834474426097465,0.6986438975389251,0.7034700315457418,0.3440420560747664,0.03630361,0.3726200201439219
0.6737817156665324,0.701657459,0.7105678233438488,0.3522196261682244,0.035587961,0.3568581399279506
0.6286749899315345,0.5871421396283276,0.9148264984227136,0.502336449,0.002497401,0.40582768073949305
0.6560612162706405,0.759919638,0.9479495268138804,0.6226635514018692,0.000294505,0.4899888241699216
0.9959726137736612,0.6273229532898039,0.9203470031545744,0.3837616822429907,0.0237783204823679,0.4826514222923248
0.99718083,0.6664992466097437,0.935331230283912,0.4158878504672898,0.0337060779106712,0.49033746862382804
0.9524768425291988,0.4038171772978403,0.7018927444794958,0.3557242990654206,0.0116299952588977,0.4479992573249805
0.9516713652839308,0.4359618282270214,0.7200315457413251,0.4071261682242991,0.025345086,0.40379434201949144
0.973419250906162,0.6790557508789554,0.7003154574132493,0.5110981308411215,0.0566391695904738,0.38803646429476524
0.9798630688683044,0.5489703666499246,0.6727129337539433,0.1950934579439252,0.084116466,0.38603436976348754
0.815948449,0.7925665494726268,0.9487381703470033,0.3674065420560748,0.006526227,0.43786227137148154
0.8360853805879984,0.8146659969864389,0.9487381703470033,0.4123831775700935,0.0135619473255264,0.4562798670215401
0.7096254530809507,0.2581617277749872,0.6774447949526818,0.4141355140186916,0.1139174104493593,0.39688633507763066
0.7881594844945632,0.2702159718734302,0.6474763406940065,0.4632009345794393,0.097799167,0.35686301368371015
0.7881594844945632,0.2641888498242088,0.6703470031545744,0.3674065420560748,0.1006617453428608,0.41932055359396153
0.8183648811921065,0.7724761426418882,0.741324921,0.3311915887850468,0.084031066,0.31744621546849283
0.8014498590414822,0.8106479156202915,0.8107255520504735,0.4287383177570094,0.1370802132728955,0.40493336529877544
0.8111155859846961,0.8558513309894527,0.8375394321766567,0.4439252336448599,0.2099524973103934,0.4259377693304135
0.5457108336689491,0.3164239075841286,0.7594637223974763,0.302570093,0.009259232,0.5736045285125152
0.9363672976238424,0.6027122049221498,0.604100946,0.4164719626168225,0.0171519618816005,0.5224406492918642
0.9275070479258962,0.6574585635359114,0.5662460567823344,0.3802570093457945,0.013367574,0.5224590478249796
0.9444220700765208,0.6710195881466601,0.5757097791798111,0.4047897196261683,0.007742531,0.54194611535668
0.3584373741441806,0.9236564540431944,0.689274448,0.3860981308411215,0.0239432424667285,0.4699251395711329
0.3419250906161901,0.9196383726770464,0.689274448,0.32885514,0.022597356,0.4414912717336422
0.3302456705598069,0.9573078854846812,0.7744479495268144,0.4474299065420561,0.0237370899862777,0.48647491417417627
0.7688280306081354,0.7117026619789053,0.7791798107255521,0.3674065420560748,0.034471790018336,0.31031886275527437
0.7575513491743859,0.7066800602712204,0.8067823343848581,0.3557242990654206,0.032439706,0.30463867068662603
0.3544099879178415,0.5901557006529381,0.5678233438485809,0.4310747663551402,0.012145378705624,0.4314206935749783
0.3934756343133307,0.5961828227021599,0.5678233438485809,0.4211448598130842,0.0165011042384644,0.4393803124663447
0.6109544905356425,0.5218483174284279,0.7981072555205051,0.2873831775700935,0.0123014670265429,0.3556674184783748
0.6975432944019333,0.5308890005022602,0.8422712933753944,0.526285047,0.013358738276511,0.32645859722639975
0.8993153443415225,0.3626318432948268,0.5260252365930604,0.369158879,0.0300394914929749,0.4829436258849446
0.8989126057188888,0.3661476644902057,0.6395899053627763,0.4450934579439253,0.0304694682454532,0.5160434011905216
0.9049536850583972,0.4173782019085885,0.6466876971608837,0.4310747663551402,0.027547981,0.4743962783007354
0.9101892871526382,0.5062782521346056,0.3044164037854888,0.3685747663551402,0.006214052,0.4992724818799794
0.8960934353604513,0.4460070316423905,0.302050473,0.2651869158878505,0.005047813,0.5628849986690736
0.9061619009262992,0.4108488196885984,0.3951104100946372,0.4001168224299066,0.009695099,0.5266463958198128
0.7764800644381797,0.836263184,0.8738170347003158,0.3306074766355141,0.031229291,0.45070473157284163
0.7732581554571085,0.838774485,0.8777602523659307,0.3586448598130842,0.0359973228707608,0.4419787017821211
0.7813129279097868,0.8407835258663989,0.8998422712933758,0.3878504672897197,0.036386071391891,0.44434391777984555
0.5718888441401533,0.3028628829733799,0.7634069400630916,0.2575934579439253,0.016271391,0.5911230331217463
0.6367297623842127,0.3561024610748367,0.8335962145110414,0.5654205607476637,0.023981527,0.44250699667782056
0.2275473217881596,0.8302360622802611,0.5670347003154577,0.3977803738317758,0.077763995,0.43932400743349287
0.2855416834474427,0.8181818181818183,0.5575709779179814,0.4205607476635514,0.078114457,0.4216022239682524
0.2533225936367298,0.8201908588648918,0.55362776,0.3101635514018692,0.1255915861089988,0.4203111754934858
0.996778091,0.6594676042189853,0.3974763406940065,0.3235981308411215,0.0293002859977325,0.5114093881847394
0.9959726137736612,0.6443997990959316,0.3911671924290223,0.3341121495327103,0.0297302627502108,0.5263744859319612
0.4921465968586389,0.3827222501255649,0.6309148264984232,0.4153037383177571,0.048646309,0.47335959489556106
0.092227145,0.5881466599698641,0.767350158,0.2821261682242991,0.0138652869377323,0.3327786890288752
0.220700765,0.6393771973882472,0.812302839,0.6366822429906542,0.0145338130298152,0.4714544965386372
0.3689085783326622,0.7091913611250629,0.8312302839116721,0.6676401869158879,0.008302091,0.4968230801666166
0.9359645590012085,0.3008538422903062,0.3769716088328074,0.3966121495327103,0.0175430224629386,0.41533142509595034
0.9347563431333066,0.3350075339025615,0.3761829652996846,0.3948598130841122,0.022165736,0.48026910840219117
0.96496173983085,0.4977398292315418,0.4195583596214511,0.6226635514018692,0.019052078839362,0.5302616453372455
0.9838904550946436,0.3385233550979407,0.796529968,0.3364485981308411,0.1251881159100419,0.5288279631695093
0.9355618203785744,0.7925665494726268,0.8241324921135651,0.8358644859813086,0.1717022089754237,0.5514335364715856
0.981876761981474,0.5836263184329482,0.8438485804416409,0.3703271028037384,0.043604383,0.43169027688617195
0.981876761981474,0.6067302862882973,0.8667192429022084,0.401285046728972,0.060411776,0.4496787950267968
0.9673781715666534,0.6539427423405324,0.847003155,0.3767523364485982,0.09488651,0.45799427277980026
0.9440193314538864,0.6348568558513308,0.8170347003154577,0.3825934579439253,0.0301042829082549,0.4101242808732042
0.9182440596053164,0.3957810145655447,0.3075709779179814,0.379088785046729,0.0336501212867865,0.4913600162812712
0.911800241643174,0.4229030637870417,0.3667192429022083,0.423481308,0.042906408,0.48285632086774083
0.9633507853403144,0.8026117528879957,0.7949526813880126,0.401285046728972,0.233395074,0.39365271436158733
0.968989126,0.7774987443495731,0.8146687697160884,0.3510514018691589,0.3381828359525456,0.4288781464969509
0.4917438582360049,0.5128076343545955,0.939274448,0.3545560747663552,0.0136267387466964,0.2536035536338655
0.4953685058397101,0.5133098945253642,0.8966876971608837,0.3317757009345795,0.003289619,0.2560104447384736
0.5179218687072091,0.5560020090406832,0.8935331230283912,0.4375,0.002833136,0.3713923309741575
0.9134111961337092,0.6926167754897037,0.6735015772870665,0.4339953271028038,0.0280545295794719,0.43181580526426105
0.9363672976238424,0.7478653942742342,0.7436908517350158,0.5070093457943926,0.0351786,0.26914846074617155
0.9275070479258962,0.8352586639879456,0.8107255520504735,0.4959112149532711,0.055926468,0.3312564617054291
0.6198147402335885,0.4359618282270214,0.8075709779179814,0.4147196261682244,0.070230566,0.4184129425917882
0.6113572291582763,0.6092415871421393,0.8517350157728711,0.4369158878504673,0.009029518,0.4376743825864084
0.6415626258558196,0.5178302360622802,0.8596214511041014,0.3008177570093459,0.014899,0.36614192932173956
0.6862666129681838,0.5936715218483175,0.8477917981072562,0.5017523364485982,0.014259923449687,0.3564900151392782
0.1574708014498591,0.4942240080361626,0.6253943217665614,0.2757009345794393,0.007727806,0.5416919351055793
0.3052758759565042,0.6147664490205926,0.8115141955835967,0.8498831775700936,0.006991544,0.47057583571922684
0.3052758759565042,0.6147664490205926,0.8186119873817037,0.3627336448598131,0.008952946,0.4860046725602989
0.8888441401530409,0.6549472626820694,0.7610410094637228,0.4702102803738318,0.0154026024924062,0.27291063469715565
0.8952879581151834,0.702661979,0.7720820189274451,0.4304906542056075,0.02351032,0.31198724041539444
0.8981071284736208,0.4113510798593671,0.3730283911671925,0.4170560747663552,0.0210541508353857,0.48662721671925574
0.9101892871526382,0.4445002511300855,0.3951104100946372,0.4299065420560748,0.027983849,0.513724696378065
0.5948449456302862,0.3505775991963835,0.5086750788643535,0.5373831775700936,0.0295918451282557,0.5359539677629038
0.9150221506242452,0.8503264691109993,0.7255520504731865,0.3808411214953272,0.013964683,0.4401501286077185
0.9049536850583972,0.8563535911602211,0.7263406940063093,0.3504672897196262,0.0349209080825752,0.4421926123701267
0.902134515,0.8402812656956304,0.7681388012618298,0.3656542056074767,0.085008816,0.44426446864545954
0.6371325010068467,0.7142139628327473,0.6679810725552056,0.4018691588785047,0.034156668,0.3744817067939752
0.6838501812323803,0.7322953289804119,0.8493690851735018,0.5806074766355142,0.044022579,0.41670309886787005
0.6576721707611761,0.7061778,0.8241324921135651,0.2704439252336449,0.064396426,0.3451480024598021
0.983084978,0.5424409844299347,0.7334384858044167,0.3323598130841122,0.006829567,0.30062909790096665
0.98348771647201,0.5308890005022602,0.7082018927444795,0.3259345794392524,0.0100337796371233,0.3603816754266536
0.983084978,0.5138121546961325,0.716876972,0.3434579439252337,0.0121895548772765,0.3263903480468101
0.9959726137736612,0.6022099447513813,0.70977918,0.4643691588785048,0.021366325,0.35794249175645326
0.9875151026983487,0.5961828227021599,0.7287066246056786,0.3522196261682244,0.0229124755732758,0.3115839139499466
0.9222714458316554,0.6348568558513308,0.3107255520504735,0.3352803738317758,0.012713773109508,0.5412160957422467
0.9154248892468788,0.6850828729281768,0.3943217665615144,0.467873832,0.0105285478343321,0.5647165960166489
0.9174385823600484,0.6233048719236565,0.1916403785488958,0.2938084112149533,0.0181915635605584,0.5230954903678486
0.9218687072090216,0.5620291310899046,0.2768138801261828,0.3557242990654206,0.0249062722605038,0.5236646294476808
0.9311316955296014,0.6433952787543946,0.3848580441640377,0.5455607476635516,0.026340512,0.5442805342922138
0.6858638743455499,0.5911602209944751,0.8564668769716093,0.308411214953271,0.001354722,0.42616519714222484
0.6943213854208621,0.6243093922651934,0.8580441640378549,0.4094626168224299,0.006128645,0.4099907838226421
0.4671768022553364,0.9603214465092916,0.9179810725552056,0.3656542056074767,0.028908594,0.5683270031292609
0.5622231171969392,0.9804118533400304,0.932176656,0.5292056074766356,0.036280049,0.5875718312978803
0.6065243656866695,0.9944751381215472,0.9518927444794958,0.4526869158878505,0.0359443141518399,0.5136819171058488
0.9262988320579946,0.5479658463083876,0.6025236593059939,0.3983644859813084,0.031291137,0.4973607961463956
0.9343536045106728,0.5303867403314917,0.6048895899053632,0.3504672897196262,0.043530757,0.42475463929774404
0.929118002,0.4419889502762431,0.5764984227129339,0.2260514018691589,0.040226412,0.41847656701651254
0.6182037857430529,0.2847815168257157,0.6932176656151423,0.3095794392523365,0.009971933,0.5524004874362327
0.6045106725734999,0.3209442491210446,0.6774447949526818,0.3679906542056075,0.0114768526135411,0.5079748092042411
0.5356423681031013,0.5474635861376194,0.7634069400630916,0.3049065420560748,0.0224265421586272,0.29351487355847994
0.5110753121224327,0.5861376192867906,0.7744479495268144,0.375,0.0168545113793375,0.2985940205343864
0.4297221103503827,0.622802612,0.5607255520504735,0.25,0.031052589,0.3675700081053344
0.6012887635924287,0.6358613761928678,0.637223975,0.6781542056074767,0.0379174956072205,0.530544397128016
0.6250503423278295,0.6780512305374184,0.663249211,0.4602803738317758,0.046543544,0.354510857271627
0.2509061619009263,0.6584630838774483,0.8304416403785488,0.2634345794392524,0.016881016,0.3382272276414061
0.3403141361256547,0.7127071823204418,0.7839116719242907,0.5157710280373833,0.018606814,0.5454906547582937
0.9343536045106728,0.3837267704671019,0.7192429022082023,0.4807242990654206,0.0204268541173295,0.4871627029862862
0.9496576721707612,0.4565544952285283,0.7831230283911674,0.5116822429906542,0.0311055997607948,0.35211885220514366
0.6351188078936771,0.2360622802611753,0.3146687697160883,0.3901869158878505,0.008402223,0.4283371621135327
0.6463954893274266,0.2164741336012052,0.4211356466876972,0.4299065420560748,0.0164009736752738,0.4462059555625899
0.0604107933950868,0.4254143646408839,0.5299684542586753,0.2879672897196262,0.041165883,0.5736079839774766
0.31574708,0.571572074,0.5512618296529972,0.9135514018691592,0.0297214279882661,0.5473868792273724
0.2581554571083366,0.6137619286790557,0.5354889589905363,0.3113317757009346,0.051341026,0.5014874633499439
0.996778091,0.4917127071823204,0.6805993690851735,0.4100467289719627,0.0289174288100566,0.3677433657700853
0.991542489,0.5218483174284279,0.741324921,0.4299065420560748,0.064602578,0.23233212178549253
0.8590414820781314,0.7548970366649925,0.4361198738170349,0.3060747663551402,0.022420653,0.4647000154107438
0.7438582360048331,0.889000502,0.5252365930599372,0.4123831775700935,0.040034986,0.38150822322555555
0.7809101892871528,0.8488196885986943,0.6332807570977921,0.4445093457943926,0.0511407650060791,0.43015104275641014
0.3576318968989127,0.6167754897036661,0.6790220820189274,0.6045560747663552,0.0447735675899582,0.49216704606038947
0.4321385420861861,0.6303365143144148,0.664826498,0.4707943925233645,0.043253922,0.4130636253486036
0.9991945227547324,0.2968357609241585,0.6198738170347005,0.4485981308411215,0.1062543980981584,0.5057420859803998
1.0000000000000002,0.3731793068809641,0.6545741324921139,0.4731308411214954,0.1385056155739099,0.5451759021579002
0.9275070479258962,0.4369663485685586,0.2097791798107255,0.4164719626168225,0.0147625456665369,0.4360976929868717
0.9428111155859848,0.50025113,0.2720820189274451,0.4994158878504673,0.026593786,0.25297402390685
0.8223922674184456,0.4414866901054746,0.3966876971608832,0.3452102803738318,0.042276168,0.5133297749264439
0.8352799033427307,0.4364640883977899,0.4156151419558362,0.3843457943925234,0.0587890512324305,0.48852157448245026
0.8650825614176401,0.4419889502762431,0.4069400630914828,0.4007009345794393,0.07272797,0.48838449143926493
0.7563431333064841,0.5911602209944751,0.7113564668769721,0.3563084112149533,0.056862992,0.35475135260217117
0.7784937575513493,0.5861376192867906,0.7342271293375395,0.4007009345794393,0.068887624,0.27882809513737744
0.4752315747080147,0.7152184831742843,0.9503154574132496,0.3966121495327103,0.0227563883744203,0.511215402370016
0.5126862666129681,0.7428427925665493,0.9558359621451108,0.4480140186915888,0.0238490010134808,0.6220298973505208
0.9053564236810312,0.674535409,0.6813880126182967,0.4094626168224299,0.066649386,0.4264379269223905
0.888441402,0.7101958814665998,0.741324921,0.4188084112149533,0.077475386,0.26411537372064847
0.8723318566250504,0.4098442993470617,0.8588328075709781,0.3627336448598131,0.022615025,0.4472570102754647
0.8848167539267018,0.3847312908086386,0.8888012618296535,0.3685747663551402,0.0266644664440384,0.4636213612317686
0.7543294401933145,0.3405323957810144,0.9148264984227136,0.1360981308411215,0.030663843,0.487853812511478
0.9097865485300044,0.5544952285283777,0.3351735015772874,0.4223130841121496,0.0215577538210447,0.44667295663751533
0.4720096657269435,0.5017579105976895,0.7681388012618298,0.3942757009345795,0.052438548,0.3008504356645944
0.4921465968586389,0.5087895529884479,0.7925867507886442,0.4129672897196262,0.06732282,0.2409570473352635
0.5561820378574307,0.4630838774485184,0.7657728706624609,0.6156542056074767,0.0263817420754601,0.4158019078655095
0.5545710833668951,0.5695630336514315,0.7602523659305995,0.4748831775700936,0.0303546115691933,0.23919061129446909
0.5026178010471205,0.4404821697639376,0.7626182965299688,0.1337616822429907,0.0365892804585766,0.424504682195086
0.5988723318566251,0.7127071823204418,0.6727129337539433,0.3294392523364486,0.008131278,0.3844379794127413
0.6351188078936771,0.6032144650929179,0.690851735,0.2961448598130842,0.0027654,0.41535062710906656
0.6741844542891664,0.6042189854344548,0.7547318611987386,0.4626168224299066,0.005642712,0.228280126221157
0.9528795811518328,0.4560522350577598,0.819400631,0.4334112149532711,0.038376922,0.3612303016931027
0.956101490132904,0.6087393269713712,0.9100946372239752,0.6068925233644861,0.071311398,0.48086239741810427
0.9001208215867904,0.7046710195881465,0.9242902208201896,0.3983644859813084,0.1026467139710739,0.48818112547690257
0.820378574,0.8247112004018082,0.7862776025236595,0.3960280373831776,0.039030723,0.4213317026420374
0.7942005638340719,0.8342541436464086,0.8422712933753944,0.3720794392523365,0.0206889632334453,0.43543524110586435
0.8280306081353204,0.8523355097940732,0.7720820189274451,0.3755841121495328,0.043510144,0.4487836617375558
0.9436165928312524,0.7594173782019085,0.7862776025236595,0.3592289719626169,0.078126239,0.36948094685878047
0.93717277486911,0.7744851833249622,0.8257097791798111,0.3948598130841122,0.094444753,0.43857093552330106
0.4518727345952478,0.5479658463083876,0.7902208201892749,0.3399532710280374,0.0402175775674915,0.3836972835602326
0.4196536447845349,0.5580110497237567,0.8075709779179814,0.3352803738317758,0.032760718,0.41585717742803247
0.9311316955296014,0.4691109994977398,0.5930599369085177,0.3311915887850468,0.0200852296875408,0.40514562039339214
0.9375755134917438,0.4399799095931691,0.5772870662460572,0.3212616822429907,0.017578993,0.4207980169593267
0.9343536045106728,0.4781516825715721,0.5914826498422716,0.4077102803738318,0.0241169992365943,0.5054419606725754
0.9363672976238424,0.6685082872928176,0.7910094637223977,0.3738317757009346,0.0141185612683429,0.3780739681147468
0.9363672976238424,0.8734304369663488,0.8383280757097795,0.6308411214953271,0.0139948697800724,0.48642491544216165
0.6371325010068467,0.595178302,0.8572555205047321,0.3621495327102804,0.060131997,0.44335792261416496
0.5996778091018931,0.5740833751883474,0.8233438485804419,0.2535046728971963,0.070757732,0.3325110414629563
0.7273459524768426,0.1958814665996986,0.5488958990536279,0.4503504672897197,0.0318565879818467,0.3716922974662456
0.7128473620620219,0.2335509794073329,0.5741324921135647,0.3989485981308412,0.045783722,0.3857022443529219
0.7700362464760373,0.4339527875439477,0.5812302839116721,0.6787383177570094,0.046175413,0.4980283298230266
0.4128070881997585,0.6077348066298343,0.5820189274447949,0.4188084112149533,0.032133421,0.45767148643077454
0.3858236004832864,0.5866398794575587,0.5899053627760251,0.2996495327102804,0.040688787,0.4604144249493449
0.4438179621425697,0.5961828227021599,0.6025236593059939,0.4620327102803739,0.0433570001097896,0.3966848384691852
0.9943616592831253,0.4309392265193368,0.605678233,0.4030373831775701,0.006965039,0.5074838115700261
0.9951671365283932,0.4570567553992968,0.689274448,0.4509345794392524,0.006355414,0.39054454683466316
0.8207813129279098,0.081366148,0.2988958990536279,0.4153037383177571,0.058279559,0.40136288612541765
0.8034635521546518,0.2049221496735307,0.3249211356466879,0.4953271028037384,0.066693564,0.2751000479281339
0.8372935964559003,0.3350075339025615,0.3367507886435334,0.566588785,0.075352009,0.44064753608169716
0.8973016512283529,0.784028127,0.8824921135646693,0.369158879,0.0212337989593211,0.48823458076731224
0.9053564236810312,0.811652436,0.8958990536277605,0.4112149532710281,0.0175966625530872,0.4787900118496449
0.8932742650020138,0.8227021597187343,0.88170347,0.3422897196261683,0.019552174,0.500897673714574
0.8135320177204997,0.2370668006027121,0.6277602523659307,0.4953271028037384,0.1077681482247736,0.3990362223602694
0.8111155859846961,0.2395781014565543,0.6269716088328079,0.3563084112149533,0.1150247514839015,0.4293377289063329
0.806685461,0.2410848819688598,0.6143533123028395,0.3434579439252337,0.094880623,0.42099485063626235
0.9218687072090216,0.6474133601205425,0.8422712933753944,0.4228971962616823,0.033429243,0.4282997747874186
0.920257752718486,0.6810647915620289,0.8280757097791804,0.3837616822429907,0.048613913,0.4394911110813059
0.9146194120016112,0.6835760924158714,0.8501577287066246,0.3685747663551402,0.064611413,0.4625850207849537
0.9166331051147808,0.6946258161727772,0.8162460567823349,0.383177570093458,0.0144719672842075,0.4219001534122779
0.9186467982279504,0.7031642390758415,0.8241324921135651,0.3761682242990655,0.015976886,0.4375767397958184
0.9222714458316554,0.6951280763435461,0.8288643533123032,0.356892523364486,0.0185508598084292,0.4368995769096283
0.8284333467579543,0.3430436966348567,0.6403785488958995,0.3364485981308411,0.035302291,0.4841224837034107
0.8598469593233993,0.3922651933701655,0.6600946372239753,0.4748831775700936,0.030001207,0.47398970376155813
0.93274265,0.7177297840281267,0.7870662460567823,0.3446261682242991,0.004232034,0.36306906693196334
0.9536850583971004,0.6896032144650928,0.8509463722397479,0.4024532710280374,0.005934272,0.460328959303315
0.920257752718486,0.8292315419387242,0.8335962145110414,0.3849299065420561,0.005863591,0.46272034054708877
0.8880386629077732,0.8508287292817678,0.8343848580441642,0.3364485981308411,0.008652551,0.4682482730239468
0.8856222311719695,0.4445002511300855,0.5520504731861204,0.3796728971962617,0.0233483414592573,0.506759016653139
0.8811921063229964,0.4756403817177297,0.5678233438485809,0.3989485981308412,0.033161244,0.48326923571702146
0.9142166733789774,0.4736313410346557,0.7476340694006312,0.5362149532710281,0.039796438,0.35215176520352587
0.937978252,0.6042189854344548,0.2957413249211358,0.4024532710280374,0.0367983763527927,0.4948725395099079
0.9424083769633512,0.6273229532898039,0.380126183,0.4532710280373832,0.0362505971984263,0.5418479434394157
0.9569069673781716,0.6524359618282269,0.4187697160883283,0.4363317757009346,0.042170146,0.5822706456397746
0.8888441401530409,0.1933701657458564,0.3722397476340697,0.3323598130841122,0.0216437491744854,0.4172154408837206
0.8848167539267018,0.1948769462581614,0.3927444794952679,0.3685747663551402,0.2112218123772117,0.41218047235439803
0.4252919855014097,0.3485685585133098,0.2018927444794953,0.4398364485981309,0.01201285130684,0.5755662725269964
0.3842126459927508,0.2832747363134102,0.2271293375394321,0.2406542056074767,0.022797619,0.4879099263080871
0.4905356423681031,0.3877448518332496,0.4582018927444795,0.8043224299065421,0.0150020757484452,0.43086101645135877
0.7349979863068872,0.8021094927172276,0.75,0.4088785046728972,0.034460012,0.37744594921054625
0.7196939186467983,0.7940733299849323,0.7917981072555209,0.356892523364486,0.044075593,0.37078970752847845
0.6455900120821587,0.811652436,0.7507886435331232,0.2400700934579439,0.052433641,0.3818966562628725
0.5734997986306889,0.079357107,0.6687697160883284,0.3177570093457944,0.009874747,0.44697010035625806
0.5577929923479663,0.0602712204922148,0.682176656,0.3224299065420561,0.009695099,0.42438120789387
0.6057188884414018,0.1476644902059265,0.6703470031545744,0.5198598130841122,0.009960153,0.46435793252938334
0.8086991542488926,0.7845303867403315,0.7886435331230288,0.5058411214953271,0.009883582,0.26703471981885485
0.8485702778896498,0.8518332496233048,0.8414826498422716,0.5327102803738318,0.007153522,0.37972417572242895
0.8715263793797827,0.8719236564540433,0.8328075709779181,0.4077102803738318,0.0139418588229148,0.4626105577569492
0.8614579138139349,0.090406831,0.5615141955835967,0.5274532710280375,0.035181548,0.4281656600124735
0.9991945227547324,0.3159216474133599,0.7799684542586753,0.3726635514018692,0.082443681,0.5463708205031691
0.9991945227547324,0.3028628829733799,0.7925867507886442,0.3516355140186916,0.099230456,0.581723359333229
0.9991945227547324,0.4821697639377198,0.7847003154574139,0.5601635514018692,0.1442249032548035,0.35948302390888465
0.7748691099476441,0.5946760421898545,0.7847003154574139,0.3703271028037384,0.044540911,0.32689794285474955
0.8022553362867502,0.5896534404821696,0.8264984227129339,0.4223130841121496,0.0591778,0.3973068669482308
0.117196939186468,0.567051733,0.8225552050473186,0.1267523364485981,0.0243172626071023,0.4330557793927157
0.2106322996375351,0.8206931190356603,0.5528391167192432,0.3276869158878505,0.038332748,0.42146615400207516
0.3890455094643577,0.8046207935710701,0.5717665615141958,0.6115654205607477,0.039454811,0.4623868196888449
0.3717277486910995,0.8352586639879456,0.5410094637223977,0.3452102803738318,0.057528570927557,0.4483040927350413
0.9959726137736612,0.3319939728779506,0.7176656151419563,0.3814252336448598,0.040806587,0.5255355436745146
0.9959726137736612,0.3264691109994977,0.7397476340694009,0.3674065420560748,0.05605016,0.5323555943041705
0.9939589206604912,0.1582119537920643,0.630126183,0.3633177570093459,0.044623372,0.5308626944945057
0.9943616592831253,0.1993972877950778,0.657728707,0.4264018691588785,0.063869259,0.5620661461518335
0.9794603302456708,0.2667001506780511,0.664826498,0.419392523364486,0.061837178,0.5790099420251539
0.8070882,0.8407835258663989,0.8888012618296535,0.3948598130841122,0.0129081462509548,0.4463126874111994
0.8634716069271045,0.861878453,0.8777602523659307,0.4556074766355141,0.0101074058437985,0.40584843147548755
0.8896496173983086,0.8493219487694628,0.8249211356466879,0.3417056074766356,0.0115946549948138,0.46385038921077537
0.9315344341522354,0.5519839276745353,0.7649842271293381,0.4521028037383178,0.0136326278536942,0.2560781598238484
0.8731373338703183,0.6102461074836767,0.8052050473186121,0.3703271028037384,0.011744851961663,0.3901681795930107
0.9045509464357632,0.5323957810145656,0.8935331230283912,0.3393691588785047,0.0137003649533716,0.38613008277946587
0.924285139,0.509794073,0.8809148264984232,0.3504672897196262,0.00849352,0.3411234776061077
0.9158276278695128,0.485685585,0.8761829652996846,0.3136682242990655,0.0119274457611607,0.3685692837840733
0.8791784132098268,0.6750376695128075,0.6664037854889595,0.4369158878504673,0.007568773,0.44537639771424165
0.8985098670962546,0.8437970868910099,0.8004731861198744,0.6810747663551403,0.0116830062160553,0.5011018924400383
0.919452275,0.8598694123556001,0.8059936908517353,0.4106308411214954,0.0157177225686245,0.44355765522607066
0.3080950463149419,0.5650426921145155,0.7996845425867511,0.4667056074766356,0.0162036559803282,0.5035948684482583
0.2984293193717278,0.5826217980914112,0.8075709779179814,0.3697429906542057,0.023003771,0.46740033759988
0.2815142972211035,0.6002009040683074,0.8343848580441642,0.3732476635514019,0.0229183646802736,0.4714533134711995
0.9540877970197345,0.3525866398794575,0.033911672,0.375,0.0121306536881127,0.3750040362619045
0.9504631494160292,0.3164239075841286,0.034700315,0.3107476635514019,0.005047813,0.37969598940125515
0.9222714458316554,0.2908086388749371,0.0260252365930599,0.2803738317757009,0.0112412489760041,0.4389062469739334
0.4458316552557391,0.5489703666499246,0.9865930599369088,0.6255841121495328,0.003218938,0.3937595966026719
0.6379379782521146,0.6363636363636362,0.9952681388012624,0.7441588785046731,0.002220566,0.5146167052570775
0.6165928312525173,0.5725765946760424,1.0,0.2558411214953272,0.004105397,0.359538009346462
0.8513894482480873,0.1803114013058764,0.6703470031545744,0.5058411214953271,0.031329424,0.45591101866714573
0.8650825614176401,0.1993972877950778,0.7105678233438488,0.4293224299065421,0.039454811,0.49004877328173074
0.8231977446637133,0.2712204922149674,0.751577287,0.4106308411214954,0.038901141,0.4397116550273088
0.9311316955296014,0.5308890005022602,0.0173501577287065,0.4404205607476636,0.009840387,0.4204896049808329
0.919855014095852,0.6549472626820694,0.1001577287066246,0.5467289719626169,0.009051114,0.4394449409640555
0.8550140958517922,0.4676042189854343,0.3501577287066246,0.4269859813084113,0.0385919141636563,0.4526171513146095
0.8481675392670158,0.4771471622300351,0.3391167192429023,0.3504672897196262,0.0277835856690159,0.4647781289729621
0.8574305275875957,0.4625816172777497,0.3864353312302842,0.3890186915887851,0.022149707,0.48261631426825446
0.2496979460330248,0.5539929683576093,0.5820189274447949,0.3580607476635514,0.0168250613443147,0.5213423175312172
0.3503826016915023,0.5665494726268205,0.6175078864353312,0.5443925233644861,0.00852297,0.4476987210734464
0.2452678211840515,0.5590155700652937,0.6080441640378549,0.1892523364485981,0.0150138562124576,0.511894395081422
0.8819975835682645,0.5841285786037167,0.8257097791798111,0.3714953271028038,0.019817229,0.4215303501431505
0.8582360048328637,0.6720241084881966,0.8462145110410098,0.4404205607476636,0.025660206,0.41076633374057053
0.8654853,0.5344048216976394,0.8880126182965302,0.4667056074766356,0.0263905768668553,0.33928204752764196
0.8465565847764802,0.4419889502762431,0.8943217665615144,0.2272196261682243,0.0274655199260703,0.4636947941832131
0.829238824,0.4550477147162228,0.8753943217665618,0.3335280373831776,0.036509763,0.42000719820482707
0.8272251308900525,0.1240582621798089,0.3753943217665614,0.3755841121495328,0.03896133,0.43482618014349816
0.8095046314941605,0.1682571572074334,0.4329652996845428,0.4258177570093459,0.040093602962896,0.3979612718864631
0.9206604913411198,0.5926670015067805,0.4108832807570977,0.7190420560747665,0.0444790627632574,0.4402481223983357
